[0.000000] (-) TimerEvent: {}
[0.000288] (-) JobUnselected: {'identifier': 'cone_msgs'}
[0.000310] (-) JobUnselected: {'identifier': 'cv_bridge'}
[0.000322] (-) JobUnselected: {'identifier': 'eufs_launcher'}
[0.000332] (-) JobUnselected: {'identifier': 'eufs_models'}
[0.000342] (-) JobUnselected: {'identifier': 'eufs_msgs'}
[0.000353] (-) JobUnselected: {'identifier': 'eufs_plugins'}
[0.000366] (-) JobUnselected: {'identifier': 'eufs_racecar'}
[0.000375] (-) JobUnselected: {'identifier': 'eufs_rqt'}
[0.000385] (-) JobUnselected: {'identifier': 'eufs_sensors'}
[0.000396] (-) JobUnselected: {'identifier': 'eufs_tracks'}
[0.000405] (-) JobUnselected: {'identifier': 'fsd_planner'}
[0.000414] (-) JobUnselected: {'identifier': 'image_geometry'}
[0.000424] (-) JobUnselected: {'identifier': 'my_controller_pkg'}
[0.000434] (-) JobUnselected: {'identifier': 'my_state_estimator'}
[0.000444] (-) JobUnselected: {'identifier': 'opencv_tests'}
[0.000453] (-) JobUnselected: {'identifier': 'perception_pkg'}
[0.000464] (-) JobUnselected: {'identifier': 'vision_opencv'}
[0.000475] (my_slam_pkg) JobQueued: {'identifier': 'my_slam_pkg', 'dependencies': OrderedDict([('eufs_msgs', '/home/alr/Desktop/new_perception/new_eufs_ws/install/eufs_msgs')])}
[0.000723] (my_slam_pkg) JobStarted: {'identifier': 'my_slam_pkg'}
[0.009756] (my_slam_pkg) JobProgress: {'identifier': 'my_slam_pkg', 'progress': 'cmake'}
[0.010231] (my_slam_pkg) JobProgress: {'identifier': 'my_slam_pkg', 'progress': 'build'}
[0.010684] (my_slam_pkg) Command: {'cmd': ['/usr/bin/cmake', '--build', '/home/alr/Desktop/new_perception/new_eufs_ws/build/my_slam_pkg', '--', '-j20', '-l20'], 'cwd': '/home/alr/Desktop/new_perception/new_eufs_ws/build/my_slam_pkg', 'env': OrderedDict([('LESSOPEN', '| /usr/bin/lesspipe %s'), ('LANGUAGE', 'en_IN:en'), ('USER', 'alr'), ('XDG_SESSION_TYPE', 'x11'), ('SHLVL', '1'), ('LD_LIBRARY_PATH', '/home/alr/Desktop/new_perception/new_eufs_ws/install/eufs_msgs/lib:/home/alr/Desktop/new_perception/new_eufs_ws/install/eufs_plugins/lib:/home/alr/Desktop/new_perception/new_eufs_ws/install/image_geometry/lib:/home/alr/Desktop/new_perception/new_eufs_ws/install/eufs_models/lib:/home/alr/Desktop/new_perception/new_eufs_ws/install/cv_bridge/lib:/home/alr/Desktop/new_perception/new_eufs_ws/install/cone_msgs/lib:/usr/lib/x86_64-linux-gnu/gazebo-11/plugins:/opt/ros/humble/opt/rviz_ogre_vendor/lib:/opt/ros/humble/lib/x86_64-linux-gnu:/opt/ros/humble/lib:/usr/local/cuda-12.9/lib64'), ('HOME', '/home/alr'), ('OLDPWD', '/home/alr/Desktop/new_perception/new_eufs_ws'), ('DESKTOP_SESSION', 'ubuntu'), ('EUFS_CLI_HOME', '/home/alr/eufs/eufs_cli'), ('ROS_PYTHON_VERSION', '3'), ('GNOME_SHELL_SESSION_MODE', 'ubuntu'), ('GTK_MODULES', 'gail:atk-bridge'), ('SYSTEMD_EXEC_PID', '3662'), ('DBUS_SESSION_BUS_ADDRESS', 'unix:path=/run/user/1000/bus'), ('COLORTERM', 'truecolor'), ('COLCON_PREFIX_PATH', '/home/alr/Desktop/new_perception/new_eufs_ws/install'), ('ROS_DISTRO', 'humble'), ('GTK_IM_MODULE', 'ibus'), ('LOGNAME', 'alr'), ('EUFS_MASTER', '/home/alr/eufs/eufs-master'), ('_', '/usr/bin/colcon'), ('ROS_VERSION', '2'), ('XDG_SESSION_CLASS', 'user'), ('USERNAME', 'alr'), ('TERM', 'xterm-256color'), ('GNOME_DESKTOP_SESSION_ID', 'this-is-deprecated'), ('ROS_LOCALHOST_ONLY', '0'), ('WINDOWPATH', '2'), ('PATH', '/opt/ros/humble/bin:/usr/local/cuda-12.9/bin:/home/alr/.local/bin:/usr/local/sbin:/usr/local/bin:/usr/sbin:/usr/bin:/sbin:/bin:/usr/games:/usr/local/games:/snap/bin:/snap/bin:/home/alr/.local/bin'), ('SESSION_MANAGER', 'local/alr-ROG-Strix-G614JU-G614JUC4:@/tmp/.ICE-unix/2047,unix/alr-ROG-Strix-G614JU-G614JUC4:/tmp/.ICE-unix/2047'), ('XDG_MENU_PREFIX', 'gnome-'), ('GNOME_TERMINAL_SCREEN', '/org/gnome/Terminal/screen/a268b2d9_7c3e_40bb_aa1e_c0dea819a0a8'), ('XDG_RUNTIME_DIR', '/run/user/1000'), ('DISPLAY', ':1'), ('LANG', 'en_US.UTF-8'), ('XDG_CURRENT_DESKTOP', 'ubuntu:GNOME'), ('XMODIFIERS', '@im=ibus'), ('XDG_SESSION_DESKTOP', 'ubuntu'), ('XAUTHORITY', '/run/user/1000/gdm/Xauthority'), ('LS_COLORS', 'rs=0:di=01;34:ln=01;36:mh=00:pi=40;33:so=01;35:do=01;35:bd=40;33;01:cd=40;33;01:or=40;31;01:mi=00:su=37;41:sg=30;43:ca=30;41:tw=30;42:ow=34;42:st=37;44:ex=01;32:*.tar=01;31:*.tgz=01;31:*.arc=01;31:*.arj=01;31:*.taz=01;31:*.lha=01;31:*.lz4=01;31:*.lzh=01;31:*.lzma=01;31:*.tlz=01;31:*.txz=01;31:*.tzo=01;31:*.t7z=01;31:*.zip=01;31:*.z=01;31:*.dz=01;31:*.gz=01;31:*.lrz=01;31:*.lz=01;31:*.lzo=01;31:*.xz=01;31:*.zst=01;31:*.tzst=01;31:*.bz2=01;31:*.bz=01;31:*.tbz=01;31:*.tbz2=01;31:*.tz=01;31:*.deb=01;31:*.rpm=01;31:*.jar=01;31:*.war=01;31:*.ear=01;31:*.sar=01;31:*.rar=01;31:*.alz=01;31:*.ace=01;31:*.zoo=01;31:*.cpio=01;31:*.7z=01;31:*.rz=01;31:*.cab=01;31:*.wim=01;31:*.swm=01;31:*.dwm=01;31:*.esd=01;31:*.jpg=01;35:*.jpeg=01;35:*.mjpg=01;35:*.mjpeg=01;35:*.gif=01;35:*.bmp=01;35:*.pbm=01;35:*.pgm=01;35:*.ppm=01;35:*.tga=01;35:*.xbm=01;35:*.xpm=01;35:*.tif=01;35:*.tiff=01;35:*.png=01;35:*.svg=01;35:*.svgz=01;35:*.mng=01;35:*.pcx=01;35:*.mov=01;35:*.mpg=01;35:*.mpeg=01;35:*.m2v=01;35:*.mkv=01;35:*.webm=01;35:*.webp=01;35:*.ogm=01;35:*.mp4=01;35:*.m4v=01;35:*.mp4v=01;35:*.vob=01;35:*.qt=01;35:*.nuv=01;35:*.wmv=01;35:*.asf=01;35:*.rm=01;35:*.rmvb=01;35:*.flc=01;35:*.avi=01;35:*.fli=01;35:*.flv=01;35:*.gl=01;35:*.dl=01;35:*.xcf=01;35:*.xwd=01;35:*.yuv=01;35:*.cgm=01;35:*.emf=01;35:*.ogv=01;35:*.ogx=01;35:*.aac=00;36:*.au=00;36:*.flac=00;36:*.m4a=00;36:*.mid=00;36:*.midi=00;36:*.mka=00;36:*.mp3=00;36:*.mpc=00;36:*.ogg=00;36:*.ra=00;36:*.wav=00;36:*.oga=00;36:*.opus=00;36:*.spx=00;36:*.xspf=00;36:'), ('GNOME_TERMINAL_SERVICE', ':1.98'), ('SSH_AGENT_LAUNCHER', 'gnome-keyring'), ('SSH_AUTH_SOCK', '/run/user/1000/keyring/ssh'), ('AMENT_PREFIX_PATH', '/home/alr/Desktop/new_perception/new_eufs_ws/install/vision_opencv:/home/alr/Desktop/new_perception/new_eufs_ws/install/perception_pkg:/home/alr/Desktop/new_perception/new_eufs_ws/install/opencv_tests:/home/alr/Desktop/new_perception/new_eufs_ws/install/my_state_estimator:/home/alr/Desktop/new_perception/new_eufs_ws/install/my_slam_pkg:/home/alr/Desktop/new_perception/new_eufs_ws/install/my_controller_pkg:/home/alr/Desktop/new_perception/new_eufs_ws/install/eufs_plugins:/home/alr/Desktop/new_perception/new_eufs_ws/install/image_geometry:/home/alr/Desktop/new_perception/new_eufs_ws/install/fsd_planner:/home/alr/Desktop/new_perception/new_eufs_ws/install/eufs_launcher:/home/alr/Desktop/new_perception/new_eufs_ws/install/eufs_tracks:/home/alr/Desktop/new_perception/new_eufs_ws/install/eufs_sensors:/home/alr/Desktop/new_perception/new_eufs_ws/install/eufs_rqt:/home/alr/Desktop/new_perception/new_eufs_ws/install/eufs_racecar:/home/alr/Desktop/new_perception/new_eufs_ws/install/eufs_models:/home/alr/Desktop/new_perception/new_eufs_ws/install/eufs_msgs:/home/alr/Desktop/new_perception/new_eufs_ws/install/cv_bridge:/home/alr/Desktop/new_perception/new_eufs_ws/install/cone_msgs:/opt/ros/humble'), ('SHELL', '/bin/bash'), ('QT_ACCESSIBILITY', '1'), ('GDMSESSION', 'ubuntu'), ('LESSCLOSE', '/usr/bin/lesspipe %s %s'), ('GPG_AGENT_INFO', '/run/user/1000/gnupg/S.gpg-agent:0:1'), ('QT_IM_MODULE', 'ibus'), ('PWD', '/home/alr/Desktop/new_perception/new_eufs_ws/build/my_slam_pkg'), ('LC_ALL', 'en_US.UTF-8'), ('XDG_CONFIG_DIRS', '/etc/xdg/xdg-ubuntu:/etc/xdg'), ('XDG_DATA_DIRS', '/usr/share/ubuntu:/usr/share/gnome:/usr/local/share/:/usr/share/:/var/lib/snapd/desktop'), ('PYTHONPATH', '/home/alr/Desktop/new_perception/new_eufs_ws/build/opencv_tests:/home/alr/Desktop/new_perception/new_eufs_ws/install/opencv_tests/lib/python3.10/site-packages:/home/alr/Desktop/new_perception/new_eufs_ws/install/image_geometry/local/lib/python3.10/dist-packages:/home/alr/Desktop/new_perception/new_eufs_ws/build/fsd_planner:/home/alr/Desktop/new_perception/new_eufs_ws/install/fsd_planner/lib/python3.10/site-packages:/home/alr/Desktop/new_perception/new_eufs_ws/build/eufs_launcher/src:/home/alr/Desktop/new_perception/new_eufs_ws/install/eufs_launcher/lib/python3.10/site-packages:/home/alr/Desktop/new_perception/new_eufs_ws/build/eufs_tracks:/home/alr/Desktop/new_perception/new_eufs_ws/install/eufs_tracks/lib/python3.10/site-packages:/home/alr/Desktop/new_perception/new_eufs_ws/build/eufs_rqt/src:/home/alr/Desktop/new_perception/new_eufs_ws/install/eufs_rqt/lib/python3.10/site-packages:/home/alr/Desktop/new_perception/new_eufs_ws/build/eufs_racecar:/home/alr/Desktop/new_perception/new_eufs_ws/install/eufs_racecar/lib/python3.10/site-packages:/home/alr/Desktop/new_perception/new_eufs_ws/install/eufs_msgs/local/lib/python3.10/dist-packages:/home/alr/Desktop/new_perception/new_eufs_ws/install/cv_bridge/local/lib/python3.10/dist-packages:/home/alr/Desktop/new_perception/new_eufs_ws/install/cone_msgs/local/lib/python3.10/dist-packages:/opt/ros/humble/lib/python3.10/site-packages:/opt/ros/humble/local/lib/python3.10/dist-packages'), ('COLCON', '1'), ('VTE_VERSION', '6800'), ('CMAKE_PREFIX_PATH', '/home/alr/Desktop/new_perception/new_eufs_ws/install/eufs_msgs:/home/alr/Desktop/new_perception/new_eufs_ws/install/vision_opencv:/home/alr/Desktop/new_perception/new_eufs_ws/install/perception_pkg:/home/alr/Desktop/new_perception/new_eufs_ws/install/my_state_estimator:/home/alr/Desktop/new_perception/new_eufs_ws/install/my_slam_pkg:/home/alr/Desktop/new_perception/new_eufs_ws/install/my_controller_pkg:/home/alr/Desktop/new_perception/new_eufs_ws/install/eufs_plugins:/home/alr/Desktop/new_perception/new_eufs_ws/install/image_geometry:/home/alr/Desktop/new_perception/new_eufs_ws/install/eufs_sensors:/home/alr/Desktop/new_perception/new_eufs_ws/install/eufs_models:/home/alr/Desktop/new_perception/new_eufs_ws/install/cv_bridge:/home/alr/Desktop/new_perception/new_eufs_ws/install/cone_msgs:/home/alr/Desktop/new_perception/new_eufs_ws/install/opencv_tests:/home/alr/Desktop/new_perception/new_eufs_ws/install/fsd_planner:/home/alr/Desktop/new_perception/new_eufs_ws/install/eufs_launcher:/home/alr/Desktop/new_perception/new_eufs_ws/install/eufs_tracks:/home/alr/Desktop/new_perception/new_eufs_ws/install/eufs_rqt:/home/alr/Desktop/new_perception/new_eufs_ws/install/eufs_racecar:/opt/ros/humble')]), 'shell': False}
[0.057657] (my_slam_pkg) StdoutLine: {'line': b'\x1b[35m\x1b[1mConsolidate compiler generated dependencies of target eufs_slam_node\x1b[0m\n'}
[0.080123] (my_slam_pkg) StdoutLine: {'line': b'[ 50%] \x1b[32mBuilding CXX object CMakeFiles/eufs_slam_node.dir/src/Slam.cpp.o\x1b[0m\n'}
[0.099824] (-) TimerEvent: {}
[0.200110] (-) TimerEvent: {}
[0.300430] (-) TimerEvent: {}
[0.400883] (-) TimerEvent: {}
[0.501240] (-) TimerEvent: {}
[0.601574] (-) TimerEvent: {}
[0.701879] (-) TimerEvent: {}
[0.802181] (-) TimerEvent: {}
[0.902507] (-) TimerEvent: {}
[1.002843] (-) TimerEvent: {}
[1.103160] (-) TimerEvent: {}
[1.203521] (-) TimerEvent: {}
[1.304410] (-) TimerEvent: {}
[1.404663] (-) TimerEvent: {}
[1.504925] (-) TimerEvent: {}
[1.605413] (-) TimerEvent: {}
[1.705755] (-) TimerEvent: {}
[1.806060] (-) TimerEvent: {}
[1.906411] (-) TimerEvent: {}
[2.006783] (-) TimerEvent: {}
[2.107137] (-) TimerEvent: {}
[2.207472] (-) TimerEvent: {}
[2.308051] (-) TimerEvent: {}
[2.408384] (-) TimerEvent: {}
[2.508610] (-) TimerEvent: {}
[2.608856] (-) TimerEvent: {}
[2.709543] (-) TimerEvent: {}
[2.809860] (-) TimerEvent: {}
[2.910486] (-) TimerEvent: {}
[3.010765] (-) TimerEvent: {}
[3.111150] (-) TimerEvent: {}
[3.211464] (-) TimerEvent: {}
[3.311764] (-) TimerEvent: {}
[3.413772] (-) TimerEvent: {}
[3.444633] (my_slam_pkg) StderrLine: {'line': b'\x1b[01m\x1b[K/home/alr/Desktop/new_perception/new_eufs_ws/src/my_slam_pkg/src/Slam.cpp:129:70:\x1b[m\x1b[K \x1b[01;31m\x1b[Kerror: \x1b[m\x1b[Kexpected \xe2\x80\x98\x1b[01m\x1b[K;\x1b[m\x1b[K\xe2\x80\x99 at end of member declaration\n'}
[3.444905] (my_slam_pkg) StderrLine: {'line': b'  129 |     void conesCallback(const eufs_msgs::msg::ConeArray::SharedPtr msg\x1b[01;31m\x1b[K)\x1b[m\x1b[K\n'}
[3.444996] (my_slam_pkg) StderrLine: {'line': b'      |                                                                      \x1b[01;31m\x1b[K^\x1b[m\x1b[K\n'}
[3.445077] (my_slam_pkg) StderrLine: {'line': b'      |                                                                       \x1b[32m\x1b[K;\x1b[m\x1b[K\n'}
[3.445155] (my_slam_pkg) StderrLine: {'line': b'\x1b[01m\x1b[K/home/alr/Desktop/new_perception/new_eufs_ws/src/my_slam_pkg/src/Slam.cpp:130:42:\x1b[m\x1b[K \x1b[01;31m\x1b[Kerror: \x1b[m\x1b[K\xe2\x80\x98\x1b[01m\x1b[Kslam_mutex_\x1b[m\x1b[K\xe2\x80\x99 is not a type\n'}
[3.445242] (my_slam_pkg) StderrLine: {'line': b'  130 |         std::lock_guard<std::mutex> lock(\x1b[01;31m\x1b[Kslam_mutex_\x1b[m\x1b[K);\n'}
[3.445318] (my_slam_pkg) StderrLine: {'line': b'      |                                          \x1b[01;31m\x1b[K^~~~~~~~~~~\x1b[m\x1b[K\n'}
[3.446982] (my_slam_pkg) StderrLine: {'line': b'\x1b[01m\x1b[K/home/alr/Desktop/new_perception/new_eufs_ws/src/my_slam_pkg/src/Slam.cpp:131:9:\x1b[m\x1b[K \x1b[01;31m\x1b[Kerror: \x1b[m\x1b[K\xe2\x80\x98\x1b[01m\x1b[Kz_buffer_\x1b[m\x1b[K\xe2\x80\x99 does not name a type\n'}
[3.447103] (my_slam_pkg) StderrLine: {'line': b'  131 |         \x1b[01;31m\x1b[Kz_buffer_\x1b[m\x1b[K.clear();\n'}
[3.447186] (my_slam_pkg) StderrLine: {'line': b'      |         \x1b[01;31m\x1b[K^~~~~~~~~\x1b[m\x1b[K\n'}
[3.447268] (my_slam_pkg) StderrLine: {'line': b'\x1b[01m\x1b[K/home/alr/Desktop/new_perception/new_eufs_ws/src/my_slam_pkg/src/Slam.cpp:132:9:\x1b[m\x1b[K \x1b[01;31m\x1b[Kerror: \x1b[m\x1b[Kexpected unqualified-id before \xe2\x80\x98\x1b[01m\x1b[Kfor\x1b[m\x1b[K\xe2\x80\x99\n'}
[3.447347] (my_slam_pkg) StderrLine: {'line': b'  132 |         \x1b[01;31m\x1b[Kfor\x1b[m\x1b[K (const auto &c : msg->blue_cones) addConeToBuffer(c, 0);\n'}
[3.447424] (my_slam_pkg) StderrLine: {'line': b'      |         \x1b[01;31m\x1b[K^~~\x1b[m\x1b[K\n'}
[3.447499] (my_slam_pkg) StderrLine: {'line': b'\x1b[01m\x1b[K/home/alr/Desktop/new_perception/new_eufs_ws/src/my_slam_pkg/src/Slam.cpp:133:9:\x1b[m\x1b[K \x1b[01;31m\x1b[Kerror: \x1b[m\x1b[Kexpected unqualified-id before \xe2\x80\x98\x1b[01m\x1b[Kfor\x1b[m\x1b[K\xe2\x80\x99\n'}
[3.447576] (my_slam_pkg) StderrLine: {'line': b'  133 |         \x1b[01;31m\x1b[Kfor\x1b[m\x1b[K (const auto &c : msg->yellow_cones) addConeToBuffer(c, 1);\n'}
[3.447653] (my_slam_pkg) StderrLine: {'line': b'      |         \x1b[01;31m\x1b[K^~~\x1b[m\x1b[K\n'}
[3.447779] (my_slam_pkg) StderrLine: {'line': b'\x1b[01m\x1b[K/home/alr/Desktop/new_perception/new_eufs_ws/src/my_slam_pkg/src/Slam.cpp:134:9:\x1b[m\x1b[K \x1b[01;31m\x1b[Kerror: \x1b[m\x1b[Kexpected unqualified-id before \xe2\x80\x98\x1b[01m\x1b[Kfor\x1b[m\x1b[K\xe2\x80\x99\n'}
[3.447870] (my_slam_pkg) StderrLine: {'line': b'  134 |         \x1b[01;31m\x1b[Kfor\x1b[m\x1b[K (const auto &c : msg->orange_cones) addConeToBuffer(c, 2);\n'}
[3.447945] (my_slam_pkg) StderrLine: {'line': b'      |         \x1b[01;31m\x1b[K^~~\x1b[m\x1b[K\n'}
[3.448018] (my_slam_pkg) StderrLine: {'line': b'\x1b[01m\x1b[K/home/alr/Desktop/new_perception/new_eufs_ws/src/my_slam_pkg/src/Slam.cpp:135:9:\x1b[m\x1b[K \x1b[01;31m\x1b[Kerror: \x1b[m\x1b[Kexpected unqualified-id before \xe2\x80\x98\x1b[01m\x1b[Kfor\x1b[m\x1b[K\xe2\x80\x99\n'}
[3.448092] (my_slam_pkg) StderrLine: {'line': b'  135 |         \x1b[01;31m\x1b[Kfor\x1b[m\x1b[K (const auto &c : msg->big_orange_cones) addConeToBuffer(c, 2) ;\n'}
[3.448165] (my_slam_pkg) StderrLine: {'line': b'      |         \x1b[01;31m\x1b[K^~~\x1b[m\x1b[K\n'}
[3.448237] (my_slam_pkg) StderrLine: {'line': b'\x1b[01m\x1b[K/home/alr/Desktop/new_perception/new_eufs_ws/src/my_slam_pkg/src/Slam.cpp:136:9:\x1b[m\x1b[K \x1b[01;31m\x1b[Kerror: \x1b[m\x1b[Kexpected unqualified-id before \xe2\x80\x98\x1b[01m\x1b[Kfor\x1b[m\x1b[K\xe2\x80\x99\n'}
[3.448312] (my_slam_pkg) StderrLine: {'line': b'  136 |         \x1b[01;31m\x1b[Kfor\x1b[m\x1b[K (const auto &c : msg->unknown_color_cones) addConeToBuffer(c, 3);\n'}
[3.448386] (my_slam_pkg) StderrLine: {'line': b'      |         \x1b[01;31m\x1b[K^~~\x1b[m\x1b[K\n'}
[3.448458] (my_slam_pkg) StderrLine: {'line': b'\x1b[01m\x1b[K/home/alr/Desktop/new_perception/new_eufs_ws/src/my_slam_pkg/src/Slam.cpp:138:6:\x1b[m\x1b[K \x1b[01;31m\x1b[Kerror: \x1b[m\x1b[Kexpected \xe2\x80\x98\x1b[01m\x1b[K;\x1b[m\x1b[K\xe2\x80\x99 after class definition\n'}
[3.448532] (my_slam_pkg) StderrLine: {'line': b'  138 |     }\n'}
[3.448606] (my_slam_pkg) StderrLine: {'line': b'      |      \x1b[01;31m\x1b[K^\x1b[m\x1b[K\n'}
[3.448686] (my_slam_pkg) StderrLine: {'line': b'      |      \x1b[32m\x1b[K;\x1b[m\x1b[K\n'}
[3.479594] (my_slam_pkg) StderrLine: {'line': b'\x1b[01m\x1b[K/home/alr/Desktop/new_perception/new_eufs_ws/src/my_slam_pkg/src/Slam.cpp:\x1b[m\x1b[K In constructor \xe2\x80\x98\x1b[01m\x1b[KFastSLAM2::FastSLAM2()\x1b[m\x1b[K\xe2\x80\x99:\n'}
[3.479801] (my_slam_pkg) StderrLine: {'line': b'\x1b[01m\x1b[K/home/alr/Desktop/new_perception/new_eufs_ws/src/my_slam_pkg/src/Slam.cpp:85:89:\x1b[m\x1b[K \x1b[01;31m\x1b[Kerror: \x1b[m\x1b[K\xe2\x80\x98\x1b[01m\x1b[KrunSLAM\x1b[m\x1b[K\xe2\x80\x99 is not a member of \xe2\x80\x98\x1b[01m\x1b[KFastSLAM2\x1b[m\x1b[K\xe2\x80\x99\n'}
[3.479885] (my_slam_pkg) StderrLine: {'line': b'   85 |  timer_ = create_wall_timer(std::chrono::milliseconds(50), std::bind(&FastSLAM2::\x1b[01;31m\x1b[KrunSLAM\x1b[m\x1b[K, this));\n'}
[3.479962] (my_slam_pkg) StderrLine: {'line': b'      |                                                                                  \x1b[01;31m\x1b[K^~~~~~~\x1b[m\x1b[K\n'}
[3.480035] (my_slam_pkg) StderrLine: {'line': b'\n'}
[3.486914] (my_slam_pkg) StderrLine: {'line': b'\x1b[01m\x1b[K/home/alr/Desktop/new_perception/new_eufs_ws/src/my_slam_pkg/src/Slam.cpp:\x1b[m\x1b[K In function \xe2\x80\x98\x1b[01m\x1b[Kvoid addConeToBuffer(const Point&, int)\x1b[m\x1b[K\xe2\x80\x99:\n'}
[3.487127] (my_slam_pkg) StderrLine: {'line': b'\x1b[01m\x1b[K/home/alr/Desktop/new_perception/new_eufs_ws/src/my_slam_pkg/src/Slam.cpp:145:44:\x1b[m\x1b[K \x1b[01;31m\x1b[Kerror: \x1b[m\x1b[K\xe2\x80\x98\x1b[01m\x1b[Kz_buffer_\x1b[m\x1b[K\xe2\x80\x99 was not declared in this scope\n'}
[3.487210] (my_slam_pkg) StderrLine: {'line': b'  145 |         if (z.range > 0.1 && z.range < 15) \x1b[01;31m\x1b[Kz_buffer_\x1b[m\x1b[K.push_back(z);\n'}
[3.487285] (my_slam_pkg) StderrLine: {'line': b'      |                                            \x1b[01;31m\x1b[K^~~~~~~~~\x1b[m\x1b[K\n'}
[3.490972] (my_slam_pkg) StderrLine: {'line': b'\x1b[01m\x1b[K/home/alr/Desktop/new_perception/new_eufs_ws/src/my_slam_pkg/src/Slam.cpp:\x1b[m\x1b[K In function \xe2\x80\x98\x1b[01m\x1b[Kvoid predictParticles(double, double, double)\x1b[m\x1b[K\xe2\x80\x99:\n'}
[3.491151] (my_slam_pkg) StderrLine: {'line': b'\x1b[01m\x1b[K/home/alr/Desktop/new_perception/new_eufs_ws/src/my_slam_pkg/src/Slam.cpp:149:50:\x1b[m\x1b[K \x1b[01;31m\x1b[Kerror: \x1b[m\x1b[K\xe2\x80\x98\x1b[01m\x1b[KQ_control_\x1b[m\x1b[K\xe2\x80\x99 was not declared in this scope\n'}
[3.491228] (my_slam_pkg) StderrLine: {'line': b'  149 |         double dyn_vx_noise = std::max(std::sqrt(\x1b[01;31m\x1b[KQ_control_\x1b[m\x1b[K(0,0)), std::abs(vx) * 0.1);\n'}
[3.491299] (my_slam_pkg) StderrLine: {'line': b'      |                                                  \x1b[01;31m\x1b[K^~~~~~~~~~\x1b[m\x1b[K\n'}
[3.494979] (my_slam_pkg) StderrLine: {'line': b'\x1b[01m\x1b[K/home/alr/Desktop/new_perception/new_eufs_ws/src/my_slam_pkg/src/Slam.cpp:157:24:\x1b[m\x1b[K \x1b[01;31m\x1b[Kerror: \x1b[m\x1b[K\xe2\x80\x98\x1b[01m\x1b[Kparticles_\x1b[m\x1b[K\xe2\x80\x99 was not declared in this scope; did you mean \xe2\x80\x98\x1b[01m\x1b[KParticle\x1b[m\x1b[K\xe2\x80\x99?\n'}
[3.495156] (my_slam_pkg) StderrLine: {'line': b'  157 |         for (auto &p : \x1b[01;31m\x1b[Kparticles_\x1b[m\x1b[K) {\n'}
[3.495233] (my_slam_pkg) StderrLine: {'line': b'      |                        \x1b[01;31m\x1b[K^~~~~~~~~~\x1b[m\x1b[K\n'}
[3.495302] (my_slam_pkg) StderrLine: {'line': b'      |                        \x1b[32m\x1b[KParticle\x1b[m\x1b[K\n'}
[3.497841] (my_slam_pkg) StderrLine: {'line': b'\x1b[01m\x1b[K/home/alr/Desktop/new_perception/new_eufs_ws/src/my_slam_pkg/src/Slam.cpp:158:45:\x1b[m\x1b[K \x1b[01;31m\x1b[Kerror: \x1b[m\x1b[K\xe2\x80\x98\x1b[01m\x1b[Kgen_\x1b[m\x1b[K\xe2\x80\x99 was not declared in this scope\n'}
[3.497974] (my_slam_pkg) StderrLine: {'line': b'  158 |             double noisy_vx = vx + noise_vx(\x1b[01;31m\x1b[Kgen_\x1b[m\x1b[K);\n'}
[3.498042] (my_slam_pkg) StderrLine: {'line': b'      |                                             \x1b[01;31m\x1b[K^~~~\x1b[m\x1b[K\n'}
[3.509725] (my_slam_pkg) StderrLine: {'line': b'\x1b[01m\x1b[K/home/alr/Desktop/new_perception/new_eufs_ws/src/my_slam_pkg/src/Slam.cpp:\x1b[m\x1b[K In function \xe2\x80\x98\x1b[01m\x1b[Kvoid updateParticles(const std::vector<ConeDetection>&)\x1b[m\x1b[K\xe2\x80\x99:\n'}
[3.509961] (my_slam_pkg) StderrLine: {'line': b'\x1b[01m\x1b[K/home/alr/Desktop/new_perception/new_eufs_ws/src/my_slam_pkg/src/Slam.cpp:177:24:\x1b[m\x1b[K \x1b[01;31m\x1b[Kerror: \x1b[m\x1b[K\xe2\x80\x98\x1b[01m\x1b[Kparticles_\x1b[m\x1b[K\xe2\x80\x99 was not declared in this scope; did you mean \xe2\x80\x98\x1b[01m\x1b[KParticle\x1b[m\x1b[K\xe2\x80\x99?\n'}
[3.510053] (my_slam_pkg) StderrLine: {'line': b'  177 |         for (auto &p : \x1b[01;31m\x1b[Kparticles_\x1b[m\x1b[K) {\n'}
[3.510129] (my_slam_pkg) StderrLine: {'line': b'      |                        \x1b[01;31m\x1b[K^~~~~~~~~~\x1b[m\x1b[K\n'}
[3.510201] (my_slam_pkg) StderrLine: {'line': b'      |                        \x1b[32m\x1b[KParticle\x1b[m\x1b[K\n'}
[3.513848] (-) TimerEvent: {}
[3.520398] (my_slam_pkg) StderrLine: {'line': b'\x1b[01m\x1b[K/home/alr/Desktop/new_perception/new_eufs_ws/src/my_slam_pkg/src/Slam.cpp:203:80:\x1b[m\x1b[K \x1b[01;31m\x1b[Kerror: \x1b[m\x1b[K\xe2\x80\x98\x1b[01m\x1b[KR_obs_\x1b[m\x1b[K\xe2\x80\x99 was not declared in this scope\n'}
[3.520778] (my_slam_pkg) StderrLine: {'line': b'  203 |                     Eigen::Matrix2d S = Hf * p.map[i].sigma * Hf.transpose() + \x1b[01;31m\x1b[KR_obs_\x1b[m\x1b[K;\n'}
[3.520920] (my_slam_pkg) StderrLine: {'line': b'      |                                                                                \x1b[01;31m\x1b[K^~~~~~\x1b[m\x1b[K\n'}
[3.520991] (my_slam_pkg) StderrLine: {'line': b'In file included from \x1b[01m\x1b[K/opt/ros/humble/include/rclcpp/rclcpp/client.hpp:40\x1b[m\x1b[K,\n'}
[3.521059] (my_slam_pkg) StderrLine: {'line': b'                 from \x1b[01m\x1b[K/opt/ros/humble/include/rclcpp/rclcpp/callback_group.hpp:24\x1b[m\x1b[K,\n'}
[3.521125] (my_slam_pkg) StderrLine: {'line': b'                 from \x1b[01m\x1b[K/opt/ros/humble/include/rclcpp/rclcpp/any_executable.hpp:20\x1b[m\x1b[K,\n'}
[3.521189] (my_slam_pkg) StderrLine: {'line': b'                 from \x1b[01m\x1b[K/opt/ros/humble/include/rclcpp/rclcpp/memory_strategy.hpp:25\x1b[m\x1b[K,\n'}
[3.521253] (my_slam_pkg) StderrLine: {'line': b'                 from \x1b[01m\x1b[K/opt/ros/humble/include/rclcpp/rclcpp/memory_strategies.hpp:18\x1b[m\x1b[K,\n'}
[3.521316] (my_slam_pkg) StderrLine: {'line': b'                 from \x1b[01m\x1b[K/opt/ros/humble/include/rclcpp/rclcpp/executor_options.hpp:20\x1b[m\x1b[K,\n'}
[3.521380] (my_slam_pkg) StderrLine: {'line': b'                 from \x1b[01m\x1b[K/opt/ros/humble/include/rclcpp/rclcpp/executor.hpp:37\x1b[m\x1b[K,\n'}
[3.521443] (my_slam_pkg) StderrLine: {'line': b'                 from \x1b[01m\x1b[K/opt/ros/humble/include/rclcpp/rclcpp/executors/multi_threaded_executor.hpp:25\x1b[m\x1b[K,\n'}
[3.521507] (my_slam_pkg) StderrLine: {'line': b'                 from \x1b[01m\x1b[K/opt/ros/humble/include/rclcpp/rclcpp/executors.hpp:21\x1b[m\x1b[K,\n'}
[3.521570] (my_slam_pkg) StderrLine: {'line': b'                 from \x1b[01m\x1b[K/opt/ros/humble/include/rclcpp/rclcpp/rclcpp.hpp:155\x1b[m\x1b[K,\n'}
[3.521637] (my_slam_pkg) StderrLine: {'line': b'                 from \x1b[01m\x1b[K/home/alr/Desktop/new_perception/new_eufs_ws/src/my_slam_pkg/src/Slam.cpp:8\x1b[m\x1b[K:\n'}
[3.521711] (my_slam_pkg) StderrLine: {'line': b'\x1b[01m\x1b[K/home/alr/Desktop/new_perception/new_eufs_ws/src/my_slam_pkg/src/Slam.cpp:206:25:\x1b[m\x1b[K \x1b[01;31m\x1b[Kerror: \x1b[m\x1b[Kinvalid use of \xe2\x80\x98\x1b[01m\x1b[Kthis\x1b[m\x1b[K\xe2\x80\x99 in non-member function\n'}
[3.521785] (my_slam_pkg) StderrLine: {'line': b'  206 |                         \x1b[01;31m\x1b[Kthis\x1b[m\x1b[K->get_logger(),\n'}
[3.521847] (my_slam_pkg) StderrLine: {'line': b'      |                         \x1b[01;31m\x1b[K^~~~\x1b[m\x1b[K\n'}
[3.521910] (my_slam_pkg) StderrLine: {'line': b'\x1b[01m\x1b[K/home/alr/Desktop/new_perception/new_eufs_ws/src/my_slam_pkg/src/Slam.cpp:206:25:\x1b[m\x1b[K \x1b[01;31m\x1b[Kerror: \x1b[m\x1b[Kinvalid use of \xe2\x80\x98\x1b[01m\x1b[Kthis\x1b[m\x1b[K\xe2\x80\x99 in non-member function\n'}
[3.521986] (my_slam_pkg) StderrLine: {'line': b'\x1b[01m\x1b[K/home/alr/Desktop/new_perception/new_eufs_ws/src/my_slam_pkg/src/Slam.cpp:205:21:\x1b[m\x1b[K \x1b[01;31m\x1b[Kerror: \x1b[m\x1b[Ktemplate argument 1 is invalid\n'}
[3.522050] (my_slam_pkg) StderrLine: {'line': b'  205 |                     \x1b[01;31m\x1b[KRCLCPP_INFO\x1b[m\x1b[K(\n'}
[3.522113] (my_slam_pkg) StderrLine: {'line': b'      |                     \x1b[01;31m\x1b[K^~~~~~~~~~~\x1b[m\x1b[K\n'}
[3.522183] (my_slam_pkg) StderrLine: {'line': b'In file included from \x1b[01m\x1b[K/opt/ros/humble/include/rclcpp/rclcpp/logging.hpp:24\x1b[m\x1b[K,\n'}
[3.522247] (my_slam_pkg) StderrLine: {'line': b'                 from \x1b[01m\x1b[K/opt/ros/humble/include/rclcpp/rclcpp/client.hpp:40\x1b[m\x1b[K,\n'}
[3.522317] (my_slam_pkg) StderrLine: {'line': b'                 from \x1b[01m\x1b[K/opt/ros/humble/include/rclcpp/rclcpp/callback_group.hpp:24\x1b[m\x1b[K,\n'}
[3.522383] (my_slam_pkg) StderrLine: {'line': b'                 from \x1b[01m\x1b[K/opt/ros/humble/include/rclcpp/rclcpp/any_executable.hpp:20\x1b[m\x1b[K,\n'}
[3.522455] (my_slam_pkg) StderrLine: {'line': b'                 from \x1b[01m\x1b[K/opt/ros/humble/include/rclcpp/rclcpp/memory_strategy.hpp:25\x1b[m\x1b[K,\n'}
[3.522583] (my_slam_pkg) StderrLine: {'line': b'                 from \x1b[01m\x1b[K/opt/ros/humble/include/rclcpp/rclcpp/memory_strategies.hpp:18\x1b[m\x1b[K,\n'}
[3.522730] (my_slam_pkg) StderrLine: {'line': b'                 from \x1b[01m\x1b[K/opt/ros/humble/include/rclcpp/rclcpp/executor_options.hpp:20\x1b[m\x1b[K,\n'}
[3.522801] (my_slam_pkg) StderrLine: {'line': b'                 from \x1b[01m\x1b[K/opt/ros/humble/include/rclcpp/rclcpp/executor.hpp:37\x1b[m\x1b[K,\n'}
[3.522864] (my_slam_pkg) StderrLine: {'line': b'                 from \x1b[01m\x1b[K/opt/ros/humble/include/rclcpp/rclcpp/executors/multi_threaded_executor.hpp:25\x1b[m\x1b[K,\n'}
[3.522927] (my_slam_pkg) StderrLine: {'line': b'                 from \x1b[01m\x1b[K/opt/ros/humble/include/rclcpp/rclcpp/executors.hpp:21\x1b[m\x1b[K,\n'}
[3.522989] (my_slam_pkg) StderrLine: {'line': b'                 from \x1b[01m\x1b[K/opt/ros/humble/include/rclcpp/rclcpp/rclcpp.hpp:155\x1b[m\x1b[K,\n'}
[3.523051] (my_slam_pkg) StderrLine: {'line': b'                 from \x1b[01m\x1b[K/home/alr/Desktop/new_perception/new_eufs_ws/src/my_slam_pkg/src/Slam.cpp:8\x1b[m\x1b[K:\n'}
[3.523114] (my_slam_pkg) StderrLine: {'line': b'\x1b[01m\x1b[K/home/alr/Desktop/new_perception/new_eufs_ws/src/my_slam_pkg/src/Slam.cpp:206:25:\x1b[m\x1b[K \x1b[01;31m\x1b[Kerror: \x1b[m\x1b[Kinvalid use of \xe2\x80\x98\x1b[01m\x1b[Kthis\x1b[m\x1b[K\xe2\x80\x99 in non-member function\n'}
[3.523201] (my_slam_pkg) StderrLine: {'line': b'  206 |                         \x1b[01;31m\x1b[Kthis\x1b[m\x1b[K->get_logger(),\n'}
[3.523266] (my_slam_pkg) StderrLine: {'line': b'      |                         \x1b[01;31m\x1b[K^~~~\x1b[m\x1b[K\n'}
[3.523330] (my_slam_pkg) StderrLine: {'line': b'\x1b[01m\x1b[K/home/alr/Desktop/new_perception/new_eufs_ws/src/my_slam_pkg/src/Slam.cpp:206:25:\x1b[m\x1b[K \x1b[01;31m\x1b[Kerror: \x1b[m\x1b[Kinvalid use of \xe2\x80\x98\x1b[01m\x1b[Kthis\x1b[m\x1b[K\xe2\x80\x99 in non-member function\n'}
[3.523395] (my_slam_pkg) StderrLine: {'line': b'  206 |                         \x1b[01;31m\x1b[Kthis\x1b[m\x1b[K->get_logger(),\n'}
[3.523460] (my_slam_pkg) StderrLine: {'line': b'      |                         \x1b[01;31m\x1b[K^~~~\x1b[m\x1b[K\n'}
[3.523526] (my_slam_pkg) StderrLine: {'line': b'In file included from \x1b[01m\x1b[K/opt/ros/humble/include/rclcpp/rclcpp/client.hpp:40\x1b[m\x1b[K,\n'}
[3.523590] (my_slam_pkg) StderrLine: {'line': b'                 from \x1b[01m\x1b[K/opt/ros/humble/include/rclcpp/rclcpp/callback_group.hpp:24\x1b[m\x1b[K,\n'}
[3.523655] (my_slam_pkg) StderrLine: {'line': b'                 from \x1b[01m\x1b[K/opt/ros/humble/include/rclcpp/rclcpp/any_executable.hpp:20\x1b[m\x1b[K,\n'}
[3.523807] (my_slam_pkg) StderrLine: {'line': b'                 from \x1b[01m\x1b[K/opt/ros/humble/include/rclcpp/rclcpp/memory_strategy.hpp:25\x1b[m\x1b[K,\n'}
[3.523862] (my_slam_pkg) StderrLine: {'line': b'                 from \x1b[01m\x1b[K/opt/ros/humble/include/rclcpp/rclcpp/memory_strategies.hpp:18\x1b[m\x1b[K,\n'}
[3.523895] (my_slam_pkg) StderrLine: {'line': b'                 from \x1b[01m\x1b[K/opt/ros/humble/include/rclcpp/rclcpp/executor_options.hpp:20\x1b[m\x1b[K,\n'}
[3.523925] (my_slam_pkg) StderrLine: {'line': b'                 from \x1b[01m\x1b[K/opt/ros/humble/include/rclcpp/rclcpp/executor.hpp:37\x1b[m\x1b[K,\n'}
[3.523954] (my_slam_pkg) StderrLine: {'line': b'                 from \x1b[01m\x1b[K/opt/ros/humble/include/rclcpp/rclcpp/executors/multi_threaded_executor.hpp:25\x1b[m\x1b[K,\n'}
[3.523981] (my_slam_pkg) StderrLine: {'line': b'                 from \x1b[01m\x1b[K/opt/ros/humble/include/rclcpp/rclcpp/executors.hpp:21\x1b[m\x1b[K,\n'}
[3.524007] (my_slam_pkg) StderrLine: {'line': b'                 from \x1b[01m\x1b[K/opt/ros/humble/include/rclcpp/rclcpp/rclcpp.hpp:155\x1b[m\x1b[K,\n'}
[3.524035] (my_slam_pkg) StderrLine: {'line': b'                 from \x1b[01m\x1b[K/home/alr/Desktop/new_perception/new_eufs_ws/src/my_slam_pkg/src/Slam.cpp:8\x1b[m\x1b[K:\n'}
[3.524062] (my_slam_pkg) StderrLine: {'line': b'\x1b[01m\x1b[K/home/alr/Desktop/new_perception/new_eufs_ws/src/my_slam_pkg/src/Slam.cpp:213:25:\x1b[m\x1b[K \x1b[01;31m\x1b[Kerror: \x1b[m\x1b[Kinvalid use of \xe2\x80\x98\x1b[01m\x1b[Kthis\x1b[m\x1b[K\xe2\x80\x99 in non-member function\n'}
[3.524091] (my_slam_pkg) StderrLine: {'line': b'  213 |                         \x1b[01;31m\x1b[Kthis\x1b[m\x1b[K->get_logger(),\n'}
[3.524121] (my_slam_pkg) StderrLine: {'line': b'      |                         \x1b[01;31m\x1b[K^~~~\x1b[m\x1b[K\n'}
[3.524148] (my_slam_pkg) StderrLine: {'line': b'\x1b[01m\x1b[K/home/alr/Desktop/new_perception/new_eufs_ws/src/my_slam_pkg/src/Slam.cpp:213:25:\x1b[m\x1b[K \x1b[01;31m\x1b[Kerror: \x1b[m\x1b[Kinvalid use of \xe2\x80\x98\x1b[01m\x1b[Kthis\x1b[m\x1b[K\xe2\x80\x99 in non-member function\n'}
[3.524176] (my_slam_pkg) StderrLine: {'line': b'\x1b[01m\x1b[K/home/alr/Desktop/new_perception/new_eufs_ws/src/my_slam_pkg/src/Slam.cpp:212:21:\x1b[m\x1b[K \x1b[01;31m\x1b[Kerror: \x1b[m\x1b[Ktemplate argument 1 is invalid\n'}
[3.524204] (my_slam_pkg) StderrLine: {'line': b'  212 |                     \x1b[01;31m\x1b[KRCLCPP_INFO\x1b[m\x1b[K(\n'}
[3.524231] (my_slam_pkg) StderrLine: {'line': b'      |                     \x1b[01;31m\x1b[K^~~~~~~~~~~\x1b[m\x1b[K\n'}
[3.524257] (my_slam_pkg) StderrLine: {'line': b'In file included from \x1b[01m\x1b[K/opt/ros/humble/include/rclcpp/rclcpp/logging.hpp:24\x1b[m\x1b[K,\n'}
[3.524283] (my_slam_pkg) StderrLine: {'line': b'                 from \x1b[01m\x1b[K/opt/ros/humble/include/rclcpp/rclcpp/client.hpp:40\x1b[m\x1b[K,\n'}
[3.524309] (my_slam_pkg) StderrLine: {'line': b'                 from \x1b[01m\x1b[K/opt/ros/humble/include/rclcpp/rclcpp/callback_group.hpp:24\x1b[m\x1b[K,\n'}
[3.524336] (my_slam_pkg) StderrLine: {'line': b'                 from \x1b[01m\x1b[K/opt/ros/humble/include/rclcpp/rclcpp/any_executable.hpp:20\x1b[m\x1b[K,\n'}
[3.524362] (my_slam_pkg) StderrLine: {'line': b'                 from \x1b[01m\x1b[K/opt/ros/humble/include/rclcpp/rclcpp/memory_strategy.hpp:25\x1b[m\x1b[K,\n'}
[3.524398] (my_slam_pkg) StderrLine: {'line': b'                 from \x1b[01m\x1b[K/opt/ros/humble/include/rclcpp/rclcpp/memory_strategies.hpp:18\x1b[m\x1b[K,\n'}
[3.524424] (my_slam_pkg) StderrLine: {'line': b'                 from \x1b[01m\x1b[K/opt/ros/humble/include/rclcpp/rclcpp/executor_options.hpp:20\x1b[m\x1b[K,\n'}
[3.524453] (my_slam_pkg) StderrLine: {'line': b'                 from \x1b[01m\x1b[K/opt/ros/humble/include/rclcpp/rclcpp/executor.hpp:37\x1b[m\x1b[K,\n'}
[3.524479] (my_slam_pkg) StderrLine: {'line': b'                 from \x1b[01m\x1b[K/opt/ros/humble/include/rclcpp/rclcpp/executors/multi_threaded_executor.hpp:25\x1b[m\x1b[K,\n'}
[3.524510] (my_slam_pkg) StderrLine: {'line': b'                 from \x1b[01m\x1b[K/opt/ros/humble/include/rclcpp/rclcpp/executors.hpp:21\x1b[m\x1b[K,\n'}
[3.524535] (my_slam_pkg) StderrLine: {'line': b'                 from \x1b[01m\x1b[K/opt/ros/humble/include/rclcpp/rclcpp/rclcpp.hpp:155\x1b[m\x1b[K,\n'}
[3.524562] (my_slam_pkg) StderrLine: {'line': b'                 from \x1b[01m\x1b[K/home/alr/Desktop/new_perception/new_eufs_ws/src/my_slam_pkg/src/Slam.cpp:8\x1b[m\x1b[K:\n'}
[3.524589] (my_slam_pkg) StderrLine: {'line': b'\x1b[01m\x1b[K/home/alr/Desktop/new_perception/new_eufs_ws/src/my_slam_pkg/src/Slam.cpp:213:25:\x1b[m\x1b[K \x1b[01;31m\x1b[Kerror: \x1b[m\x1b[Kinvalid use of \xe2\x80\x98\x1b[01m\x1b[Kthis\x1b[m\x1b[K\xe2\x80\x99 in non-member function\n'}
[3.524616] (my_slam_pkg) StderrLine: {'line': b'  213 |                         \x1b[01;31m\x1b[Kthis\x1b[m\x1b[K->get_logger(),\n'}
[3.524645] (my_slam_pkg) StderrLine: {'line': b'      |                         \x1b[01;31m\x1b[K^~~~\x1b[m\x1b[K\n'}
[3.524671] (my_slam_pkg) StderrLine: {'line': b'\x1b[01m\x1b[K/home/alr/Desktop/new_perception/new_eufs_ws/src/my_slam_pkg/src/Slam.cpp:213:25:\x1b[m\x1b[K \x1b[01;31m\x1b[Kerror: \x1b[m\x1b[Kinvalid use of \xe2\x80\x98\x1b[01m\x1b[Kthis\x1b[m\x1b[K\xe2\x80\x99 in non-member function\n'}
[3.524702] (my_slam_pkg) StderrLine: {'line': b'  213 |                         \x1b[01;31m\x1b[Kthis\x1b[m\x1b[K->get_logger(),\n'}
[3.524732] (my_slam_pkg) StderrLine: {'line': b'      |                         \x1b[01;31m\x1b[K^~~~\x1b[m\x1b[K\n'}
[3.524760] (my_slam_pkg) StderrLine: {'line': b'In file included from \x1b[01m\x1b[K/opt/ros/humble/include/rclcpp/rclcpp/client.hpp:40\x1b[m\x1b[K,\n'}
[3.524788] (my_slam_pkg) StderrLine: {'line': b'                 from \x1b[01m\x1b[K/opt/ros/humble/include/rclcpp/rclcpp/callback_group.hpp:24\x1b[m\x1b[K,\n'}
[3.524818] (my_slam_pkg) StderrLine: {'line': b'                 from \x1b[01m\x1b[K/opt/ros/humble/include/rclcpp/rclcpp/any_executable.hpp:20\x1b[m\x1b[K,\n'}
[3.524847] (my_slam_pkg) StderrLine: {'line': b'                 from \x1b[01m\x1b[K/opt/ros/humble/include/rclcpp/rclcpp/memory_strategy.hpp:25\x1b[m\x1b[K,\n'}
[3.524875] (my_slam_pkg) StderrLine: {'line': b'                 from \x1b[01m\x1b[K/opt/ros/humble/include/rclcpp/rclcpp/memory_strategies.hpp:18\x1b[m\x1b[K,\n'}
[3.524902] (my_slam_pkg) StderrLine: {'line': b'                 from \x1b[01m\x1b[K/opt/ros/humble/include/rclcpp/rclcpp/executor_options.hpp:20\x1b[m\x1b[K,\n'}
[3.524928] (my_slam_pkg) StderrLine: {'line': b'                 from \x1b[01m\x1b[K/opt/ros/humble/include/rclcpp/rclcpp/executor.hpp:37\x1b[m\x1b[K,\n'}
[3.524955] (my_slam_pkg) StderrLine: {'line': b'                 from \x1b[01m\x1b[K/opt/ros/humble/include/rclcpp/rclcpp/executors/multi_threaded_executor.hpp:25\x1b[m\x1b[K,\n'}
[3.524982] (my_slam_pkg) StderrLine: {'line': b'                 from \x1b[01m\x1b[K/opt/ros/humble/include/rclcpp/rclcpp/executors.hpp:21\x1b[m\x1b[K,\n'}
[3.525008] (my_slam_pkg) StderrLine: {'line': b'                 from \x1b[01m\x1b[K/opt/ros/humble/include/rclcpp/rclcpp/rclcpp.hpp:155\x1b[m\x1b[K,\n'}
[3.525035] (my_slam_pkg) StderrLine: {'line': b'                 from \x1b[01m\x1b[K/home/alr/Desktop/new_perception/new_eufs_ws/src/my_slam_pkg/src/Slam.cpp:8\x1b[m\x1b[K:\n'}
[3.525064] (my_slam_pkg) StderrLine: {'line': b'\x1b[01m\x1b[K/home/alr/Desktop/new_perception/new_eufs_ws/src/my_slam_pkg/src/Slam.cpp:224:25:\x1b[m\x1b[K \x1b[01;31m\x1b[Kerror: \x1b[m\x1b[Kinvalid use of \xe2\x80\x98\x1b[01m\x1b[Kthis\x1b[m\x1b[K\xe2\x80\x99 in non-member function\n'}
[3.525093] (my_slam_pkg) StderrLine: {'line': b'  224 |                         \x1b[01;31m\x1b[Kthis\x1b[m\x1b[K->get_logger(),\n'}
[3.525122] (my_slam_pkg) StderrLine: {'line': b'      |                         \x1b[01;31m\x1b[K^~~~\x1b[m\x1b[K\n'}
[3.525150] (my_slam_pkg) StderrLine: {'line': b'\x1b[01m\x1b[K/home/alr/Desktop/new_perception/new_eufs_ws/src/my_slam_pkg/src/Slam.cpp:224:25:\x1b[m\x1b[K \x1b[01;31m\x1b[Kerror: \x1b[m\x1b[Kinvalid use of \xe2\x80\x98\x1b[01m\x1b[Kthis\x1b[m\x1b[K\xe2\x80\x99 in non-member function\n'}
[3.525181] (my_slam_pkg) StderrLine: {'line': b'\x1b[01m\x1b[K/home/alr/Desktop/new_perception/new_eufs_ws/src/my_slam_pkg/src/Slam.cpp:223:21:\x1b[m\x1b[K \x1b[01;31m\x1b[Kerror: \x1b[m\x1b[Ktemplate argument 1 is invalid\n'}
[3.525209] (my_slam_pkg) StderrLine: {'line': b'  223 |                     \x1b[01;31m\x1b[KRCLCPP_INFO\x1b[m\x1b[K(\n'}
[3.525235] (my_slam_pkg) StderrLine: {'line': b'      |                     \x1b[01;31m\x1b[K^~~~~~~~~~~\x1b[m\x1b[K\n'}
[3.525262] (my_slam_pkg) StderrLine: {'line': b'In file included from \x1b[01m\x1b[K/opt/ros/humble/include/rclcpp/rclcpp/logging.hpp:24\x1b[m\x1b[K,\n'}
[3.525289] (my_slam_pkg) StderrLine: {'line': b'                 from \x1b[01m\x1b[K/opt/ros/humble/include/rclcpp/rclcpp/client.hpp:40\x1b[m\x1b[K,\n'}
[3.525315] (my_slam_pkg) StderrLine: {'line': b'                 from \x1b[01m\x1b[K/opt/ros/humble/include/rclcpp/rclcpp/callback_group.hpp:24\x1b[m\x1b[K,\n'}
[3.525342] (my_slam_pkg) StderrLine: {'line': b'                 from \x1b[01m\x1b[K/opt/ros/humble/include/rclcpp/rclcpp/any_executable.hpp:20\x1b[m\x1b[K,\n'}
[3.525369] (my_slam_pkg) StderrLine: {'line': b'                 from \x1b[01m\x1b[K/opt/ros/humble/include/rclcpp/rclcpp/memory_strategy.hpp:25\x1b[m\x1b[K,\n'}
[3.525396] (my_slam_pkg) StderrLine: {'line': b'                 from \x1b[01m\x1b[K/opt/ros/humble/include/rclcpp/rclcpp/memory_strategies.hpp:18\x1b[m\x1b[K,\n'}
[3.525422] (my_slam_pkg) StderrLine: {'line': b'                 from \x1b[01m\x1b[K/opt/ros/humble/include/rclcpp/rclcpp/executor_options.hpp:20\x1b[m\x1b[K,\n'}
[3.525448] (my_slam_pkg) StderrLine: {'line': b'                 from \x1b[01m\x1b[K/opt/ros/humble/include/rclcpp/rclcpp/executor.hpp:37\x1b[m\x1b[K,\n'}
[3.525473] (my_slam_pkg) StderrLine: {'line': b'                 from \x1b[01m\x1b[K/opt/ros/humble/include/rclcpp/rclcpp/executors/multi_threaded_executor.hpp:25\x1b[m\x1b[K,\n'}
[3.525500] (my_slam_pkg) StderrLine: {'line': b'                 from \x1b[01m\x1b[K/opt/ros/humble/include/rclcpp/rclcpp/executors.hpp:21\x1b[m\x1b[K,\n'}
[3.525528] (my_slam_pkg) StderrLine: {'line': b'                 from \x1b[01m\x1b[K/opt/ros/humble/include/rclcpp/rclcpp/rclcpp.hpp:155\x1b[m\x1b[K,\n'}
[3.525554] (my_slam_pkg) StderrLine: {'line': b'                 from \x1b[01m\x1b[K/home/alr/Desktop/new_perception/new_eufs_ws/src/my_slam_pkg/src/Slam.cpp:8\x1b[m\x1b[K:\n'}
[3.525583] (my_slam_pkg) StderrLine: {'line': b'\x1b[01m\x1b[K/home/alr/Desktop/new_perception/new_eufs_ws/src/my_slam_pkg/src/Slam.cpp:224:25:\x1b[m\x1b[K \x1b[01;31m\x1b[Kerror: \x1b[m\x1b[Kinvalid use of \xe2\x80\x98\x1b[01m\x1b[Kthis\x1b[m\x1b[K\xe2\x80\x99 in non-member function\n'}
[3.525610] (my_slam_pkg) StderrLine: {'line': b'  224 |                         \x1b[01;31m\x1b[Kthis\x1b[m\x1b[K->get_logger(),\n'}
[3.525636] (my_slam_pkg) StderrLine: {'line': b'      |                         \x1b[01;31m\x1b[K^~~~\x1b[m\x1b[K\n'}
[3.525662] (my_slam_pkg) StderrLine: {'line': b'\x1b[01m\x1b[K/home/alr/Desktop/new_perception/new_eufs_ws/src/my_slam_pkg/src/Slam.cpp:224:25:\x1b[m\x1b[K \x1b[01;31m\x1b[Kerror: \x1b[m\x1b[Kinvalid use of \xe2\x80\x98\x1b[01m\x1b[Kthis\x1b[m\x1b[K\xe2\x80\x99 in non-member function\n'}
[3.525693] (my_slam_pkg) StderrLine: {'line': b'  224 |                         \x1b[01;31m\x1b[Kthis\x1b[m\x1b[K->get_logger(),\n'}
[3.525725] (my_slam_pkg) StderrLine: {'line': b'      |                         \x1b[01;31m\x1b[K^~~~\x1b[m\x1b[K\n'}
[3.572484] (my_slam_pkg) StderrLine: {'line': b'In file included from \x1b[01m\x1b[K/opt/ros/humble/include/rclcpp/rclcpp/client.hpp:40\x1b[m\x1b[K,\n'}
[3.572865] (my_slam_pkg) StderrLine: {'line': b'                 from \x1b[01m\x1b[K/opt/ros/humble/include/rclcpp/rclcpp/callback_group.hpp:24\x1b[m\x1b[K,\n'}
[3.572968] (my_slam_pkg) StderrLine: {'line': b'                 from \x1b[01m\x1b[K/opt/ros/humble/include/rclcpp/rclcpp/any_executable.hpp:20\x1b[m\x1b[K,\n'}
[3.573040] (my_slam_pkg) StderrLine: {'line': b'                 from \x1b[01m\x1b[K/opt/ros/humble/include/rclcpp/rclcpp/memory_strategy.hpp:25\x1b[m\x1b[K,\n'}
[3.573123] (my_slam_pkg) StderrLine: {'line': b'                 from \x1b[01m\x1b[K/opt/ros/humble/include/rclcpp/rclcpp/memory_strategies.hpp:18\x1b[m\x1b[K,\n'}
[3.573191] (my_slam_pkg) StderrLine: {'line': b'                 from \x1b[01m\x1b[K/opt/ros/humble/include/rclcpp/rclcpp/executor_options.hpp:20\x1b[m\x1b[K,\n'}
[3.573256] (my_slam_pkg) StderrLine: {'line': b'                 from \x1b[01m\x1b[K/opt/ros/humble/include/rclcpp/rclcpp/executor.hpp:37\x1b[m\x1b[K,\n'}
[3.573320] (my_slam_pkg) StderrLine: {'line': b'                 from \x1b[01m\x1b[K/opt/ros/humble/include/rclcpp/rclcpp/executors/multi_threaded_executor.hpp:25\x1b[m\x1b[K,\n'}
[3.573387] (my_slam_pkg) StderrLine: {'line': b'                 from \x1b[01m\x1b[K/opt/ros/humble/include/rclcpp/rclcpp/executors.hpp:21\x1b[m\x1b[K,\n'}
[3.573451] (my_slam_pkg) StderrLine: {'line': b'                 from \x1b[01m\x1b[K/opt/ros/humble/include/rclcpp/rclcpp/rclcpp.hpp:155\x1b[m\x1b[K,\n'}
[3.573515] (my_slam_pkg) StderrLine: {'line': b'                 from \x1b[01m\x1b[K/home/alr/Desktop/new_perception/new_eufs_ws/src/my_slam_pkg/src/Slam.cpp:8\x1b[m\x1b[K:\n'}
[3.573579] (my_slam_pkg) StderrLine: {'line': b'\x1b[01m\x1b[K/home/alr/Desktop/new_perception/new_eufs_ws/src/my_slam_pkg/src/Slam.cpp:237:24:\x1b[m\x1b[K \x1b[01;31m\x1b[Kerror: \x1b[m\x1b[Kinvalid use of \xe2\x80\x98\x1b[01m\x1b[Kthis\x1b[m\x1b[K\xe2\x80\x99 in non-member function\n'}
[3.573646] (my_slam_pkg) StderrLine: {'line': b'  237 |                        \x1b[01;31m\x1b[Kthis\x1b[m\x1b[K->get_logger(),\n'}
[3.573721] (my_slam_pkg) StderrLine: {'line': b'      |                        \x1b[01;31m\x1b[K^~~~\x1b[m\x1b[K\n'}
[3.573791] (my_slam_pkg) StderrLine: {'line': b'\x1b[01m\x1b[K/home/alr/Desktop/new_perception/new_eufs_ws/src/my_slam_pkg/src/Slam.cpp:237:24:\x1b[m\x1b[K \x1b[01;31m\x1b[Kerror: \x1b[m\x1b[Kinvalid use of \xe2\x80\x98\x1b[01m\x1b[Kthis\x1b[m\x1b[K\xe2\x80\x99 in non-member function\n'}
[3.573856] (my_slam_pkg) StderrLine: {'line': b'\x1b[01m\x1b[K/home/alr/Desktop/new_perception/new_eufs_ws/src/my_slam_pkg/src/Slam.cpp:236:21:\x1b[m\x1b[K \x1b[01;31m\x1b[Kerror: \x1b[m\x1b[Ktemplate argument 1 is invalid\n'}
[3.573922] (my_slam_pkg) StderrLine: {'line': b'  236 |                     \x1b[01;31m\x1b[KRCLCPP_INFO\x1b[m\x1b[K(\n'}
[3.573985] (my_slam_pkg) StderrLine: {'line': b'      |                     \x1b[01;31m\x1b[K^~~~~~~~~~~\x1b[m\x1b[K\n'}
[3.574049] (my_slam_pkg) StderrLine: {'line': b'In file included from \x1b[01m\x1b[K/opt/ros/humble/include/rclcpp/rclcpp/logging.hpp:24\x1b[m\x1b[K,\n'}
[3.574113] (my_slam_pkg) StderrLine: {'line': b'                 from \x1b[01m\x1b[K/opt/ros/humble/include/rclcpp/rclcpp/client.hpp:40\x1b[m\x1b[K,\n'}
[3.574176] (my_slam_pkg) StderrLine: {'line': b'                 from \x1b[01m\x1b[K/opt/ros/humble/include/rclcpp/rclcpp/callback_group.hpp:24\x1b[m\x1b[K,\n'}
[3.574240] (my_slam_pkg) StderrLine: {'line': b'                 from \x1b[01m\x1b[K/opt/ros/humble/include/rclcpp/rclcpp/any_executable.hpp:20\x1b[m\x1b[K,\n'}
[3.574304] (my_slam_pkg) StderrLine: {'line': b'                 from \x1b[01m\x1b[K/opt/ros/humble/include/rclcpp/rclcpp/memory_strategy.hpp:25\x1b[m\x1b[K,\n'}
[3.574368] (my_slam_pkg) StderrLine: {'line': b'                 from \x1b[01m\x1b[K/opt/ros/humble/include/rclcpp/rclcpp/memory_strategies.hpp:18\x1b[m\x1b[K,\n'}
[3.574432] (my_slam_pkg) StderrLine: {'line': b'                 from \x1b[01m\x1b[K/opt/ros/humble/include/rclcpp/rclcpp/executor_options.hpp:20\x1b[m\x1b[K,\n'}
[3.574496] (my_slam_pkg) StderrLine: {'line': b'                 from \x1b[01m\x1b[K/opt/ros/humble/include/rclcpp/rclcpp/executor.hpp:37\x1b[m\x1b[K,\n'}
[3.574559] (my_slam_pkg) StderrLine: {'line': b'                 from \x1b[01m\x1b[K/opt/ros/humble/include/rclcpp/rclcpp/executors/multi_threaded_executor.hpp:25\x1b[m\x1b[K,\n'}
[3.574624] (my_slam_pkg) StderrLine: {'line': b'                 from \x1b[01m\x1b[K/opt/ros/humble/include/rclcpp/rclcpp/executors.hpp:21\x1b[m\x1b[K,\n'}
[3.574694] (my_slam_pkg) StderrLine: {'line': b'                 from \x1b[01m\x1b[K/opt/ros/humble/include/rclcpp/rclcpp/rclcpp.hpp:155\x1b[m\x1b[K,\n'}
[3.574766] (my_slam_pkg) StderrLine: {'line': b'                 from \x1b[01m\x1b[K/home/alr/Desktop/new_perception/new_eufs_ws/src/my_slam_pkg/src/Slam.cpp:8\x1b[m\x1b[K:\n'}
[3.574830] (my_slam_pkg) StderrLine: {'line': b'\x1b[01m\x1b[K/home/alr/Desktop/new_perception/new_eufs_ws/src/my_slam_pkg/src/Slam.cpp:237:24:\x1b[m\x1b[K \x1b[01;31m\x1b[Kerror: \x1b[m\x1b[Kinvalid use of \xe2\x80\x98\x1b[01m\x1b[Kthis\x1b[m\x1b[K\xe2\x80\x99 in non-member function\n'}
[3.574894] (my_slam_pkg) StderrLine: {'line': b'  237 |                        \x1b[01;31m\x1b[Kthis\x1b[m\x1b[K->get_logger(),\n'}
[3.574964] (my_slam_pkg) StderrLine: {'line': b'      |                        \x1b[01;31m\x1b[K^~~~\x1b[m\x1b[K\n'}
[3.575029] (my_slam_pkg) StderrLine: {'line': b'\x1b[01m\x1b[K/home/alr/Desktop/new_perception/new_eufs_ws/src/my_slam_pkg/src/Slam.cpp:237:24:\x1b[m\x1b[K \x1b[01;31m\x1b[Kerror: \x1b[m\x1b[Kinvalid use of \xe2\x80\x98\x1b[01m\x1b[Kthis\x1b[m\x1b[K\xe2\x80\x99 in non-member function\n'}
[3.575099] (my_slam_pkg) StderrLine: {'line': b'  237 |                        \x1b[01;31m\x1b[Kthis\x1b[m\x1b[K->get_logger(),\n'}
[3.575168] (my_slam_pkg) StderrLine: {'line': b'      |                        \x1b[01;31m\x1b[K^~~~\x1b[m\x1b[K\n'}
[3.575232] (my_slam_pkg) StderrLine: {'line': b'In file included from \x1b[01m\x1b[K/opt/ros/humble/include/rclcpp/rclcpp/client.hpp:40\x1b[m\x1b[K,\n'}
[3.575296] (my_slam_pkg) StderrLine: {'line': b'                 from \x1b[01m\x1b[K/opt/ros/humble/include/rclcpp/rclcpp/callback_group.hpp:24\x1b[m\x1b[K,\n'}
[3.575360] (my_slam_pkg) StderrLine: {'line': b'                 from \x1b[01m\x1b[K/opt/ros/humble/include/rclcpp/rclcpp/any_executable.hpp:20\x1b[m\x1b[K,\n'}
[3.575424] (my_slam_pkg) StderrLine: {'line': b'                 from \x1b[01m\x1b[K/opt/ros/humble/include/rclcpp/rclcpp/memory_strategy.hpp:25\x1b[m\x1b[K,\n'}
[3.575487] (my_slam_pkg) StderrLine: {'line': b'                 from \x1b[01m\x1b[K/opt/ros/humble/include/rclcpp/rclcpp/memory_strategies.hpp:18\x1b[m\x1b[K,\n'}
[3.575557] (my_slam_pkg) StderrLine: {'line': b'                 from \x1b[01m\x1b[K/opt/ros/humble/include/rclcpp/rclcpp/executor_options.hpp:20\x1b[m\x1b[K,\n'}
[3.575621] (my_slam_pkg) StderrLine: {'line': b'                 from \x1b[01m\x1b[K/opt/ros/humble/include/rclcpp/rclcpp/executor.hpp:37\x1b[m\x1b[K,\n'}
[3.575685] (my_slam_pkg) StderrLine: {'line': b'                 from \x1b[01m\x1b[K/opt/ros/humble/include/rclcpp/rclcpp/executors/multi_threaded_executor.hpp:25\x1b[m\x1b[K,\n'}
[3.575757] (my_slam_pkg) StderrLine: {'line': b'                 from \x1b[01m\x1b[K/opt/ros/humble/include/rclcpp/rclcpp/executors.hpp:21\x1b[m\x1b[K,\n'}
[3.575823] (my_slam_pkg) StderrLine: {'line': b'                 from \x1b[01m\x1b[K/opt/ros/humble/include/rclcpp/rclcpp/rclcpp.hpp:155\x1b[m\x1b[K,\n'}
[3.575886] (my_slam_pkg) StderrLine: {'line': b'                 from \x1b[01m\x1b[K/home/alr/Desktop/new_perception/new_eufs_ws/src/my_slam_pkg/src/Slam.cpp:8\x1b[m\x1b[K:\n'}
[3.575950] (my_slam_pkg) StderrLine: {'line': b'\x1b[01m\x1b[K/home/alr/Desktop/new_perception/new_eufs_ws/src/my_slam_pkg/src/Slam.cpp:251:24:\x1b[m\x1b[K \x1b[01;31m\x1b[Kerror: \x1b[m\x1b[Kinvalid use of \xe2\x80\x98\x1b[01m\x1b[Kthis\x1b[m\x1b[K\xe2\x80\x99 in non-member function\n'}
[3.576014] (my_slam_pkg) StderrLine: {'line': b'  251 |                        \x1b[01;31m\x1b[Kthis\x1b[m\x1b[K->get_logger(),\n'}
[3.576077] (my_slam_pkg) StderrLine: {'line': b'      |                        \x1b[01;31m\x1b[K^~~~\x1b[m\x1b[K\n'}
[3.576141] (my_slam_pkg) StderrLine: {'line': b'\x1b[01m\x1b[K/home/alr/Desktop/new_perception/new_eufs_ws/src/my_slam_pkg/src/Slam.cpp:251:24:\x1b[m\x1b[K \x1b[01;31m\x1b[Kerror: \x1b[m\x1b[Kinvalid use of \xe2\x80\x98\x1b[01m\x1b[Kthis\x1b[m\x1b[K\xe2\x80\x99 in non-member function\n'}
[3.576211] (my_slam_pkg) StderrLine: {'line': b'\x1b[01m\x1b[K/home/alr/Desktop/new_perception/new_eufs_ws/src/my_slam_pkg/src/Slam.cpp:250:21:\x1b[m\x1b[K \x1b[01;31m\x1b[Kerror: \x1b[m\x1b[Ktemplate argument 1 is invalid\n'}
[3.576275] (my_slam_pkg) StderrLine: {'line': b'  250 |                     \x1b[01;31m\x1b[KRCLCPP_INFO\x1b[m\x1b[K(\n'}
[3.576339] (my_slam_pkg) StderrLine: {'line': b'      |                     \x1b[01;31m\x1b[K^~~~~~~~~~~\x1b[m\x1b[K\n'}
[3.576402] (my_slam_pkg) StderrLine: {'line': b'In file included from \x1b[01m\x1b[K/opt/ros/humble/include/rclcpp/rclcpp/logging.hpp:24\x1b[m\x1b[K,\n'}
[3.576466] (my_slam_pkg) StderrLine: {'line': b'                 from \x1b[01m\x1b[K/opt/ros/humble/include/rclcpp/rclcpp/client.hpp:40\x1b[m\x1b[K,\n'}
[3.576529] (my_slam_pkg) StderrLine: {'line': b'                 from \x1b[01m\x1b[K/opt/ros/humble/include/rclcpp/rclcpp/callback_group.hpp:24\x1b[m\x1b[K,\n'}
[3.576594] (my_slam_pkg) StderrLine: {'line': b'                 from \x1b[01m\x1b[K/opt/ros/humble/include/rclcpp/rclcpp/any_executable.hpp:20\x1b[m\x1b[K,\n'}
[3.576658] (my_slam_pkg) StderrLine: {'line': b'                 from \x1b[01m\x1b[K/opt/ros/humble/include/rclcpp/rclcpp/memory_strategy.hpp:25\x1b[m\x1b[K,\n'}
[3.576729] (my_slam_pkg) StderrLine: {'line': b'                 from \x1b[01m\x1b[K/opt/ros/humble/include/rclcpp/rclcpp/memory_strategies.hpp:18\x1b[m\x1b[K,\n'}
[3.576795] (my_slam_pkg) StderrLine: {'line': b'                 from \x1b[01m\x1b[K/opt/ros/humble/include/rclcpp/rclcpp/executor_options.hpp:20\x1b[m\x1b[K,\n'}
[3.576859] (my_slam_pkg) StderrLine: {'line': b'                 from \x1b[01m\x1b[K/opt/ros/humble/include/rclcpp/rclcpp/executor.hpp:37\x1b[m\x1b[K,\n'}
[3.576926] (my_slam_pkg) StderrLine: {'line': b'                 from \x1b[01m\x1b[K/opt/ros/humble/include/rclcpp/rclcpp/executors/multi_threaded_executor.hpp:25\x1b[m\x1b[K,\n'}
[3.576990] (my_slam_pkg) StderrLine: {'line': b'                 from \x1b[01m\x1b[K/opt/ros/humble/include/rclcpp/rclcpp/executors.hpp:21\x1b[m\x1b[K,\n'}
[3.577054] (my_slam_pkg) StderrLine: {'line': b'                 from \x1b[01m\x1b[K/opt/ros/humble/include/rclcpp/rclcpp/rclcpp.hpp:155\x1b[m\x1b[K,\n'}
[3.577117] (my_slam_pkg) StderrLine: {'line': b'                 from \x1b[01m\x1b[K/home/alr/Desktop/new_perception/new_eufs_ws/src/my_slam_pkg/src/Slam.cpp:8\x1b[m\x1b[K:\n'}
[3.577181] (my_slam_pkg) StderrLine: {'line': b'\x1b[01m\x1b[K/home/alr/Desktop/new_perception/new_eufs_ws/src/my_slam_pkg/src/Slam.cpp:251:24:\x1b[m\x1b[K \x1b[01;31m\x1b[Kerror: \x1b[m\x1b[Kinvalid use of \xe2\x80\x98\x1b[01m\x1b[Kthis\x1b[m\x1b[K\xe2\x80\x99 in non-member function\n'}
[3.577245] (my_slam_pkg) StderrLine: {'line': b'  251 |                        \x1b[01;31m\x1b[Kthis\x1b[m\x1b[K->get_logger(),\n'}
[3.577309] (my_slam_pkg) StderrLine: {'line': b'      |                        \x1b[01;31m\x1b[K^~~~\x1b[m\x1b[K\n'}
[3.577373] (my_slam_pkg) StderrLine: {'line': b'\x1b[01m\x1b[K/home/alr/Desktop/new_perception/new_eufs_ws/src/my_slam_pkg/src/Slam.cpp:251:24:\x1b[m\x1b[K \x1b[01;31m\x1b[Kerror: \x1b[m\x1b[Kinvalid use of \xe2\x80\x98\x1b[01m\x1b[Kthis\x1b[m\x1b[K\xe2\x80\x99 in non-member function\n'}
[3.577438] (my_slam_pkg) StderrLine: {'line': b'  251 |                        \x1b[01;31m\x1b[Kthis\x1b[m\x1b[K->get_logger(),\n'}
[3.577503] (my_slam_pkg) StderrLine: {'line': b'      |                        \x1b[01;31m\x1b[K^~~~\x1b[m\x1b[K\n'}
[3.601959] (my_slam_pkg) StderrLine: {'line': b'\x1b[01m\x1b[K/home/alr/Desktop/new_perception/new_eufs_ws/src/my_slam_pkg/src/Slam.cpp:277:74:\x1b[m\x1b[K \x1b[01;31m\x1b[Kerror: \x1b[m\x1b[K\xe2\x80\x98\x1b[01m\x1b[KR_obs_\x1b[m\x1b[K\xe2\x80\x99 was not declared in this scope\n'}
[3.602217] (my_slam_pkg) StderrLine: {'line': b'  277 |                     Eigen::Matrix2d S = Hf * lm.sigma * Hf.transpose() + \x1b[01;31m\x1b[KR_obs_\x1b[m\x1b[K;\n'}
[3.602292] (my_slam_pkg) StderrLine: {'line': b'      |                                                                          \x1b[01;31m\x1b[K^~~~~~\x1b[m\x1b[K\n'}
[3.608202] (my_slam_pkg) StderrLine: {'line': b'\x1b[01m\x1b[K/home/alr/Desktop/new_perception/new_eufs_ws/src/my_slam_pkg/src/Slam.cpp:282:26:\x1b[m\x1b[K \x1b[01;31m\x1b[Kerror: \x1b[m\x1b[K\xe2\x80\x98\x1b[01m\x1b[Klap_closed_\x1b[m\x1b[K\xe2\x80\x99 was not declared in this scope\n'}
[3.608429] (my_slam_pkg) StderrLine: {'line': b'  282 |                     if (!\x1b[01;31m\x1b[Klap_closed_\x1b[m\x1b[K) {\n'}
[3.608515] (my_slam_pkg) StderrLine: {'line': b'      |                          \x1b[01;31m\x1b[K^~~~~~~~~~~\x1b[m\x1b[K\n'}
[3.613963] (-) TimerEvent: {}
[3.714313] (-) TimerEvent: {}
[3.814553] (my_slam_pkg) StderrLine: {'line': b'\x1b[01m\x1b[K/home/alr/Desktop/new_perception/new_eufs_ws/src/my_slam_pkg/src/Slam.cpp:307:11:\x1b[m\x1b[K \x1b[01;31m\x1b[Kerror: \x1b[m\x1b[K\xe2\x80\x98\x1b[01m\x1b[Klap_closed_\x1b[m\x1b[K\xe2\x80\x99 was not declared in this scope\n'}
[3.814785] (-) TimerEvent: {}
[3.814909] (my_slam_pkg) StderrLine: {'line': b'  307 | else if (!\x1b[01;31m\x1b[Klap_closed_\x1b[m\x1b[K)\n'}
[3.815010] (my_slam_pkg) StderrLine: {'line': b'      |           \x1b[01;31m\x1b[K^~~~~~~~~~~\x1b[m\x1b[K\n'}
[3.819224] (my_slam_pkg) StderrLine: {'line': b'\x1b[01m\x1b[K/home/alr/Desktop/new_perception/new_eufs_ws/src/my_slam_pkg/src/Slam.cpp:311:10:\x1b[m\x1b[K \x1b[01;31m\x1b[Kerror: \x1b[m\x1b[K\xe2\x80\x98\x1b[01m\x1b[Ktotal_dist_\x1b[m\x1b[K\xe2\x80\x99 was not declared in this scope\n'}
[3.819331] (my_slam_pkg) StderrLine: {'line': b'  311 |         (\x1b[01;31m\x1b[Ktotal_dist_\x1b[m\x1b[K > 30.0 && dist_to_origin < 15.0);\n'}
[3.819413] (my_slam_pkg) StderrLine: {'line': b'      |          \x1b[01;31m\x1b[K^~~~~~~~~~~\x1b[m\x1b[K\n'}
[3.823485] (my_slam_pkg) StderrLine: {'line': b'\x1b[01m\x1b[K/home/alr/Desktop/new_perception/new_eufs_ws/src/my_slam_pkg/src/Slam.cpp:344:33:\x1b[m\x1b[K \x1b[01;31m\x1b[Kerror: \x1b[m\x1b[K\xe2\x80\x98\x1b[01m\x1b[KR_obs_\x1b[m\x1b[K\xe2\x80\x99 was not declared in this scope\n'}
[3.823616] (my_slam_pkg) StderrLine: {'line': b'  344 |             new_lm.sigma = Gz * \x1b[01;31m\x1b[KR_obs_\x1b[m\x1b[K * Gz.transpose();\n'}
[3.823717] (my_slam_pkg) StderrLine: {'line': b'      |                                 \x1b[01;31m\x1b[K^~~~~~\x1b[m\x1b[K\n'}
[3.829796] (my_slam_pkg) StderrLine: {'line': b'\x1b[01m\x1b[K/home/alr/Desktop/new_perception/new_eufs_ws/src/my_slam_pkg/src/Slam.cpp:\x1b[m\x1b[K In function \xe2\x80\x98\x1b[01m\x1b[Kvoid resampleParticles()\x1b[m\x1b[K\xe2\x80\x99:\n'}
[3.830021] (my_slam_pkg) StderrLine: {'line': b'\x1b[01m\x1b[K/home/alr/Desktop/new_perception/new_eufs_ws/src/my_slam_pkg/src/Slam.cpp:359:30:\x1b[m\x1b[K \x1b[01;31m\x1b[Kerror: \x1b[m\x1b[K\xe2\x80\x98\x1b[01m\x1b[Kparticles_\x1b[m\x1b[K\xe2\x80\x99 was not declared in this scope; did you mean \xe2\x80\x98\x1b[01m\x1b[KParticle\x1b[m\x1b[K\xe2\x80\x99?\n'}
[3.830110] (my_slam_pkg) StderrLine: {'line': b'  359 |         for (const auto &p : \x1b[01;31m\x1b[Kparticles_\x1b[m\x1b[K) sum_w += p.weight;\n'}
[3.830190] (my_slam_pkg) StderrLine: {'line': b'      |                              \x1b[01;31m\x1b[K^~~~~~~~~~\x1b[m\x1b[K\n'}
[3.830267] (my_slam_pkg) StderrLine: {'line': b'      |                              \x1b[32m\x1b[KParticle\x1b[m\x1b[K\n'}
[3.834313] (my_slam_pkg) StderrLine: {'line': b'\x1b[01m\x1b[K/home/alr/Desktop/new_perception/new_eufs_ws/src/my_slam_pkg/src/Slam.cpp:362:28:\x1b[m\x1b[K \x1b[01;31m\x1b[Kerror: \x1b[m\x1b[K\xe2\x80\x98\x1b[01m\x1b[Kparticles_\x1b[m\x1b[K\xe2\x80\x99 was not declared in this scope; did you mean \xe2\x80\x98\x1b[01m\x1b[KParticle\x1b[m\x1b[K\xe2\x80\x99?\n'}
[3.834532] (my_slam_pkg) StderrLine: {'line': b'  362 |             for (auto &p : \x1b[01;31m\x1b[Kparticles_\x1b[m\x1b[K) p.weight = 1.0 / num_particles_;\n'}
[3.834622] (my_slam_pkg) StderrLine: {'line': b'      |                            \x1b[01;31m\x1b[K^~~~~~~~~~\x1b[m\x1b[K\n'}
[3.834709] (my_slam_pkg) StderrLine: {'line': b'      |                            \x1b[32m\x1b[KParticle\x1b[m\x1b[K\n'}
[3.839512] (my_slam_pkg) StderrLine: {'line': b'\x1b[01m\x1b[K/home/alr/Desktop/new_perception/new_eufs_ws/src/my_slam_pkg/src/Slam.cpp:362:57:\x1b[m\x1b[K \x1b[01;31m\x1b[Kerror: \x1b[m\x1b[K\xe2\x80\x98\x1b[01m\x1b[Knum_particles_\x1b[m\x1b[K\xe2\x80\x99 was not declared in this scope\n'}
[3.839751] (my_slam_pkg) StderrLine: {'line': b'  362 |             for (auto &p : particles_) p.weight = 1.0 / \x1b[01;31m\x1b[Knum_particles_\x1b[m\x1b[K;\n'}
[3.839838] (my_slam_pkg) StderrLine: {'line': b'      |                                                         \x1b[01;31m\x1b[K^~~~~~~~~~~~~~\x1b[m\x1b[K\n'}
[3.843690] (my_slam_pkg) StderrLine: {'line': b'\x1b[01m\x1b[K/home/alr/Desktop/new_perception/new_eufs_ws/src/my_slam_pkg/src/Slam.cpp:367:24:\x1b[m\x1b[K \x1b[01;31m\x1b[Kerror: \x1b[m\x1b[K\xe2\x80\x98\x1b[01m\x1b[Kparticles_\x1b[m\x1b[K\xe2\x80\x99 was not declared in this scope; did you mean \xe2\x80\x98\x1b[01m\x1b[KParticle\x1b[m\x1b[K\xe2\x80\x99?\n'}
[3.843999] (my_slam_pkg) StderrLine: {'line': b'  367 |         for (auto &p : \x1b[01;31m\x1b[Kparticles_\x1b[m\x1b[K) {\n'}
[3.844047] (my_slam_pkg) StderrLine: {'line': b'      |                        \x1b[01;31m\x1b[K^~~~~~~~~~\x1b[m\x1b[K\n'}
[3.844085] (my_slam_pkg) StderrLine: {'line': b'      |                        \x1b[32m\x1b[KParticle\x1b[m\x1b[K\n'}
[3.848737] (my_slam_pkg) StderrLine: {'line': b'\x1b[01m\x1b[K/home/alr/Desktop/new_perception/new_eufs_ws/src/my_slam_pkg/src/Slam.cpp:373:22:\x1b[m\x1b[K \x1b[01;31m\x1b[Kerror: \x1b[m\x1b[K\xe2\x80\x98\x1b[01m\x1b[Knum_particles_\x1b[m\x1b[K\xe2\x80\x99 was not declared in this scope\n'}
[3.848879] (my_slam_pkg) StderrLine: {'line': b'  373 |         if (n_eff >= \x1b[01;31m\x1b[Knum_particles_\x1b[m\x1b[K / 2.0) return;\n'}
[3.848921] (my_slam_pkg) StderrLine: {'line': b'      |                      \x1b[01;31m\x1b[K^~~~~~~~~~~~~~\x1b[m\x1b[K\n'}
[3.853189] (my_slam_pkg) StderrLine: {'line': b'\x1b[01m\x1b[K/home/alr/Desktop/new_perception/new_eufs_ws/src/my_slam_pkg/src/Slam.cpp:376:64:\x1b[m\x1b[K \x1b[01;31m\x1b[Kerror: \x1b[m\x1b[K\xe2\x80\x98\x1b[01m\x1b[Knum_particles_\x1b[m\x1b[K\xe2\x80\x99 was not declared in this scope; did you mean \xe2\x80\x98\x1b[01m\x1b[Knew_particles\x1b[m\x1b[K\xe2\x80\x99?\n'}
[3.853356] (my_slam_pkg) StderrLine: {'line': b'  376 |         std::uniform_real_distribution<double> dist(0.0, 1.0 / \x1b[01;31m\x1b[Knum_particles_\x1b[m\x1b[K);\n'}
[3.853401] (my_slam_pkg) StderrLine: {'line': b'      |                                                                \x1b[01;31m\x1b[K^~~~~~~~~~~~~~\x1b[m\x1b[K\n'}
[3.853436] (my_slam_pkg) StderrLine: {'line': b'      |                                                                \x1b[32m\x1b[Knew_particles\x1b[m\x1b[K\n'}
[3.856819] (my_slam_pkg) StderrLine: {'line': b'\x1b[01m\x1b[K/home/alr/Desktop/new_perception/new_eufs_ws/src/my_slam_pkg/src/Slam.cpp:377:25:\x1b[m\x1b[K \x1b[01;31m\x1b[Kerror: \x1b[m\x1b[K\xe2\x80\x98\x1b[01m\x1b[Kgen_\x1b[m\x1b[K\xe2\x80\x99 was not declared in this scope\n'}
[3.856975] (my_slam_pkg) StderrLine: {'line': b'  377 |         double r = dist(\x1b[01;31m\x1b[Kgen_\x1b[m\x1b[K);\n'}
[3.857017] (my_slam_pkg) StderrLine: {'line': b'      |                         \x1b[01;31m\x1b[K^~~~\x1b[m\x1b[K\n'}
[3.861015] (my_slam_pkg) StderrLine: {'line': b'\x1b[01m\x1b[K/home/alr/Desktop/new_perception/new_eufs_ws/src/my_slam_pkg/src/Slam.cpp:378:20:\x1b[m\x1b[K \x1b[01;31m\x1b[Kerror: \x1b[m\x1b[K\xe2\x80\x98\x1b[01m\x1b[Kparticles_\x1b[m\x1b[K\xe2\x80\x99 was not declared in this scope; did you mean \xe2\x80\x98\x1b[01m\x1b[KParticle\x1b[m\x1b[K\xe2\x80\x99?\n'}
[3.861144] (my_slam_pkg) StderrLine: {'line': b'  378 |         double c = \x1b[01;31m\x1b[Kparticles_\x1b[m\x1b[K[0].weight;\n'}
[3.861188] (my_slam_pkg) StderrLine: {'line': b'      |                    \x1b[01;31m\x1b[K^~~~~~~~~~\x1b[m\x1b[K\n'}
[3.861225] (my_slam_pkg) StderrLine: {'line': b'      |                    \x1b[32m\x1b[KParticle\x1b[m\x1b[K\n'}
[3.865406] (my_slam_pkg) StderrLine: {'line': b'\x1b[01m\x1b[K/home/alr/Desktop/new_perception/new_eufs_ws/src/my_slam_pkg/src/Slam.cpp:\x1b[m\x1b[K In function \xe2\x80\x98\x1b[01m\x1b[KParticle getBestParticle()\x1b[m\x1b[K\xe2\x80\x99:\n'}
[3.865567] (my_slam_pkg) StderrLine: {'line': b'\x1b[01m\x1b[K/home/alr/Desktop/new_perception/new_eufs_ws/src/my_slam_pkg/src/Slam.cpp:405:25:\x1b[m\x1b[K \x1b[01;31m\x1b[Kerror: \x1b[m\x1b[K\xe2\x80\x98\x1b[01m\x1b[Kparticles_\x1b[m\x1b[K\xe2\x80\x99 was not declared in this scope; did you mean \xe2\x80\x98\x1b[01m\x1b[KParticle\x1b[m\x1b[K\xe2\x80\x99?\n'}
[3.865627] (my_slam_pkg) StderrLine: {'line': b'  405 |         Particle best = \x1b[01;31m\x1b[Kparticles_\x1b[m\x1b[K[0];\n'}
[3.865681] (my_slam_pkg) StderrLine: {'line': b'      |                         \x1b[01;31m\x1b[K^~~~~~~~~~\x1b[m\x1b[K\n'}
[3.865740] (my_slam_pkg) StderrLine: {'line': b'      |                         \x1b[32m\x1b[KParticle\x1b[m\x1b[K\n'}
[3.870551] (my_slam_pkg) StderrLine: {'line': b'\x1b[01m\x1b[K/home/alr/Desktop/new_perception/new_eufs_ws/src/my_slam_pkg/src/Slam.cpp:\x1b[m\x1b[K In function \xe2\x80\x98\x1b[01m\x1b[Kvoid runSLAM()\x1b[m\x1b[K\xe2\x80\x99:\n'}
[3.870705] (my_slam_pkg) StderrLine: {'line': b'\x1b[01m\x1b[K/home/alr/Desktop/new_perception/new_eufs_ws/src/my_slam_pkg/src/Slam.cpp:417:46:\x1b[m\x1b[K \x1b[01;31m\x1b[Kerror: \x1b[m\x1b[K\xe2\x80\x98\x1b[01m\x1b[Kslam_mutex_\x1b[m\x1b[K\xe2\x80\x99 was not declared in this scope\n'}
[3.870759] (my_slam_pkg) StderrLine: {'line': b'  417 |             std::lock_guard<std::mutex> lock(\x1b[01;31m\x1b[Kslam_mutex_\x1b[m\x1b[K);\n'}
[3.870795] (my_slam_pkg) StderrLine: {'line': b'      |                                              \x1b[01;31m\x1b[K^~~~~~~~~~~\x1b[m\x1b[K\n'}
[3.873129] (my_slam_pkg) StderrLine: {'line': b'\x1b[01m\x1b[K/home/alr/Desktop/new_perception/new_eufs_ws/src/my_slam_pkg/src/Slam.cpp:419:17:\x1b[m\x1b[K \x1b[01;31m\x1b[Kerror: \x1b[m\x1b[K\xe2\x80\x98\x1b[01m\x1b[Kdt_\x1b[m\x1b[K\xe2\x80\x99 was not declared in this scope\n'}
[3.873330] (my_slam_pkg) StderrLine: {'line': b'  419 |             if (\x1b[01;31m\x1b[Kdt_\x1b[m\x1b[K <= 0.0 || dt_ > 0.2) {\n'}
[3.873413] (my_slam_pkg) StderrLine: {'line': b'      |                 \x1b[01;31m\x1b[K^~~\x1b[m\x1b[K\n'}
[3.873487] (my_slam_pkg) StderrLine: {'line': b'\x1b[01m\x1b[K/home/alr/Desktop/new_perception/new_eufs_ws/src/my_slam_pkg/src/Slam.cpp:422:34:\x1b[m\x1b[K \x1b[01;31m\x1b[Kerror: \x1b[m\x1b[Kinvalid use of \xe2\x80\x98\x1b[01m\x1b[Kthis\x1b[m\x1b[K\xe2\x80\x99 in non-member function\n'}
[3.873562] (my_slam_pkg) StderrLine: {'line': b'  422 |                 t.header.stamp = \x1b[01;31m\x1b[Kthis\x1b[m\x1b[K->now(); t.header.frame_id = "map";\n'}
[3.873634] (my_slam_pkg) StderrLine: {'line': b'      |                                  \x1b[01;31m\x1b[K^~~~\x1b[m\x1b[K\n'}
[3.878196] (my_slam_pkg) StderrLine: {'line': b'\x1b[01m\x1b[K/home/alr/Desktop/new_perception/new_eufs_ws/src/my_slam_pkg/src/Slam.cpp:426:17:\x1b[m\x1b[K \x1b[01;31m\x1b[Kerror: \x1b[m\x1b[K\xe2\x80\x98\x1b[01m\x1b[Ktf_broadcaster_\x1b[m\x1b[K\xe2\x80\x99 was not declared in this scope\n'}
[3.878415] (my_slam_pkg) StderrLine: {'line': b'  426 |                 \x1b[01;31m\x1b[Ktf_broadcaster_\x1b[m\x1b[K->sendTransform(t);\n'}
[3.878500] (my_slam_pkg) StderrLine: {'line': b'      |                 \x1b[01;31m\x1b[K^~~~~~~~~~~~~~~\x1b[m\x1b[K\n'}
[3.881893] (my_slam_pkg) StderrLine: {'line': b'\x1b[01m\x1b[K/home/alr/Desktop/new_perception/new_eufs_ws/src/my_slam_pkg/src/Slam.cpp:429:23:\x1b[m\x1b[K \x1b[01;31m\x1b[Kerror: \x1b[m\x1b[K\xe2\x80\x98\x1b[01m\x1b[Kz_buffer_\x1b[m\x1b[K\xe2\x80\x99 was not declared in this scope\n'}
[3.882044] (my_slam_pkg) StderrLine: {'line': b'  429 |             local_z = \x1b[01;31m\x1b[Kz_buffer_\x1b[m\x1b[K; z_buffer_.clear();\n'}
[3.882127] (my_slam_pkg) StderrLine: {'line': b'      |                       \x1b[01;31m\x1b[K^~~~~~~~~\x1b[m\x1b[K\n'}
[3.884287] (my_slam_pkg) StderrLine: {'line': b'\x1b[01m\x1b[K/home/alr/Desktop/new_perception/new_eufs_ws/src/my_slam_pkg/src/Slam.cpp:430:24:\x1b[m\x1b[K \x1b[01;31m\x1b[Kerror: \x1b[m\x1b[K\xe2\x80\x98\x1b[01m\x1b[Kdt_\x1b[m\x1b[K\xe2\x80\x99 was not declared in this scope\n'}
[3.884449] (my_slam_pkg) StderrLine: {'line': b'  430 |             local_dt = \x1b[01;31m\x1b[Kdt_\x1b[m\x1b[K; dt_ = 0.0;\n'}
[3.884532] (my_slam_pkg) StderrLine: {'line': b'      |                        \x1b[01;31m\x1b[K^~~\x1b[m\x1b[K\n'}
[3.886752] (my_slam_pkg) StderrLine: {'line': b'\x1b[01m\x1b[K/home/alr/Desktop/new_perception/new_eufs_ws/src/my_slam_pkg/src/Slam.cpp:431:24:\x1b[m\x1b[K \x1b[01;31m\x1b[Kerror: \x1b[m\x1b[K\xe2\x80\x98\x1b[01m\x1b[Kvx_\x1b[m\x1b[K\xe2\x80\x99 was not declared in this scope\n'}
[3.886918] (my_slam_pkg) StderrLine: {'line': b'  431 |             local_vx = \x1b[01;31m\x1b[Kvx_\x1b[m\x1b[K; local_yaw_rate = yaw_rate_;\n'}
[3.887002] (my_slam_pkg) StderrLine: {'line': b'      |                        \x1b[01;31m\x1b[K^~~\x1b[m\x1b[K\n'}
[3.890609] (my_slam_pkg) StderrLine: {'line': b'\x1b[01m\x1b[K/home/alr/Desktop/new_perception/new_eufs_ws/src/my_slam_pkg/src/Slam.cpp:431:46:\x1b[m\x1b[K \x1b[01;31m\x1b[Kerror: \x1b[m\x1b[K\xe2\x80\x98\x1b[01m\x1b[Kyaw_rate_\x1b[m\x1b[K\xe2\x80\x99 was not declared in this scope\n'}
[3.890824] (my_slam_pkg) StderrLine: {'line': b'  431 |             local_vx = vx_; local_yaw_rate = \x1b[01;31m\x1b[Kyaw_rate_\x1b[m\x1b[K;\n'}
[3.890905] (my_slam_pkg) StderrLine: {'line': b'      |                                              \x1b[01;31m\x1b[K^~~~~~~~~\x1b[m\x1b[K\n'}
[3.894834] (my_slam_pkg) StderrLine: {'line': b'\x1b[01m\x1b[K/home/alr/Desktop/new_perception/new_eufs_ws/src/my_slam_pkg/src/Slam.cpp:436:9:\x1b[m\x1b[K \x1b[01;31m\x1b[Kerror: \x1b[m\x1b[K\xe2\x80\x98\x1b[01m\x1b[Ktotal_dist_\x1b[m\x1b[K\xe2\x80\x99 was not declared in this scope\n'}
[3.895008] (my_slam_pkg) StderrLine: {'line': b'  436 |         \x1b[01;31m\x1b[Ktotal_dist_\x1b[m\x1b[K += std::abs(local_vx) * local_dt;\n'}
[3.895093] (my_slam_pkg) StderrLine: {'line': b'      |         \x1b[01;31m\x1b[K^~~~~~~~~~~\x1b[m\x1b[K\n'}
[3.900381] (my_slam_pkg) StderrLine: {'line': b'\x1b[01m\x1b[K/home/alr/Desktop/new_perception/new_eufs_ws/src/my_slam_pkg/src/Slam.cpp:449:28:\x1b[m\x1b[K \x1b[01;31m\x1b[Kerror: \x1b[m\x1b[K\xe2\x80\x98\x1b[01m\x1b[Klast_lap_dist_\x1b[m\x1b[K\xe2\x80\x99 was not declared in this scope\n'}
[3.900606] (my_slam_pkg) StderrLine: {'line': b'  449 |         if ((total_dist_ - \x1b[01;31m\x1b[Klast_lap_dist_\x1b[m\x1b[K) >30.0 && orange_cones_seen >= 2 && dist_to_origin <1.0 && facing_forward) {\n'}
[3.900690] (my_slam_pkg) StderrLine: {'line': b'      |                            \x1b[01;31m\x1b[K^~~~~~~~~~~~~~\x1b[m\x1b[K\n'}
[3.904600] (my_slam_pkg) StderrLine: {'line': b'\x1b[01m\x1b[K/home/alr/Desktop/new_perception/new_eufs_ws/src/my_slam_pkg/src/Slam.cpp:450:13:\x1b[m\x1b[K \x1b[01;31m\x1b[Kerror: \x1b[m\x1b[K\xe2\x80\x98\x1b[01m\x1b[Klap_count_\x1b[m\x1b[K\xe2\x80\x99 was not declared in this scope\n'}
[3.904691] (my_slam_pkg) StderrLine: {'line': b'  450 |             \x1b[01;31m\x1b[Klap_count_\x1b[m\x1b[K++;\n'}
[3.904739] (my_slam_pkg) StderrLine: {'line': b'      |             \x1b[01;31m\x1b[K^~~~~~~~~~\x1b[m\x1b[K\n'}
[3.908410] (my_slam_pkg) StderrLine: {'line': b'\x1b[01m\x1b[K/home/alr/Desktop/new_perception/new_eufs_ws/src/my_slam_pkg/src/Slam.cpp:452:18:\x1b[m\x1b[K \x1b[01;31m\x1b[Kerror: \x1b[m\x1b[K\xe2\x80\x98\x1b[01m\x1b[Klap_closed_\x1b[m\x1b[K\xe2\x80\x99 was not declared in this scope\n'}
[3.908652] (my_slam_pkg) StderrLine: {'line': b'  452 |             if (!\x1b[01;31m\x1b[Klap_closed_\x1b[m\x1b[K) {\n'}
[3.908807] (my_slam_pkg) StderrLine: {'line': b'      |                  \x1b[01;31m\x1b[K^~~~~~~~~~~\x1b[m\x1b[K\n'}
[3.908891] (my_slam_pkg) StderrLine: {'line': b'In file included from \x1b[01m\x1b[K/opt/ros/humble/include/rclcpp/rclcpp/client.hpp:40\x1b[m\x1b[K,\n'}
[3.908968] (my_slam_pkg) StderrLine: {'line': b'                 from \x1b[01m\x1b[K/opt/ros/humble/include/rclcpp/rclcpp/callback_group.hpp:24\x1b[m\x1b[K,\n'}
[3.909043] (my_slam_pkg) StderrLine: {'line': b'                 from \x1b[01m\x1b[K/opt/ros/humble/include/rclcpp/rclcpp/any_executable.hpp:20\x1b[m\x1b[K,\n'}
[3.909130] (my_slam_pkg) StderrLine: {'line': b'                 from \x1b[01m\x1b[K/opt/ros/humble/include/rclcpp/rclcpp/memory_strategy.hpp:25\x1b[m\x1b[K,\n'}
[3.909201] (my_slam_pkg) StderrLine: {'line': b'                 from \x1b[01m\x1b[K/opt/ros/humble/include/rclcpp/rclcpp/memory_strategies.hpp:18\x1b[m\x1b[K,\n'}
[3.909273] (my_slam_pkg) StderrLine: {'line': b'                 from \x1b[01m\x1b[K/opt/ros/humble/include/rclcpp/rclcpp/executor_options.hpp:20\x1b[m\x1b[K,\n'}
[3.909343] (my_slam_pkg) StderrLine: {'line': b'                 from \x1b[01m\x1b[K/opt/ros/humble/include/rclcpp/rclcpp/executor.hpp:37\x1b[m\x1b[K,\n'}
[3.909413] (my_slam_pkg) StderrLine: {'line': b'                 from \x1b[01m\x1b[K/opt/ros/humble/include/rclcpp/rclcpp/executors/multi_threaded_executor.hpp:25\x1b[m\x1b[K,\n'}
[3.909482] (my_slam_pkg) StderrLine: {'line': b'                 from \x1b[01m\x1b[K/opt/ros/humble/include/rclcpp/rclcpp/executors.hpp:21\x1b[m\x1b[K,\n'}
[3.909549] (my_slam_pkg) StderrLine: {'line': b'                 from \x1b[01m\x1b[K/opt/ros/humble/include/rclcpp/rclcpp/rclcpp.hpp:155\x1b[m\x1b[K,\n'}
[3.909617] (my_slam_pkg) StderrLine: {'line': b'                 from \x1b[01m\x1b[K/home/alr/Desktop/new_perception/new_eufs_ws/src/my_slam_pkg/src/Slam.cpp:8\x1b[m\x1b[K:\n'}
[3.909685] (my_slam_pkg) StderrLine: {'line': b'\x1b[01m\x1b[K/home/alr/Desktop/new_perception/new_eufs_ws/src/my_slam_pkg/src/Slam.cpp:454:29:\x1b[m\x1b[K \x1b[01;31m\x1b[Kerror: \x1b[m\x1b[Kinvalid use of \xe2\x80\x98\x1b[01m\x1b[Kthis\x1b[m\x1b[K\xe2\x80\x99 in non-member function\n'}
[3.909764] (my_slam_pkg) StderrLine: {'line': b'  454 |                 RCLCPP_WARN(\x1b[01;31m\x1b[Kthis\x1b[m\x1b[K->get_logger(), "\xf0\x9f\x8f\x81 LAP 1 COMPLETE! Map Locked.");\n'}
[3.909834] (my_slam_pkg) StderrLine: {'line': b'      |                             \x1b[01;31m\x1b[K^~~~\x1b[m\x1b[K\n'}
[3.909902] (my_slam_pkg) StderrLine: {'line': b'\x1b[01m\x1b[K/home/alr/Desktop/new_perception/new_eufs_ws/src/my_slam_pkg/src/Slam.cpp:454:29:\x1b[m\x1b[K \x1b[01;31m\x1b[Kerror: \x1b[m\x1b[Kinvalid use of \xe2\x80\x98\x1b[01m\x1b[Kthis\x1b[m\x1b[K\xe2\x80\x99 in non-member function\n'}
[3.909970] (my_slam_pkg) StderrLine: {'line': b'\x1b[01m\x1b[K/home/alr/Desktop/new_perception/new_eufs_ws/src/my_slam_pkg/src/Slam.cpp:454:17:\x1b[m\x1b[K \x1b[01;31m\x1b[Kerror: \x1b[m\x1b[Ktemplate argument 1 is invalid\n'}
[3.910037] (my_slam_pkg) StderrLine: {'line': b'  454 |                 \x1b[01;31m\x1b[KRCLCPP_WARN\x1b[m\x1b[K(this->get_logger(), "\xf0\x9f\x8f\x81 LAP 1 COMPLETE! Map Locked.");\n'}
[3.910104] (my_slam_pkg) StderrLine: {'line': b'      |                 \x1b[01;31m\x1b[K^~~~~~~~~~~\x1b[m\x1b[K\n'}
[3.910184] (my_slam_pkg) StderrLine: {'line': b'In file included from \x1b[01m\x1b[K/opt/ros/humble/include/rclcpp/rclcpp/logging.hpp:24\x1b[m\x1b[K,\n'}
[3.910252] (my_slam_pkg) StderrLine: {'line': b'                 from \x1b[01m\x1b[K/opt/ros/humble/include/rclcpp/rclcpp/client.hpp:40\x1b[m\x1b[K,\n'}
[3.910317] (my_slam_pkg) StderrLine: {'line': b'                 from \x1b[01m\x1b[K/opt/ros/humble/include/rclcpp/rclcpp/callback_group.hpp:24\x1b[m\x1b[K,\n'}
[3.910383] (my_slam_pkg) StderrLine: {'line': b'                 from \x1b[01m\x1b[K/opt/ros/humble/include/rclcpp/rclcpp/any_executable.hpp:20\x1b[m\x1b[K,\n'}
[3.910448] (my_slam_pkg) StderrLine: {'line': b'                 from \x1b[01m\x1b[K/opt/ros/humble/include/rclcpp/rclcpp/memory_strategy.hpp:25\x1b[m\x1b[K,\n'}
[3.910514] (my_slam_pkg) StderrLine: {'line': b'                 from \x1b[01m\x1b[K/opt/ros/humble/include/rclcpp/rclcpp/memory_strategies.hpp:18\x1b[m\x1b[K,\n'}
[3.910580] (my_slam_pkg) StderrLine: {'line': b'                 from \x1b[01m\x1b[K/opt/ros/humble/include/rclcpp/rclcpp/executor_options.hpp:20\x1b[m\x1b[K,\n'}
[3.910646] (my_slam_pkg) StderrLine: {'line': b'                 from \x1b[01m\x1b[K/opt/ros/humble/include/rclcpp/rclcpp/executor.hpp:37\x1b[m\x1b[K,\n'}
[3.910717] (my_slam_pkg) StderrLine: {'line': b'                 from \x1b[01m\x1b[K/opt/ros/humble/include/rclcpp/rclcpp/executors/multi_threaded_executor.hpp:25\x1b[m\x1b[K,\n'}
[3.910794] (my_slam_pkg) StderrLine: {'line': b'                 from \x1b[01m\x1b[K/opt/ros/humble/include/rclcpp/rclcpp/executors.hpp:21\x1b[m\x1b[K,\n'}
[3.910860] (my_slam_pkg) StderrLine: {'line': b'                 from \x1b[01m\x1b[K/opt/ros/humble/include/rclcpp/rclcpp/rclcpp.hpp:155\x1b[m\x1b[K,\n'}
[3.910933] (my_slam_pkg) StderrLine: {'line': b'                 from \x1b[01m\x1b[K/home/alr/Desktop/new_perception/new_eufs_ws/src/my_slam_pkg/src/Slam.cpp:8\x1b[m\x1b[K:\n'}
[3.911004] (my_slam_pkg) StderrLine: {'line': b'\x1b[01m\x1b[K/home/alr/Desktop/new_perception/new_eufs_ws/src/my_slam_pkg/src/Slam.cpp:454:29:\x1b[m\x1b[K \x1b[01;31m\x1b[Kerror: \x1b[m\x1b[Kinvalid use of \xe2\x80\x98\x1b[01m\x1b[Kthis\x1b[m\x1b[K\xe2\x80\x99 in non-member function\n'}
[3.911071] (my_slam_pkg) StderrLine: {'line': b'  454 |                 RCLCPP_WARN(\x1b[01;31m\x1b[Kthis\x1b[m\x1b[K->get_logger(), "\xf0\x9f\x8f\x81 LAP 1 COMPLETE! Map Locked.");\n'}
[3.911137] (my_slam_pkg) StderrLine: {'line': b'      |                             \x1b[01;31m\x1b[K^~~~\x1b[m\x1b[K\n'}
[3.911203] (my_slam_pkg) StderrLine: {'line': b'\x1b[01m\x1b[K/home/alr/Desktop/new_perception/new_eufs_ws/src/my_slam_pkg/src/Slam.cpp:454:29:\x1b[m\x1b[K \x1b[01;31m\x1b[Kerror: \x1b[m\x1b[Kinvalid use of \xe2\x80\x98\x1b[01m\x1b[Kthis\x1b[m\x1b[K\xe2\x80\x99 in non-member function\n'}
[3.911286] (my_slam_pkg) StderrLine: {'line': b'  454 |                 RCLCPP_WARN(\x1b[01;31m\x1b[Kthis\x1b[m\x1b[K->get_logger(), "\xf0\x9f\x8f\x81 LAP 1 COMPLETE! Map Locked.");\n'}
[3.911358] (my_slam_pkg) StderrLine: {'line': b'      |                             \x1b[01;31m\x1b[K^~~~\x1b[m\x1b[K\n'}
[3.912375] (my_slam_pkg) StderrLine: {'line': b'\x1b[01m\x1b[K/home/alr/Desktop/new_perception/new_eufs_ws/src/my_slam_pkg/src/Slam.cpp:455:32:\x1b[m\x1b[K \x1b[01;31m\x1b[Kerror: \x1b[m\x1b[K\xe2\x80\x98\x1b[01m\x1b[Kparticles_\x1b[m\x1b[K\xe2\x80\x99 was not declared in this scope; did you mean \xe2\x80\x98\x1b[01m\x1b[KParticle\x1b[m\x1b[K\xe2\x80\x99?\n'}
[3.912515] (my_slam_pkg) StderrLine: {'line': b'  455 |                 for (auto &p : \x1b[01;31m\x1b[Kparticles_\x1b[m\x1b[K) p.map = best_p.map; // Lock all particles to current best map\n'}
[3.912598] (my_slam_pkg) StderrLine: {'line': b'      |                                \x1b[01;31m\x1b[K^~~~~~~~~~\x1b[m\x1b[K\n'}
[3.912677] (my_slam_pkg) StderrLine: {'line': b'      |                                \x1b[32m\x1b[KParticle\x1b[m\x1b[K\n'}
[3.912887] (my_slam_pkg) StderrLine: {'line': b'In file included from \x1b[01m\x1b[K/opt/ros/humble/include/rclcpp/rclcpp/client.hpp:40\x1b[m\x1b[K,\n'}
[3.912965] (my_slam_pkg) StderrLine: {'line': b'                 from \x1b[01m\x1b[K/opt/ros/humble/include/rclcpp/rclcpp/callback_group.hpp:24\x1b[m\x1b[K,\n'}
[3.913100] (my_slam_pkg) StderrLine: {'line': b'                 from \x1b[01m\x1b[K/opt/ros/humble/include/rclcpp/rclcpp/any_executable.hpp:20\x1b[m\x1b[K,\n'}
[3.913257] (my_slam_pkg) StderrLine: {'line': b'                 from \x1b[01m\x1b[K/opt/ros/humble/include/rclcpp/rclcpp/memory_strategy.hpp:25\x1b[m\x1b[K,\n'}
[3.913385] (my_slam_pkg) StderrLine: {'line': b'                 from \x1b[01m\x1b[K/opt/ros/humble/include/rclcpp/rclcpp/memory_strategies.hpp:18\x1b[m\x1b[K,\n'}
[3.913455] (my_slam_pkg) StderrLine: {'line': b'                 from \x1b[01m\x1b[K/opt/ros/humble/include/rclcpp/rclcpp/executor_options.hpp:20\x1b[m\x1b[K,\n'}
[3.913524] (my_slam_pkg) StderrLine: {'line': b'                 from \x1b[01m\x1b[K/opt/ros/humble/include/rclcpp/rclcpp/executor.hpp:37\x1b[m\x1b[K,\n'}
[3.913592] (my_slam_pkg) StderrLine: {'line': b'                 from \x1b[01m\x1b[K/opt/ros/humble/include/rclcpp/rclcpp/executors/multi_threaded_executor.hpp:25\x1b[m\x1b[K,\n'}
[3.913660] (my_slam_pkg) StderrLine: {'line': b'                 from \x1b[01m\x1b[K/opt/ros/humble/include/rclcpp/rclcpp/executors.hpp:21\x1b[m\x1b[K,\n'}
[3.913738] (my_slam_pkg) StderrLine: {'line': b'                 from \x1b[01m\x1b[K/opt/ros/humble/include/rclcpp/rclcpp/rclcpp.hpp:155\x1b[m\x1b[K,\n'}
[3.913867] (my_slam_pkg) StderrLine: {'line': b'                 from \x1b[01m\x1b[K/home/alr/Desktop/new_perception/new_eufs_ws/src/my_slam_pkg/src/Slam.cpp:8\x1b[m\x1b[K:\n'}
[3.914028] (my_slam_pkg) StderrLine: {'line': b'\x1b[01m\x1b[K/home/alr/Desktop/new_perception/new_eufs_ws/src/my_slam_pkg/src/Slam.cpp:467:14:\x1b[m\x1b[K \x1b[01;31m\x1b[Kerror: \x1b[m\x1b[Kinvalid use of \xe2\x80\x98\x1b[01m\x1b[Kthis\x1b[m\x1b[K\xe2\x80\x99 in non-member function\n'}
[3.914099] (my_slam_pkg) StderrLine: {'line': b'  467 |              \x1b[01;31m\x1b[Kthis\x1b[m\x1b[K->get_logger(),\n'}
[3.914166] (my_slam_pkg) StderrLine: {'line': b'      |              \x1b[01;31m\x1b[K^~~~\x1b[m\x1b[K\n'}
[3.914232] (my_slam_pkg) StderrLine: {'line': b'\x1b[01m\x1b[K/home/alr/Desktop/new_perception/new_eufs_ws/src/my_slam_pkg/src/Slam.cpp:467:14:\x1b[m\x1b[K \x1b[01;31m\x1b[Kerror: \x1b[m\x1b[Kinvalid use of \xe2\x80\x98\x1b[01m\x1b[Kthis\x1b[m\x1b[K\xe2\x80\x99 in non-member function\n'}
[3.914308] (my_slam_pkg) StderrLine: {'line': b'\x1b[01m\x1b[K/home/alr/Desktop/new_perception/new_eufs_ws/src/my_slam_pkg/src/Slam.cpp:466:10:\x1b[m\x1b[K \x1b[01;31m\x1b[Kerror: \x1b[m\x1b[Ktemplate argument 1 is invalid\n'}
[3.914376] (my_slam_pkg) StderrLine: {'line': b'  466 |          \x1b[01;31m\x1b[KRCLCPP_WARN\x1b[m\x1b[K(\n'}
[3.914442] (my_slam_pkg) StderrLine: {'line': b'      |          \x1b[01;31m\x1b[K^~~~~~~~~~~\x1b[m\x1b[K\n'}
[3.914508] (my_slam_pkg) StderrLine: {'line': b'In file included from \x1b[01m\x1b[K/opt/ros/humble/include/rclcpp/rclcpp/logging.hpp:24\x1b[m\x1b[K,\n'}
[3.914575] (my_slam_pkg) StderrLine: {'line': b'                 from \x1b[01m\x1b[K/opt/ros/humble/include/rclcpp/rclcpp/client.hpp:40\x1b[m\x1b[K,\n'}
[3.914641] (my_slam_pkg) StderrLine: {'line': b'                 from \x1b[01m\x1b[K/opt/ros/humble/include/rclcpp/rclcpp/callback_group.hpp:24\x1b[m\x1b[K,\n'}
[3.914715] (my_slam_pkg) StderrLine: {'line': b'                 from \x1b[01m\x1b[K/opt/ros/humble/include/rclcpp/rclcpp/any_executable.hpp:20\x1b[m\x1b[K,\n'}
[3.914786] (-) TimerEvent: {}
[3.914896] (my_slam_pkg) StderrLine: {'line': b'                 from \x1b[01m\x1b[K/opt/ros/humble/include/rclcpp/rclcpp/memory_strategy.hpp:25\x1b[m\x1b[K,\n'}
[3.914971] (my_slam_pkg) StderrLine: {'line': b'                 from \x1b[01m\x1b[K/opt/ros/humble/include/rclcpp/rclcpp/memory_strategies.hpp:18\x1b[m\x1b[K,\n'}
[3.915040] (my_slam_pkg) StderrLine: {'line': b'                 from \x1b[01m\x1b[K/opt/ros/humble/include/rclcpp/rclcpp/executor_options.hpp:20\x1b[m\x1b[K,\n'}
[3.915108] (my_slam_pkg) StderrLine: {'line': b'                 from \x1b[01m\x1b[K/opt/ros/humble/include/rclcpp/rclcpp/executor.hpp:37\x1b[m\x1b[K,\n'}
[3.915176] (my_slam_pkg) StderrLine: {'line': b'                 from \x1b[01m\x1b[K/opt/ros/humble/include/rclcpp/rclcpp/executors/multi_threaded_executor.hpp:25\x1b[m\x1b[K,\n'}
[3.915243] (my_slam_pkg) StderrLine: {'line': b'                 from \x1b[01m\x1b[K/opt/ros/humble/include/rclcpp/rclcpp/executors.hpp:21\x1b[m\x1b[K,\n'}
[3.915319] (my_slam_pkg) StderrLine: {'line': b'                 from \x1b[01m\x1b[K/opt/ros/humble/include/rclcpp/rclcpp/rclcpp.hpp:155\x1b[m\x1b[K,\n'}
[3.915384] (my_slam_pkg) StderrLine: {'line': b'                 from \x1b[01m\x1b[K/home/alr/Desktop/new_perception/new_eufs_ws/src/my_slam_pkg/src/Slam.cpp:8\x1b[m\x1b[K:\n'}
[3.915454] (my_slam_pkg) StderrLine: {'line': b'\x1b[01m\x1b[K/home/alr/Desktop/new_perception/new_eufs_ws/src/my_slam_pkg/src/Slam.cpp:467:14:\x1b[m\x1b[K \x1b[01;31m\x1b[Kerror: \x1b[m\x1b[Kinvalid use of \xe2\x80\x98\x1b[01m\x1b[Kthis\x1b[m\x1b[K\xe2\x80\x99 in non-member function\n'}
[3.915520] (my_slam_pkg) StderrLine: {'line': b'  467 |              \x1b[01;31m\x1b[Kthis\x1b[m\x1b[K->get_logger(),\n'}
[3.915585] (my_slam_pkg) StderrLine: {'line': b'      |              \x1b[01;31m\x1b[K^~~~\x1b[m\x1b[K\n'}
[3.915650] (my_slam_pkg) StderrLine: {'line': b'\x1b[01m\x1b[K/home/alr/Desktop/new_perception/new_eufs_ws/src/my_slam_pkg/src/Slam.cpp:467:14:\x1b[m\x1b[K \x1b[01;31m\x1b[Kerror: \x1b[m\x1b[Kinvalid use of \xe2\x80\x98\x1b[01m\x1b[Kthis\x1b[m\x1b[K\xe2\x80\x99 in non-member function\n'}
[3.915727] (my_slam_pkg) StderrLine: {'line': b'  467 |              \x1b[01;31m\x1b[Kthis\x1b[m\x1b[K->get_logger(),\n'}
[3.915796] (my_slam_pkg) StderrLine: {'line': b'      |              \x1b[01;31m\x1b[K^~~~\x1b[m\x1b[K\n'}
[3.915860] (my_slam_pkg) StderrLine: {'line': b'\x1b[01m\x1b[K/home/alr/Desktop/new_perception/new_eufs_ws/src/my_slam_pkg/src/Slam.cpp:474:32:\x1b[m\x1b[K \x1b[01;31m\x1b[Kerror: \x1b[m\x1b[Kinvalid use of \xe2\x80\x98\x1b[01m\x1b[Kthis\x1b[m\x1b[K\xe2\x80\x99 in non-member function\n'}
[3.915924] (my_slam_pkg) StderrLine: {'line': b'  474 |         out_msg.header.stamp = \x1b[01;31m\x1b[Kthis\x1b[m\x1b[K->now();\n'}
[3.915988] (my_slam_pkg) StderrLine: {'line': b'      |                                \x1b[01;31m\x1b[K^~~~\x1b[m\x1b[K\n'}
[3.916052] (my_slam_pkg) StderrLine: {'line': b'In file included from \x1b[01m\x1b[K/opt/ros/humble/include/rclcpp/rclcpp/client.hpp:40\x1b[m\x1b[K,\n'}
[3.916115] (my_slam_pkg) StderrLine: {'line': b'                 from \x1b[01m\x1b[K/opt/ros/humble/include/rclcpp/rclcpp/callback_group.hpp:24\x1b[m\x1b[K,\n'}
[3.916179] (my_slam_pkg) StderrLine: {'line': b'                 from \x1b[01m\x1b[K/opt/ros/humble/include/rclcpp/rclcpp/any_executable.hpp:20\x1b[m\x1b[K,\n'}
[3.916242] (my_slam_pkg) StderrLine: {'line': b'                 from \x1b[01m\x1b[K/opt/ros/humble/include/rclcpp/rclcpp/memory_strategy.hpp:25\x1b[m\x1b[K,\n'}
[3.916305] (my_slam_pkg) StderrLine: {'line': b'                 from \x1b[01m\x1b[K/opt/ros/humble/include/rclcpp/rclcpp/memory_strategies.hpp:18\x1b[m\x1b[K,\n'}
[3.916368] (my_slam_pkg) StderrLine: {'line': b'                 from \x1b[01m\x1b[K/opt/ros/humble/include/rclcpp/rclcpp/executor_options.hpp:20\x1b[m\x1b[K,\n'}
[3.916432] (my_slam_pkg) StderrLine: {'line': b'                 from \x1b[01m\x1b[K/opt/ros/humble/include/rclcpp/rclcpp/executor.hpp:37\x1b[m\x1b[K,\n'}
[3.916495] (my_slam_pkg) StderrLine: {'line': b'                 from \x1b[01m\x1b[K/opt/ros/humble/include/rclcpp/rclcpp/executors/multi_threaded_executor.hpp:25\x1b[m\x1b[K,\n'}
[3.916559] (my_slam_pkg) StderrLine: {'line': b'                 from \x1b[01m\x1b[K/opt/ros/humble/include/rclcpp/rclcpp/executors.hpp:21\x1b[m\x1b[K,\n'}
[3.916622] (my_slam_pkg) StderrLine: {'line': b'                 from \x1b[01m\x1b[K/opt/ros/humble/include/rclcpp/rclcpp/rclcpp.hpp:155\x1b[m\x1b[K,\n'}
[3.916685] (my_slam_pkg) StderrLine: {'line': b'                 from \x1b[01m\x1b[K/home/alr/Desktop/new_perception/new_eufs_ws/src/my_slam_pkg/src/Slam.cpp:8\x1b[m\x1b[K:\n'}
[3.916757] (my_slam_pkg) StderrLine: {'line': b'\x1b[01m\x1b[K/home/alr/Desktop/new_perception/new_eufs_ws/src/my_slam_pkg/src/Slam.cpp:480:13:\x1b[m\x1b[K \x1b[01;31m\x1b[Kerror: \x1b[m\x1b[Kinvalid use of \xe2\x80\x98\x1b[01m\x1b[Kthis\x1b[m\x1b[K\xe2\x80\x99 in non-member function\n'}
[3.916823] (my_slam_pkg) StderrLine: {'line': b'  480 |             \x1b[01;31m\x1b[Kthis\x1b[m\x1b[K->get_logger(),\n'}
[3.916892] (my_slam_pkg) StderrLine: {'line': b'      |             \x1b[01;31m\x1b[K^~~~\x1b[m\x1b[K\n'}
[3.916956] (my_slam_pkg) StderrLine: {'line': b'\x1b[01m\x1b[K/home/alr/Desktop/new_perception/new_eufs_ws/src/my_slam_pkg/src/Slam.cpp:480:13:\x1b[m\x1b[K \x1b[01;31m\x1b[Kerror: \x1b[m\x1b[Kinvalid use of \xe2\x80\x98\x1b[01m\x1b[Kthis\x1b[m\x1b[K\xe2\x80\x99 in non-member function\n'}
[3.917021] (my_slam_pkg) StderrLine: {'line': b'\x1b[01m\x1b[K/home/alr/Desktop/new_perception/new_eufs_ws/src/my_slam_pkg/src/Slam.cpp:479:9:\x1b[m\x1b[K \x1b[01;31m\x1b[Kerror: \x1b[m\x1b[Ktemplate argument 1 is invalid\n'}
[3.917085] (my_slam_pkg) StderrLine: {'line': b'  479 |         \x1b[01;31m\x1b[KRCLCPP_WARN\x1b[m\x1b[K(\n'}
[3.917149] (my_slam_pkg) StderrLine: {'line': b'      |         \x1b[01;31m\x1b[K^~~~~~~~~~~\x1b[m\x1b[K\n'}
[3.917213] (my_slam_pkg) StderrLine: {'line': b'In file included from \x1b[01m\x1b[K/opt/ros/humble/include/rclcpp/rclcpp/logging.hpp:24\x1b[m\x1b[K,\n'}
[3.917281] (my_slam_pkg) StderrLine: {'line': b'                 from \x1b[01m\x1b[K/opt/ros/humble/include/rclcpp/rclcpp/client.hpp:40\x1b[m\x1b[K,\n'}
[3.917345] (my_slam_pkg) StderrLine: {'line': b'                 from \x1b[01m\x1b[K/opt/ros/humble/include/rclcpp/rclcpp/callback_group.hpp:24\x1b[m\x1b[K,\n'}
[3.917410] (my_slam_pkg) StderrLine: {'line': b'                 from \x1b[01m\x1b[K/opt/ros/humble/include/rclcpp/rclcpp/any_executable.hpp:20\x1b[m\x1b[K,\n'}
[3.917475] (my_slam_pkg) StderrLine: {'line': b'                 from \x1b[01m\x1b[K/opt/ros/humble/include/rclcpp/rclcpp/memory_strategy.hpp:25\x1b[m\x1b[K,\n'}
[3.917541] (my_slam_pkg) StderrLine: {'line': b'                 from \x1b[01m\x1b[K/opt/ros/humble/include/rclcpp/rclcpp/memory_strategies.hpp:18\x1b[m\x1b[K,\n'}
[3.917607] (my_slam_pkg) StderrLine: {'line': b'                 from \x1b[01m\x1b[K/opt/ros/humble/include/rclcpp/rclcpp/executor_options.hpp:20\x1b[m\x1b[K,\n'}
[3.917674] (my_slam_pkg) StderrLine: {'line': b'                 from \x1b[01m\x1b[K/opt/ros/humble/include/rclcpp/rclcpp/executor.hpp:37\x1b[m\x1b[K,\n'}
[3.917805] (my_slam_pkg) StderrLine: {'line': b'                 from \x1b[01m\x1b[K/opt/ros/humble/include/rclcpp/rclcpp/executors/multi_threaded_executor.hpp:25\x1b[m\x1b[K,\n'}
[3.917873] (my_slam_pkg) StderrLine: {'line': b'                 from \x1b[01m\x1b[K/opt/ros/humble/include/rclcpp/rclcpp/executors.hpp:21\x1b[m\x1b[K,\n'}
[3.917938] (my_slam_pkg) StderrLine: {'line': b'                 from \x1b[01m\x1b[K/opt/ros/humble/include/rclcpp/rclcpp/rclcpp.hpp:155\x1b[m\x1b[K,\n'}
[3.918001] (my_slam_pkg) StderrLine: {'line': b'                 from \x1b[01m\x1b[K/home/alr/Desktop/new_perception/new_eufs_ws/src/my_slam_pkg/src/Slam.cpp:8\x1b[m\x1b[K:\n'}
[3.918065] (my_slam_pkg) StderrLine: {'line': b'\x1b[01m\x1b[K/home/alr/Desktop/new_perception/new_eufs_ws/src/my_slam_pkg/src/Slam.cpp:480:13:\x1b[m\x1b[K \x1b[01;31m\x1b[Kerror: \x1b[m\x1b[Kinvalid use of \xe2\x80\x98\x1b[01m\x1b[Kthis\x1b[m\x1b[K\xe2\x80\x99 in non-member function\n'}
[3.918141] (my_slam_pkg) StderrLine: {'line': b'  480 |             \x1b[01;31m\x1b[Kthis\x1b[m\x1b[K->get_logger(),\n'}
[3.918204] (my_slam_pkg) StderrLine: {'line': b'      |             \x1b[01;31m\x1b[K^~~~\x1b[m\x1b[K\n'}
[3.918268] (my_slam_pkg) StderrLine: {'line': b'\x1b[01m\x1b[K/home/alr/Desktop/new_perception/new_eufs_ws/src/my_slam_pkg/src/Slam.cpp:480:13:\x1b[m\x1b[K \x1b[01;31m\x1b[Kerror: \x1b[m\x1b[Kinvalid use of \xe2\x80\x98\x1b[01m\x1b[Kthis\x1b[m\x1b[K\xe2\x80\x99 in non-member function\n'}
[3.918333] (my_slam_pkg) StderrLine: {'line': b'  480 |             \x1b[01;31m\x1b[Kthis\x1b[m\x1b[K->get_logger(),\n'}
[3.918397] (my_slam_pkg) StderrLine: {'line': b'      |             \x1b[01;31m\x1b[K^~~~\x1b[m\x1b[K\n'}
[3.918460] (my_slam_pkg) StderrLine: {'line': b'In file included from \x1b[01m\x1b[K/opt/ros/humble/include/rclcpp/rclcpp/client.hpp:40\x1b[m\x1b[K,\n'}
[3.918528] (my_slam_pkg) StderrLine: {'line': b'                 from \x1b[01m\x1b[K/opt/ros/humble/include/rclcpp/rclcpp/callback_group.hpp:24\x1b[m\x1b[K,\n'}
[3.918595] (my_slam_pkg) StderrLine: {'line': b'                 from \x1b[01m\x1b[K/opt/ros/humble/include/rclcpp/rclcpp/any_executable.hpp:20\x1b[m\x1b[K,\n'}
[3.918662] (my_slam_pkg) StderrLine: {'line': b'                 from \x1b[01m\x1b[K/opt/ros/humble/include/rclcpp/rclcpp/memory_strategy.hpp:25\x1b[m\x1b[K,\n'}
[3.918739] (my_slam_pkg) StderrLine: {'line': b'                 from \x1b[01m\x1b[K/opt/ros/humble/include/rclcpp/rclcpp/memory_strategies.hpp:18\x1b[m\x1b[K,\n'}
[3.918807] (my_slam_pkg) StderrLine: {'line': b'                 from \x1b[01m\x1b[K/opt/ros/humble/include/rclcpp/rclcpp/executor_options.hpp:20\x1b[m\x1b[K,\n'}
[3.918873] (my_slam_pkg) StderrLine: {'line': b'                 from \x1b[01m\x1b[K/opt/ros/humble/include/rclcpp/rclcpp/executor.hpp:37\x1b[m\x1b[K,\n'}
[3.918939] (my_slam_pkg) StderrLine: {'line': b'                 from \x1b[01m\x1b[K/opt/ros/humble/include/rclcpp/rclcpp/executors/multi_threaded_executor.hpp:25\x1b[m\x1b[K,\n'}
[3.919010] (my_slam_pkg) StderrLine: {'line': b'                 from \x1b[01m\x1b[K/opt/ros/humble/include/rclcpp/rclcpp/executors.hpp:21\x1b[m\x1b[K,\n'}
[3.919075] (my_slam_pkg) StderrLine: {'line': b'                 from \x1b[01m\x1b[K/opt/ros/humble/include/rclcpp/rclcpp/rclcpp.hpp:155\x1b[m\x1b[K,\n'}
[3.919139] (my_slam_pkg) StderrLine: {'line': b'                 from \x1b[01m\x1b[K/home/alr/Desktop/new_perception/new_eufs_ws/src/my_slam_pkg/src/Slam.cpp:8\x1b[m\x1b[K:\n'}
[3.919203] (my_slam_pkg) StderrLine: {'line': b'\x1b[01m\x1b[K/home/alr/Desktop/new_perception/new_eufs_ws/src/my_slam_pkg/src/Slam.cpp:497:12:\x1b[m\x1b[K \x1b[01;31m\x1b[Kerror: \x1b[m\x1b[Kinvalid use of \xe2\x80\x98\x1b[01m\x1b[Kthis\x1b[m\x1b[K\xe2\x80\x99 in non-member function\n'}
[3.919268] (my_slam_pkg) StderrLine: {'line': b'  497 |            \x1b[01;31m\x1b[Kthis\x1b[m\x1b[K->get_logger(),\n'}
[3.919332] (my_slam_pkg) StderrLine: {'line': b'      |            \x1b[01;31m\x1b[K^~~~\x1b[m\x1b[K\n'}
[3.919397] (my_slam_pkg) StderrLine: {'line': b'\x1b[01m\x1b[K/home/alr/Desktop/new_perception/new_eufs_ws/src/my_slam_pkg/src/Slam.cpp:497:12:\x1b[m\x1b[K \x1b[01;31m\x1b[Kerror: \x1b[m\x1b[Kinvalid use of \xe2\x80\x98\x1b[01m\x1b[Kthis\x1b[m\x1b[K\xe2\x80\x99 in non-member function\n'}
[3.919469] (my_slam_pkg) StderrLine: {'line': b'\x1b[01m\x1b[K/home/alr/Desktop/new_perception/new_eufs_ws/src/my_slam_pkg/src/Slam.cpp:496:9:\x1b[m\x1b[K \x1b[01;31m\x1b[Kerror: \x1b[m\x1b[Ktemplate argument 1 is invalid\n'}
[3.919536] (my_slam_pkg) StderrLine: {'line': b'  496 |         \x1b[01;31m\x1b[KRCLCPP_WARN\x1b[m\x1b[K(\n'}
[3.919602] (my_slam_pkg) StderrLine: {'line': b'      |         \x1b[01;31m\x1b[K^~~~~~~~~~~\x1b[m\x1b[K\n'}
[3.919667] (my_slam_pkg) StderrLine: {'line': b'In file included from \x1b[01m\x1b[K/opt/ros/humble/include/rclcpp/rclcpp/logging.hpp:24\x1b[m\x1b[K,\n'}
[3.919745] (my_slam_pkg) StderrLine: {'line': b'                 from \x1b[01m\x1b[K/opt/ros/humble/include/rclcpp/rclcpp/client.hpp:40\x1b[m\x1b[K,\n'}
[3.919814] (my_slam_pkg) StderrLine: {'line': b'                 from \x1b[01m\x1b[K/opt/ros/humble/include/rclcpp/rclcpp/callback_group.hpp:24\x1b[m\x1b[K,\n'}
[3.919880] (my_slam_pkg) StderrLine: {'line': b'                 from \x1b[01m\x1b[K/opt/ros/humble/include/rclcpp/rclcpp/any_executable.hpp:20\x1b[m\x1b[K,\n'}
[3.919944] (my_slam_pkg) StderrLine: {'line': b'                 from \x1b[01m\x1b[K/opt/ros/humble/include/rclcpp/rclcpp/memory_strategy.hpp:25\x1b[m\x1b[K,\n'}
[3.920008] (my_slam_pkg) StderrLine: {'line': b'                 from \x1b[01m\x1b[K/opt/ros/humble/include/rclcpp/rclcpp/memory_strategies.hpp:18\x1b[m\x1b[K,\n'}
[3.920072] (my_slam_pkg) StderrLine: {'line': b'                 from \x1b[01m\x1b[K/opt/ros/humble/include/rclcpp/rclcpp/executor_options.hpp:20\x1b[m\x1b[K,\n'}
[3.920136] (my_slam_pkg) StderrLine: {'line': b'                 from \x1b[01m\x1b[K/opt/ros/humble/include/rclcpp/rclcpp/executor.hpp:37\x1b[m\x1b[K,\n'}
[3.920200] (my_slam_pkg) StderrLine: {'line': b'                 from \x1b[01m\x1b[K/opt/ros/humble/include/rclcpp/rclcpp/executors/multi_threaded_executor.hpp:25\x1b[m\x1b[K,\n'}
[3.920264] (my_slam_pkg) StderrLine: {'line': b'                 from \x1b[01m\x1b[K/opt/ros/humble/include/rclcpp/rclcpp/executors.hpp:21\x1b[m\x1b[K,\n'}
[3.920329] (my_slam_pkg) StderrLine: {'line': b'                 from \x1b[01m\x1b[K/opt/ros/humble/include/rclcpp/rclcpp/rclcpp.hpp:155\x1b[m\x1b[K,\n'}
[3.920394] (my_slam_pkg) StderrLine: {'line': b'                 from \x1b[01m\x1b[K/home/alr/Desktop/new_perception/new_eufs_ws/src/my_slam_pkg/src/Slam.cpp:8\x1b[m\x1b[K:\n'}
[3.920459] (my_slam_pkg) StderrLine: {'line': b'\x1b[01m\x1b[K/home/alr/Desktop/new_perception/new_eufs_ws/src/my_slam_pkg/src/Slam.cpp:497:12:\x1b[m\x1b[K \x1b[01;31m\x1b[Kerror: \x1b[m\x1b[Kinvalid use of \xe2\x80\x98\x1b[01m\x1b[Kthis\x1b[m\x1b[K\xe2\x80\x99 in non-member function\n'}
[3.920524] (my_slam_pkg) StderrLine: {'line': b'  497 |            \x1b[01;31m\x1b[Kthis\x1b[m\x1b[K->get_logger(),\n'}
[3.920594] (my_slam_pkg) StderrLine: {'line': b'      |            \x1b[01;31m\x1b[K^~~~\x1b[m\x1b[K\n'}
[3.920659] (my_slam_pkg) StderrLine: {'line': b'\x1b[01m\x1b[K/home/alr/Desktop/new_perception/new_eufs_ws/src/my_slam_pkg/src/Slam.cpp:497:12:\x1b[m\x1b[K \x1b[01;31m\x1b[Kerror: \x1b[m\x1b[Kinvalid use of \xe2\x80\x98\x1b[01m\x1b[Kthis\x1b[m\x1b[K\xe2\x80\x99 in non-member function\n'}
[3.920733] (my_slam_pkg) StderrLine: {'line': b'  497 |            \x1b[01;31m\x1b[Kthis\x1b[m\x1b[K->get_logger(),\n'}
[3.920800] (my_slam_pkg) StderrLine: {'line': b'      |            \x1b[01;31m\x1b[K^~~~\x1b[m\x1b[K\n'}
[3.920864] (my_slam_pkg) StderrLine: {'line': b'\x1b[01m\x1b[K/home/alr/Desktop/new_perception/new_eufs_ws/src/my_slam_pkg/src/Slam.cpp:504:9:\x1b[m\x1b[K \x1b[01;31m\x1b[Kerror: \x1b[m\x1b[K\xe2\x80\x98\x1b[01m\x1b[Kcones_pub_\x1b[m\x1b[K\xe2\x80\x99 was not declared in this scope\n'}
[3.920940] (my_slam_pkg) StderrLine: {'line': b'  504 |         \x1b[01;31m\x1b[Kcones_pub_\x1b[m\x1b[K->publish(out_msg);\n'}
[3.921009] (my_slam_pkg) StderrLine: {'line': b'      |         \x1b[01;31m\x1b[K^~~~~~~~~~\x1b[m\x1b[K\n'}
[3.921074] (my_slam_pkg) StderrLine: {'line': b'\x1b[01m\x1b[K/home/alr/Desktop/new_perception/new_eufs_ws/src/my_slam_pkg/src/Slam.cpp:508:34:\x1b[m\x1b[K \x1b[01;31m\x1b[Kerror: \x1b[m\x1b[Kinvalid use of \xe2\x80\x98\x1b[01m\x1b[Kthis\x1b[m\x1b[K\xe2\x80\x99 in non-member function\n'}
[3.921139] (my_slam_pkg) StderrLine: {'line': b'  508 |         slam_odom.header.stamp = \x1b[01;31m\x1b[Kthis\x1b[m\x1b[K->now();\n'}
[3.921207] (my_slam_pkg) StderrLine: {'line': b'      |                                  \x1b[01;31m\x1b[K^~~~\x1b[m\x1b[K\n'}
[3.921643] (my_slam_pkg) StderrLine: {'line': b'\x1b[01m\x1b[K/home/alr/Desktop/new_perception/new_eufs_ws/src/my_slam_pkg/src/Slam.cpp:516:9:\x1b[m\x1b[K \x1b[01;31m\x1b[Kerror: \x1b[m\x1b[K\xe2\x80\x98\x1b[01m\x1b[Kslam_odom_pub_\x1b[m\x1b[K\xe2\x80\x99 was not declared in this scope; did you mean \xe2\x80\x98\x1b[01m\x1b[Kslam_odom\x1b[m\x1b[K\xe2\x80\x99?\n'}
[3.921760] (my_slam_pkg) StderrLine: {'line': b'  516 |         \x1b[01;31m\x1b[Kslam_odom_pub_\x1b[m\x1b[K->publish(slam_odom);\n'}
[3.921826] (my_slam_pkg) StderrLine: {'line': b'      |         \x1b[01;31m\x1b[K^~~~~~~~~~~~~~\x1b[m\x1b[K\n'}
[3.921893] (my_slam_pkg) StderrLine: {'line': b'      |         \x1b[32m\x1b[Kslam_odom\x1b[m\x1b[K\n'}
[3.921958] (my_slam_pkg) StderrLine: {'line': b'\x1b[01m\x1b[K/home/alr/Desktop/new_perception/new_eufs_ws/src/my_slam_pkg/src/Slam.cpp:520:26:\x1b[m\x1b[K \x1b[01;31m\x1b[Kerror: \x1b[m\x1b[Kinvalid use of \xe2\x80\x98\x1b[01m\x1b[Kthis\x1b[m\x1b[K\xe2\x80\x99 in non-member function\n'}
[3.922025] (my_slam_pkg) StderrLine: {'line': b'  520 |         t.header.stamp = \x1b[01;31m\x1b[Kthis\x1b[m\x1b[K->now(); t.header.frame_id = "map"; t.child_frame_id = "base_footprint";\n'}
[3.922091] (my_slam_pkg) StderrLine: {'line': b'      |                          \x1b[01;31m\x1b[K^~~~\x1b[m\x1b[K\n'}
[3.926597] (my_slam_pkg) StderrLine: {'line': b'\x1b[01m\x1b[K/home/alr/Desktop/new_perception/new_eufs_ws/src/my_slam_pkg/src/Slam.cpp:523:9:\x1b[m\x1b[K \x1b[01;31m\x1b[Kerror: \x1b[m\x1b[K\xe2\x80\x98\x1b[01m\x1b[Ktf_broadcaster_\x1b[m\x1b[K\xe2\x80\x99 was not declared in this scope\n'}
[3.926817] (my_slam_pkg) StderrLine: {'line': b'  523 |         \x1b[01;31m\x1b[Ktf_broadcaster_\x1b[m\x1b[K->sendTransform(t);\n'}
[3.926887] (my_slam_pkg) StderrLine: {'line': b'      |         \x1b[01;31m\x1b[K^~~~~~~~~~~~~~~\x1b[m\x1b[K\n'}
[3.926956] (my_slam_pkg) StderrLine: {'line': b'\x1b[01m\x1b[K/home/alr/Desktop/new_perception/new_eufs_ws/src/my_slam_pkg/src/Slam.cpp:534:30:\x1b[m\x1b[K \x1b[01;31m\x1b[Kerror: \x1b[m\x1b[Kinvalid use of \xe2\x80\x98\x1b[01m\x1b[Kthis\x1b[m\x1b[K\xe2\x80\x99 in non-member function\n'}
[3.927036] (my_slam_pkg) StderrLine: {'line': b'  534 |             m.header.stamp = \x1b[01;31m\x1b[Kthis\x1b[m\x1b[K->now(); m.header.frame_id = "map"; m.ns = "track_cones"; m.id = i;\n'}
[3.927107] (my_slam_pkg) StderrLine: {'line': b'      |                              \x1b[01;31m\x1b[K^~~~\x1b[m\x1b[K\n'}
[3.933362] (my_slam_pkg) StderrLine: {'line': b'\x1b[01m\x1b[K/home/alr/Desktop/new_perception/new_eufs_ws/src/my_slam_pkg/src/Slam.cpp:543:9:\x1b[m\x1b[K \x1b[01;31m\x1b[Kerror: \x1b[m\x1b[K\xe2\x80\x98\x1b[01m\x1b[Knative_marker_pub_\x1b[m\x1b[K\xe2\x80\x99 was not declared in this scope\n'}
[3.933527] (my_slam_pkg) StderrLine: {'line': b'  543 |         \x1b[01;31m\x1b[Knative_marker_pub_\x1b[m\x1b[K->publish(marker_array);\n'}
[3.933592] (my_slam_pkg) StderrLine: {'line': b'      |         \x1b[01;31m\x1b[K^~~~~~~~~~~~~~~~~~\x1b[m\x1b[K\n'}
[3.933767] (my_slam_pkg) StderrLine: {'line': b'\x1b[01m\x1b[K/home/alr/Desktop/new_perception/new_eufs_ws/src/my_slam_pkg/src/Slam.cpp:\x1b[m\x1b[K At global scope:\n'}
[3.933841] (my_slam_pkg) StderrLine: {'line': b'\x1b[01m\x1b[K/home/alr/Desktop/new_perception/new_eufs_ws/src/my_slam_pkg/src/Slam.cpp:545:1:\x1b[m\x1b[K \x1b[01;31m\x1b[Kerror: \x1b[m\x1b[Kexpected declaration before \xe2\x80\x98\x1b[01m\x1b[K}\x1b[m\x1b[K\xe2\x80\x99 token\n'}
[3.933906] (my_slam_pkg) StderrLine: {'line': b'  545 | \x1b[01;31m\x1b[K}\x1b[m\x1b[K;\n'}
[3.933969] (my_slam_pkg) StderrLine: {'line': b'      | \x1b[01;31m\x1b[K^\x1b[m\x1b[K\n'}
[4.014900] (-) TimerEvent: {}
[4.115665] (-) TimerEvent: {}
[4.215945] (-) TimerEvent: {}
[4.316188] (-) TimerEvent: {}
[4.416452] (-) TimerEvent: {}
[4.516745] (-) TimerEvent: {}
[4.617000] (-) TimerEvent: {}
[4.717244] (-) TimerEvent: {}
[4.817531] (-) TimerEvent: {}
[4.917745] (-) TimerEvent: {}
[5.017989] (-) TimerEvent: {}
[5.118223] (-) TimerEvent: {}
[5.218501] (-) TimerEvent: {}
[5.318749] (-) TimerEvent: {}
[5.418978] (-) TimerEvent: {}
[5.519259] (-) TimerEvent: {}
[5.619473] (-) TimerEvent: {}
[5.719691] (-) TimerEvent: {}
[5.819913] (-) TimerEvent: {}
[5.920166] (-) TimerEvent: {}
[6.020454] (-) TimerEvent: {}
[6.120704] (-) TimerEvent: {}
[6.220923] (-) TimerEvent: {}
[6.321140] (-) TimerEvent: {}
[6.421485] (-) TimerEvent: {}
[6.521836] (-) TimerEvent: {}
[6.622131] (-) TimerEvent: {}
[6.722428] (-) TimerEvent: {}
[6.822670] (-) TimerEvent: {}
[6.922913] (-) TimerEvent: {}
[7.023164] (-) TimerEvent: {}
[7.123479] (-) TimerEvent: {}
[7.223797] (-) TimerEvent: {}
[7.324119] (-) TimerEvent: {}
[7.424450] (-) TimerEvent: {}
[7.524767] (-) TimerEvent: {}
[7.625023] (-) TimerEvent: {}
[7.725371] (-) TimerEvent: {}
[7.753663] (my_slam_pkg) StderrLine: {'line': b'gmake[2]: *** [CMakeFiles/eufs_slam_node.dir/build.make:76: CMakeFiles/eufs_slam_node.dir/src/Slam.cpp.o] Error 1\n'}
[7.753907] (my_slam_pkg) StderrLine: {'line': b'gmake[1]: *** [CMakeFiles/Makefile2:137: CMakeFiles/eufs_slam_node.dir/all] Error 2\n'}
[7.754123] (my_slam_pkg) StderrLine: {'line': b'gmake: *** [Makefile:146: all] Error 2\n'}
[7.756091] (my_slam_pkg) CommandEnded: {'returncode': 2}
[7.762402] (my_slam_pkg) JobEnded: {'identifier': 'my_slam_pkg', 'rc': 2}
[7.772626] (-) EventReactorShutdown: {}
