-- The C compiler identification is GNU 11.4.0
-- The CXX compiler identification is GNU 11.4.0
-- Detecting C compiler ABI info
-- Detecting C compiler ABI info - done
-- Check for working C compiler: /usr/bin/cc - skipped
-- Detecting C compile features
-- Detecting C compile features - done
-- Detecting CXX compiler ABI info
-- Detecting CXX compiler ABI info - done
-- Check for working CXX compiler: /usr/bin/c++ - skipped
-- Detecting CXX compile features
-- Detecting CXX compile features - done
-- Found ament_cmake: 1.3.14 (/opt/ros/humble/share/ament_cmake/cmake)
-- Found Python3: /usr/bin/python3 (found version "3.10.12") found components: Interpreter 
-- Override CMake install command with custom implementation using symlinks instead of copying resources
-- Found rosidl_default_generators: 1.2.1 (/opt/ros/humble/share/rosidl_default_generators/cmake)
-- Using all available rosidl_typesupport_c: rosidl_typesupport_fastrtps_c;rosidl_typesupport_introspection_c
-- Found rosidl_adapter: 3.1.8 (/opt/ros/humble/share/rosidl_adapter/cmake)
-- Using all available rosidl_typesupport_cpp: rosidl_typesupport_fastrtps_cpp;rosidl_typesupport_introspection_cpp
-- Found std_msgs: 4.9.1 (/opt/ros/humble/share/std_msgs/cmake)
-- Found geometry_msgs: 4.9.1 (/opt/ros/humble/share/geometry_msgs/cmake)
-- Found sensor_msgs: 4.9.1 (/opt/ros/humble/share/sensor_msgs/cmake)
-- Found ament_cmake_ros: 0.10.0 (/opt/ros/humble/share/ament_cmake_ros/cmake)
-- Using all available rosidl_typesupport_c: rosidl_typesupport_fastrtps_c;rosidl_typesupport_introspection_c
-- Using all available rosidl_typesupport_cpp: rosidl_typesupport_fastrtps_cpp;rosidl_typesupport_introspection_cpp
-- Found PythonInterp: /usr/bin/python3 (found suitable version "3.10.12", minimum required is "3.6") 
-- Found python_cmake_module: 0.10.0 (/opt/ros/humble/share/python_cmake_module/cmake)
-- Found PythonLibs: /usr/lib/x86_64-linux-gnu/libpython3.10.so (found suitable version "3.10.12", minimum required is "3.5") 
-- Using PYTHON_EXECUTABLE: /usr/bin/python3
-- Using PYTHON_INCLUDE_DIRS: /usr/include/python3.10
-- Using PYTHON_LIBRARIES: /usr/lib/x86_64-linux-gnu/libpython3.10.so
-- Found PythonExtra: .so  
-- Configuring done
-- Generating done
-- Build files have been written to: /home/alr/Desktop/new_perception/new_eufs_ws/build/eufs_msgs
[  0%] [34m[1mGenerating C code for ROS interfaces[0m
[  1%] [34m[1mGenerating Rust code for ROS interfaces[0m
[  1%] Built target ament_cmake_python_symlink_eufs_msgs
[  1%] [34m[1mGenerating C++ code for ROS interfaces[0m
running egg_info
creating eufs_msgs.egg-info
writing eufs_msgs.egg-info/PKG-INFO
writing dependency_links to eufs_msgs.egg-info/dependency_links.txt
writing top-level names to eufs_msgs.egg-info/top_level.txt
writing manifest file 'eufs_msgs.egg-info/SOURCES.txt'
reading manifest file 'eufs_msgs.egg-info/SOURCES.txt'
writing manifest file 'eufs_msgs.egg-info/SOURCES.txt'
[  1%] Built target ament_cmake_python_build_eufs_msgs_egg
[  1%] Built target eufs_msgs__rs
[  1%] Built target eufs_msgs__cpp
[  1%] [34m[1mGenerating C++ type support dispatch for ROS interfaces[0m
[  1%] [34m[1mGenerating C++ type support for eProsima Fast-RTPS[0m
[  1%] [34m[1mGenerating C++ introspection for ROS interfaces[0m
[  2%] [32mBuilding C object CMakeFiles/eufs_msgs__rosidl_generator_c.dir/rosidl_generator_c/eufs_msgs/msg/detail/can_state__functions.c.o[0m
[  2%] [32mBuilding C object CMakeFiles/eufs_msgs__rosidl_generator_c.dir/rosidl_generator_c/eufs_msgs/msg/detail/chassis_command__functions.c.o[0m
[  2%] [32mBuilding C object CMakeFiles/eufs_msgs__rosidl_generator_c.dir/rosidl_generator_c/eufs_msgs/msg/detail/bounding_boxes__functions.c.o[0m
[  2%] [32mBuilding C object CMakeFiles/eufs_msgs__rosidl_generator_c.dir/rosidl_generator_c/eufs_msgs/msg/detail/car_state__functions.c.o[0m
[  2%] [32mBuilding C object CMakeFiles/eufs_msgs__rosidl_generator_c.dir/rosidl_generator_c/eufs_msgs/msg/detail/car_forces__functions.c.o[0m
[  2%] [32mBuilding C object CMakeFiles/eufs_msgs__rosidl_generator_c.dir/rosidl_generator_c/eufs_msgs/msg/detail/cone_array_with_covariance__functions.c.o[0m
[  2%] [32mBuilding C object CMakeFiles/eufs_msgs__rosidl_generator_c.dir/rosidl_generator_c/eufs_msgs/msg/detail/chassis_state__functions.c.o[0m
[  3%] [32mBuilding C object CMakeFiles/eufs_msgs__rosidl_generator_c.dir/rosidl_generator_c/eufs_msgs/msg/detail/cone_with_color_probability_array__functions.c.o[0m
[  3%] [32mBuilding C object CMakeFiles/eufs_msgs__rosidl_generator_c.dir/rosidl_generator_c/eufs_msgs/msg/detail/cone_with_covariance__functions.c.o[0m
[  3%] [32mBuilding C object CMakeFiles/eufs_msgs__rosidl_generator_c.dir/rosidl_generator_c/eufs_msgs/msg/detail/cone_array__functions.c.o[0m
[  2%] [32mBuilding C object CMakeFiles/eufs_msgs__rosidl_generator_c.dir/rosidl_generator_c/eufs_msgs/msg/detail/bounding_box__functions.c.o[0m
[  3%] [32mBuilding C object CMakeFiles/eufs_msgs__rosidl_generator_c.dir/rosidl_generator_c/eufs_msgs/msg/detail/cone_association__functions.c.o[0m
[  3%] [32mBuilding C object CMakeFiles/eufs_msgs__rosidl_generator_c.dir/rosidl_generator_c/eufs_msgs/msg/detail/cone_with_color_probability__functions.c.o[0m
[  4%] [32mBuilding C object CMakeFiles/eufs_msgs__rosidl_generator_c.dir/rosidl_generator_c/eufs_msgs/msg/detail/cone_association_array__functions.c.o[0m
[  4%] [32mBuilding C object CMakeFiles/eufs_msgs__rosidl_generator_c.dir/rosidl_generator_c/eufs_msgs/msg/detail/cone_association_array_array_stamped__functions.c.o[0m
[  4%] [32mBuilding C object CMakeFiles/eufs_msgs__rosidl_generator_c.dir/rosidl_generator_c/eufs_msgs/msg/detail/cone_association_array_stamped__functions.c.o[0m
[  4%] [32mBuilding C object CMakeFiles/eufs_msgs__rosidl_generator_c.dir/rosidl_generator_c/eufs_msgs/msg/detail/costmap__functions.c.o[0m
[  4%] [32mBuilding C object CMakeFiles/eufs_msgs__rosidl_generator_c.dir/rosidl_generator_c/eufs_msgs/msg/detail/cpu_status__functions.c.o[0m
[  5%] [32mBuilding C object CMakeFiles/eufs_msgs__rosidl_generator_c.dir/rosidl_generator_c/eufs_msgs/msg/detail/cpu_usage__functions.c.o[0m
[  5%] [32mBuilding C object CMakeFiles/eufs_msgs__rosidl_generator_c.dir/rosidl_generator_c/eufs_msgs/msg/detail/full_state__functions.c.o[0m
[  5%] [32mBuilding C object CMakeFiles/eufs_msgs__rosidl_generator_c.dir/rosidl_generator_c/eufs_msgs/msg/detail/ekf_err__functions.c.o[0m
[  5%] [32mBuilding C object CMakeFiles/eufs_msgs__rosidl_generator_c.dir/rosidl_generator_c/eufs_msgs/msg/detail/heartbeat__functions.c.o[0m
[  5%] [32mBuilding C object CMakeFiles/eufs_msgs__rosidl_generator_c.dir/rosidl_generator_c/eufs_msgs/msg/detail/ekf_state__functions.c.o[0m
[  5%] [32mBuilding C object CMakeFiles/eufs_msgs__rosidl_generator_c.dir/rosidl_generator_c/eufs_msgs/msg/detail/integration_err__functions.c.o[0m
[  6%] [32mBuilding C object CMakeFiles/eufs_msgs__rosidl_generator_c.dir/rosidl_generator_c/eufs_msgs/msg/detail/lap_stats__functions.c.o[0m
[  6%] [32mBuilding C object CMakeFiles/eufs_msgs__rosidl_generator_c.dir/rosidl_generator_c/eufs_msgs/msg/detail/mpc_state__functions.c.o[0m
[  6%] [32mBuilding C object CMakeFiles/eufs_msgs__rosidl_generator_c.dir/rosidl_generator_c/eufs_msgs/msg/detail/node_state__functions.c.o[0m
[  6%] [32mBuilding C object CMakeFiles/eufs_msgs__rosidl_generator_c.dir/rosidl_generator_c/eufs_msgs/msg/detail/node_state_array__functions.c.o[0m
[  6%] [32mBuilding C object CMakeFiles/eufs_msgs__rosidl_generator_c.dir/rosidl_generator_c/eufs_msgs/msg/detail/oss__functions.c.o[0m
[  7%] [32mBuilding C object CMakeFiles/eufs_msgs__rosidl_generator_c.dir/rosidl_generator_c/eufs_msgs/msg/detail/particle__functions.c.o[0m
[  7%] [32mBuilding C object CMakeFiles/eufs_msgs__rosidl_generator_c.dir/rosidl_generator_c/eufs_msgs/msg/detail/particle_slam__functions.c.o[0m
[  7%] [32mBuilding C object CMakeFiles/eufs_msgs__rosidl_generator_c.dir/rosidl_generator_c/eufs_msgs/msg/detail/particle_slam_stamped__functions.c.o[0m
[  7%] [32mBuilding C object CMakeFiles/eufs_msgs__rosidl_generator_c.dir/rosidl_generator_c/eufs_msgs/msg/detail/particle_stamped__functions.c.o[0m
[  7%] [32mBuilding C object CMakeFiles/eufs_msgs__rosidl_generator_c.dir/rosidl_generator_c/eufs_msgs/msg/detail/path_integral_params__functions.c.o[0m
[  7%] [32mBuilding C object CMakeFiles/eufs_msgs__rosidl_generator_c.dir/rosidl_generator_c/eufs_msgs/msg/detail/path_integral_stats__functions.c.o[0m
[  8%] [32mBuilding C object CMakeFiles/eufs_msgs__rosidl_generator_c.dir/rosidl_generator_c/eufs_msgs/msg/detail/path_integral_status__functions.c.o[0m
[  8%] [32mBuilding C object CMakeFiles/eufs_msgs__rosidl_generator_c.dir/rosidl_generator_c/eufs_msgs/msg/detail/path_integral_timing__functions.c.o[0m
[  8%] [32mBuilding C object CMakeFiles/eufs_msgs__rosidl_generator_c.dir/rosidl_generator_c/eufs_msgs/msg/detail/planning_mode__functions.c.o[0m
[  8%] [32mBuilding C object CMakeFiles/eufs_msgs__rosidl_generator_c.dir/rosidl_generator_c/eufs_msgs/msg/detail/point_array__functions.c.o[0m
[  9%] [32mBuilding C object CMakeFiles/eufs_msgs__rosidl_generator_c.dir/rosidl_generator_c/eufs_msgs/msg/detail/pure_pursuit_checkpoint__functions.c.o[0m
[  9%] [32mBuilding C object CMakeFiles/eufs_msgs__rosidl_generator_c.dir/rosidl_generator_c/eufs_msgs/msg/detail/point_array_stamped__functions.c.o[0m
[  9%] [32mBuilding C object CMakeFiles/eufs_msgs__rosidl_generator_c.dir/rosidl_generator_c/eufs_msgs/msg/detail/pure_pursuit_checkpoint_array_stamped__functions.c.o[0m
[  9%] [32mBuilding C object CMakeFiles/eufs_msgs__rosidl_generator_c.dir/rosidl_generator_c/eufs_msgs/msg/detail/runstop__functions.c.o[0m
[  9%] [32mBuilding C object CMakeFiles/eufs_msgs__rosidl_generator_c.dir/rosidl_generator_c/eufs_msgs/msg/detail/slam_err__functions.c.o[0m
[  9%] [32mBuilding C object CMakeFiles/eufs_msgs__rosidl_generator_c.dir/rosidl_generator_c/eufs_msgs/msg/detail/slam_state__functions.c.o[0m
[  9%] [32mBuilding C object CMakeFiles/eufs_msgs__rosidl_generator_c.dir/rosidl_generator_c/eufs_msgs/msg/detail/stereo_image__functions.c.o[0m
[ 10%] [32mBuilding C object CMakeFiles/eufs_msgs__rosidl_generator_c.dir/rosidl_generator_c/eufs_msgs/msg/detail/state_machine_state__functions.c.o[0m
[ 10%] [32mBuilding C object CMakeFiles/eufs_msgs__rosidl_generator_c.dir/rosidl_generator_c/eufs_msgs/msg/detail/system_status__functions.c.o[0m
[ 10%] [32mBuilding C object CMakeFiles/eufs_msgs__rosidl_generator_c.dir/rosidl_generator_c/eufs_msgs/msg/detail/topic_status__functions.c.o[0m
[ 10%] [32mBuilding C object CMakeFiles/eufs_msgs__rosidl_generator_c.dir/rosidl_generator_c/eufs_msgs/msg/detail/vehicle_commands__functions.c.o[0m
[ 11%] [32mBuilding C object CMakeFiles/eufs_msgs__rosidl_generator_c.dir/rosidl_generator_c/eufs_msgs/msg/detail/waypoint__functions.c.o[0m
[ 11%] [32mBuilding C object CMakeFiles/eufs_msgs__rosidl_generator_c.dir/rosidl_generator_c/eufs_msgs/msg/detail/waypoint_array_stamped__functions.c.o[0m
[ 11%] [32mBuilding C object CMakeFiles/eufs_msgs__rosidl_generator_c.dir/rosidl_generator_c/eufs_msgs/msg/detail/vehicle_commands_stamped__functions.c.o[0m
[ 11%] [32mBuilding C object CMakeFiles/eufs_msgs__rosidl_generator_c.dir/rosidl_generator_c/eufs_msgs/msg/detail/wheel_odometry_err__functions.c.o[0m
[ 11%] [32mBuilding C object CMakeFiles/eufs_msgs__rosidl_generator_c.dir/rosidl_generator_c/eufs_msgs/msg/detail/wheel_speeds__functions.c.o[0m
[ 12%] [32mBuilding C object CMakeFiles/eufs_msgs__rosidl_generator_c.dir/rosidl_generator_c/eufs_msgs/action/detail/check_for_objects__functions.c.o[0m
[ 12%] [32mBuilding C object CMakeFiles/eufs_msgs__rosidl_generator_c.dir/rosidl_generator_c/eufs_msgs/msg/detail/wheel_speeds_stamped__functions.c.o[0m
[ 12%] [32mBuilding C object CMakeFiles/eufs_msgs__rosidl_generator_c.dir/rosidl_generator_c/eufs_msgs/srv/detail/record_stop__functions.c.o[0m
[ 12%] [32mBuilding C object CMakeFiles/eufs_msgs__rosidl_generator_c.dir/rosidl_generator_c/eufs_msgs/srv/detail/record_start__functions.c.o[0m
[ 12%] [32mBuilding C object CMakeFiles/eufs_msgs__rosidl_generator_c.dir/rosidl_generator_c/eufs_msgs/srv/detail/register__functions.c.o[0m
[ 12%] [32mBuilding C object CMakeFiles/eufs_msgs__rosidl_generator_c.dir/rosidl_generator_c/eufs_msgs/srv/detail/set_can_state__functions.c.o[0m
[ 12%] [32mBuilding C object CMakeFiles/eufs_msgs__rosidl_generator_c.dir/rosidl_generator_c/eufs_msgs/srv/detail/set_string__functions.c.o[0m
[ 13%] [32mBuilding C object CMakeFiles/eufs_msgs__rosidl_generator_c.dir/rosidl_generator_c/eufs_msgs/srv/detail/set_track__functions.c.o[0m
[ 13%] [32mBuilding C object CMakeFiles/eufs_msgs__rosidl_generator_c.dir/rosidl_generator_c/eufs_msgs/srv/detail/set_mission__functions.c.o[0m
[ 13%] [32mBuilding C object CMakeFiles/eufs_msgs__rosidl_generator_c.dir/rosidl_generator_c/eufs_msgs/srv/detail/get_map__functions.c.o[0m
[ 13%] [32m[1mLinking C shared library libeufs_msgs__rosidl_generator_c.so[0m
[ 13%] Built target eufs_msgs__rosidl_generator_c
[ 14%] [34m[1mGenerating C introspection for ROS interfaces[0m
[ 16%] [34m[1mGenerating C type support for eProsima Fast-RTPS[0m
[ 16%] [34m[1mGenerating C type support dispatch for ROS interfaces[0m
[ 16%] [32mBuilding CXX object CMakeFiles/eufs_msgs__rosidl_typesupport_cpp.dir/rosidl_typesupport_cpp/eufs_msgs/msg/bounding_box__type_support.cpp.o[0m
[ 16%] [32mBuilding CXX object CMakeFiles/eufs_msgs__rosidl_typesupport_cpp.dir/rosidl_typesupport_cpp/eufs_msgs/msg/can_state__type_support.cpp.o[0m
[ 16%] [32mBuilding CXX object CMakeFiles/eufs_msgs__rosidl_typesupport_cpp.dir/rosidl_typesupport_cpp/eufs_msgs/msg/car_forces__type_support.cpp.o[0m
[ 17%] [32mBuilding CXX object CMakeFiles/eufs_msgs__rosidl_typesupport_cpp.dir/rosidl_typesupport_cpp/eufs_msgs/msg/car_state__type_support.cpp.o[0m
[ 17%] [32mBuilding CXX object CMakeFiles/eufs_msgs__rosidl_typesupport_cpp.dir/rosidl_typesupport_cpp/eufs_msgs/msg/chassis_command__type_support.cpp.o[0m
[ 17%] [32mBuilding CXX object CMakeFiles/eufs_msgs__rosidl_typesupport_cpp.dir/rosidl_typesupport_cpp/eufs_msgs/msg/bounding_boxes__type_support.cpp.o[0m
[ 17%] [32mBuilding CXX object CMakeFiles/eufs_msgs__rosidl_typesupport_cpp.dir/rosidl_typesupport_cpp/eufs_msgs/msg/chassis_state__type_support.cpp.o[0m
[ 17%] [32mBuilding CXX object CMakeFiles/eufs_msgs__rosidl_typesupport_cpp.dir/rosidl_typesupport_cpp/eufs_msgs/msg/cone_with_color_probability_array__type_support.cpp.o[0m
[ 18%] [32mBuilding CXX object CMakeFiles/eufs_msgs__rosidl_typesupport_cpp.dir/rosidl_typesupport_cpp/eufs_msgs/msg/cone_association__type_support.cpp.o[0m
[ 18%] [32mBuilding CXX object CMakeFiles/eufs_msgs__rosidl_typesupport_cpp.dir/rosidl_typesupport_cpp/eufs_msgs/msg/cone_association_array__type_support.cpp.o[0m
[ 18%] [32mBuilding CXX object CMakeFiles/eufs_msgs__rosidl_typesupport_cpp.dir/rosidl_typesupport_cpp/eufs_msgs/msg/cone_array_with_covariance__type_support.cpp.o[0m
[ 19%] [32mBuilding CXX object CMakeFiles/eufs_msgs__rosidl_typesupport_cpp.dir/rosidl_typesupport_cpp/eufs_msgs/msg/cone_array__type_support.cpp.o[0m
[ 19%] [32mBuilding CXX object CMakeFiles/eufs_msgs__rosidl_typesupport_cpp.dir/rosidl_typesupport_cpp/eufs_msgs/msg/cone_association_array_array_stamped__type_support.cpp.o[0m
[ 19%] [32mBuilding CXX object CMakeFiles/eufs_msgs__rosidl_typesupport_cpp.dir/rosidl_typesupport_cpp/eufs_msgs/msg/cone_with_covariance__type_support.cpp.o[0m
[ 19%] [32mBuilding CXX object CMakeFiles/eufs_msgs__rosidl_typesupport_cpp.dir/rosidl_typesupport_cpp/eufs_msgs/msg/cone_with_color_probability__type_support.cpp.o[0m
[ 19%] [32mBuilding CXX object CMakeFiles/eufs_msgs__rosidl_typesupport_cpp.dir/rosidl_typesupport_cpp/eufs_msgs/msg/cone_association_array_stamped__type_support.cpp.o[0m
[ 19%] [32mBuilding CXX object CMakeFiles/eufs_msgs__rosidl_typesupport_cpp.dir/rosidl_typesupport_cpp/eufs_msgs/msg/costmap__type_support.cpp.o[0m
[ 19%] [32mBuilding CXX object CMakeFiles/eufs_msgs__rosidl_typesupport_cpp.dir/rosidl_typesupport_cpp/eufs_msgs/msg/cpu_status__type_support.cpp.o[0m
[ 20%] [32mBuilding CXX object CMakeFiles/eufs_msgs__rosidl_typesupport_cpp.dir/rosidl_typesupport_cpp/eufs_msgs/msg/cpu_usage__type_support.cpp.o[0m
[ 20%] [32mBuilding CXX object CMakeFiles/eufs_msgs__rosidl_typesupport_cpp.dir/rosidl_typesupport_cpp/eufs_msgs/msg/ekf_err__type_support.cpp.o[0m
[ 20%] [32mBuilding CXX object CMakeFiles/eufs_msgs__rosidl_typesupport_cpp.dir/rosidl_typesupport_cpp/eufs_msgs/msg/ekf_state__type_support.cpp.o[0m
[ 20%] [32mBuilding CXX object CMakeFiles/eufs_msgs__rosidl_typesupport_cpp.dir/rosidl_typesupport_cpp/eufs_msgs/msg/full_state__type_support.cpp.o[0m
[ 20%] [32mBuilding CXX object CMakeFiles/eufs_msgs__rosidl_typesupport_cpp.dir/rosidl_typesupport_cpp/eufs_msgs/msg/heartbeat__type_support.cpp.o[0m
[ 21%] [32mBuilding CXX object CMakeFiles/eufs_msgs__rosidl_typesupport_cpp.dir/rosidl_typesupport_cpp/eufs_msgs/msg/integration_err__type_support.cpp.o[0m
[ 21%] [32mBuilding CXX object CMakeFiles/eufs_msgs__rosidl_typesupport_cpp.dir/rosidl_typesupport_cpp/eufs_msgs/msg/lap_stats__type_support.cpp.o[0m
[ 21%] [32mBuilding CXX object CMakeFiles/eufs_msgs__rosidl_typesupport_cpp.dir/rosidl_typesupport_cpp/eufs_msgs/msg/mpc_state__type_support.cpp.o[0m
[ 21%] [32mBuilding CXX object CMakeFiles/eufs_msgs__rosidl_typesupport_cpp.dir/rosidl_typesupport_cpp/eufs_msgs/msg/node_state__type_support.cpp.o[0m
[ 21%] [32mBuilding CXX object CMakeFiles/eufs_msgs__rosidl_typesupport_cpp.dir/rosidl_typesupport_cpp/eufs_msgs/msg/node_state_array__type_support.cpp.o[0m
[ 22%] [32mBuilding CXX object CMakeFiles/eufs_msgs__rosidl_typesupport_cpp.dir/rosidl_typesupport_cpp/eufs_msgs/msg/oss__type_support.cpp.o[0m
[ 22%] [32mBuilding CXX object CMakeFiles/eufs_msgs__rosidl_typesupport_cpp.dir/rosidl_typesupport_cpp/eufs_msgs/msg/particle__type_support.cpp.o[0m
[ 22%] [32mBuilding CXX object CMakeFiles/eufs_msgs__rosidl_typesupport_cpp.dir/rosidl_typesupport_cpp/eufs_msgs/msg/particle_slam__type_support.cpp.o[0m
[ 22%] [32mBuilding CXX object CMakeFiles/eufs_msgs__rosidl_typesupport_cpp.dir/rosidl_typesupport_cpp/eufs_msgs/msg/particle_slam_stamped__type_support.cpp.o[0m
[ 22%] [32mBuilding CXX object CMakeFiles/eufs_msgs__rosidl_typesupport_cpp.dir/rosidl_typesupport_cpp/eufs_msgs/msg/particle_stamped__type_support.cpp.o[0m
[ 22%] [32mBuilding CXX object CMakeFiles/eufs_msgs__rosidl_typesupport_cpp.dir/rosidl_typesupport_cpp/eufs_msgs/msg/path_integral_params__type_support.cpp.o[0m
[ 23%] [32mBuilding CXX object CMakeFiles/eufs_msgs__rosidl_typesupport_cpp.dir/rosidl_typesupport_cpp/eufs_msgs/msg/path_integral_stats__type_support.cpp.o[0m
[ 23%] [32mBuilding CXX object CMakeFiles/eufs_msgs__rosidl_typesupport_cpp.dir/rosidl_typesupport_cpp/eufs_msgs/msg/path_integral_timing__type_support.cpp.o[0m
[ 23%] [32mBuilding CXX object CMakeFiles/eufs_msgs__rosidl_typesupport_cpp.dir/rosidl_typesupport_cpp/eufs_msgs/msg/path_integral_status__type_support.cpp.o[0m
[ 23%] [32mBuilding CXX object CMakeFiles/eufs_msgs__rosidl_typesupport_cpp.dir/rosidl_typesupport_cpp/eufs_msgs/msg/planning_mode__type_support.cpp.o[0m
[ 23%] [32mBuilding CXX object CMakeFiles/eufs_msgs__rosidl_typesupport_cpp.dir/rosidl_typesupport_cpp/eufs_msgs/msg/point_array__type_support.cpp.o[0m
[ 24%] [32mBuilding CXX object CMakeFiles/eufs_msgs__rosidl_typesupport_cpp.dir/rosidl_typesupport_cpp/eufs_msgs/msg/point_array_stamped__type_support.cpp.o[0m
[ 24%] [32mBuilding CXX object CMakeFiles/eufs_msgs__rosidl_typesupport_cpp.dir/rosidl_typesupport_cpp/eufs_msgs/msg/pure_pursuit_checkpoint__type_support.cpp.o[0m
[ 24%] [32mBuilding CXX object CMakeFiles/eufs_msgs__rosidl_typesupport_cpp.dir/rosidl_typesupport_cpp/eufs_msgs/msg/pure_pursuit_checkpoint_array_stamped__type_support.cpp.o[0m
[ 24%] [32mBuilding CXX object CMakeFiles/eufs_msgs__rosidl_typesupport_cpp.dir/rosidl_typesupport_cpp/eufs_msgs/msg/runstop__type_support.cpp.o[0m
[ 24%] [32mBuilding CXX object CMakeFiles/eufs_msgs__rosidl_typesupport_cpp.dir/rosidl_typesupport_cpp/eufs_msgs/msg/slam_err__type_support.cpp.o[0m
[ 24%] [32mBuilding CXX object CMakeFiles/eufs_msgs__rosidl_typesupport_cpp.dir/rosidl_typesupport_cpp/eufs_msgs/msg/slam_state__type_support.cpp.o[0m
[ 25%] [32mBuilding CXX object CMakeFiles/eufs_msgs__rosidl_typesupport_cpp.dir/rosidl_typesupport_cpp/eufs_msgs/msg/state_machine_state__type_support.cpp.o[0m
[ 25%] [32mBuilding CXX object CMakeFiles/eufs_msgs__rosidl_typesupport_cpp.dir/rosidl_typesupport_cpp/eufs_msgs/msg/stereo_image__type_support.cpp.o[0m
[ 25%] [32mBuilding CXX object CMakeFiles/eufs_msgs__rosidl_typesupport_cpp.dir/rosidl_typesupport_cpp/eufs_msgs/msg/system_status__type_support.cpp.o[0m
[ 25%] [32mBuilding CXX object CMakeFiles/eufs_msgs__rosidl_typesupport_cpp.dir/rosidl_typesupport_cpp/eufs_msgs/msg/vehicle_commands__type_support.cpp.o[0m
[ 25%] [32mBuilding CXX object CMakeFiles/eufs_msgs__rosidl_typesupport_cpp.dir/rosidl_typesupport_cpp/eufs_msgs/msg/topic_status__type_support.cpp.o[0m
[ 26%] [32mBuilding CXX object CMakeFiles/eufs_msgs__rosidl_typesupport_cpp.dir/rosidl_typesupport_cpp/eufs_msgs/msg/vehicle_commands_stamped__type_support.cpp.o[0m
[ 26%] [32mBuilding CXX object CMakeFiles/eufs_msgs__rosidl_typesupport_cpp.dir/rosidl_typesupport_cpp/eufs_msgs/msg/waypoint__type_support.cpp.o[0m
[ 26%] [32mBuilding CXX object CMakeFiles/eufs_msgs__rosidl_typesupport_cpp.dir/rosidl_typesupport_cpp/eufs_msgs/msg/waypoint_array_stamped__type_support.cpp.o[0m
[ 26%] [32mBuilding CXX object CMakeFiles/eufs_msgs__rosidl_typesupport_cpp.dir/rosidl_typesupport_cpp/eufs_msgs/msg/wheel_odometry_err__type_support.cpp.o[0m
[ 26%] [32mBuilding CXX object CMakeFiles/eufs_msgs__rosidl_typesupport_cpp.dir/rosidl_typesupport_cpp/eufs_msgs/msg/wheel_speeds_stamped__type_support.cpp.o[0m
[ 26%] [32mBuilding CXX object CMakeFiles/eufs_msgs__rosidl_typesupport_cpp.dir/rosidl_typesupport_cpp/eufs_msgs/msg/wheel_speeds__type_support.cpp.o[0m
[ 27%] [32mBuilding CXX object CMakeFiles/eufs_msgs__rosidl_typesupport_cpp.dir/rosidl_typesupport_cpp/eufs_msgs/action/check_for_objects__type_support.cpp.o[0m
[ 27%] [32mBuilding CXX object CMakeFiles/eufs_msgs__rosidl_typesupport_cpp.dir/rosidl_typesupport_cpp/eufs_msgs/srv/record_start__type_support.cpp.o[0m
[ 27%] [32mBuilding CXX object CMakeFiles/eufs_msgs__rosidl_typesupport_cpp.dir/rosidl_typesupport_cpp/eufs_msgs/srv/record_stop__type_support.cpp.o[0m
[ 27%] [32mBuilding CXX object CMakeFiles/eufs_msgs__rosidl_typesupport_cpp.dir/rosidl_typesupport_cpp/eufs_msgs/srv/register__type_support.cpp.o[0m
[ 27%] [32mBuilding CXX object CMakeFiles/eufs_msgs__rosidl_typesupport_cpp.dir/rosidl_typesupport_cpp/eufs_msgs/srv/set_can_state__type_support.cpp.o[0m
[ 28%] [32mBuilding CXX object CMakeFiles/eufs_msgs__rosidl_typesupport_cpp.dir/rosidl_typesupport_cpp/eufs_msgs/srv/set_string__type_support.cpp.o[0m
[ 28%] [32mBuilding CXX object CMakeFiles/eufs_msgs__rosidl_typesupport_cpp.dir/rosidl_typesupport_cpp/eufs_msgs/srv/set_track__type_support.cpp.o[0m
[ 28%] [32mBuilding CXX object CMakeFiles/eufs_msgs__rosidl_typesupport_cpp.dir/rosidl_typesupport_cpp/eufs_msgs/srv/set_mission__type_support.cpp.o[0m
[ 28%] [32mBuilding CXX object CMakeFiles/eufs_msgs__rosidl_typesupport_cpp.dir/rosidl_typesupport_cpp/eufs_msgs/srv/get_map__type_support.cpp.o[0m
[ 28%] [32mBuilding CXX object CMakeFiles/eufs_msgs__rosidl_typesupport_introspection_cpp.dir/rosidl_typesupport_introspection_cpp/eufs_msgs/msg/detail/bounding_box__type_support.cpp.o[0m
[ 28%] [32mBuilding CXX object CMakeFiles/eufs_msgs__rosidl_typesupport_introspection_cpp.dir/rosidl_typesupport_introspection_cpp/eufs_msgs/msg/detail/can_state__type_support.cpp.o[0m
[ 28%] [32mBuilding CXX object CMakeFiles/eufs_msgs__rosidl_typesupport_introspection_cpp.dir/rosidl_typesupport_introspection_cpp/eufs_msgs/msg/detail/car_state__type_support.cpp.o[0m
[ 29%] [32mBuilding CXX object CMakeFiles/eufs_msgs__rosidl_typesupport_introspection_cpp.dir/rosidl_typesupport_introspection_cpp/eufs_msgs/msg/detail/bounding_boxes__type_support.cpp.o[0m
[ 29%] [32mBuilding CXX object CMakeFiles/eufs_msgs__rosidl_typesupport_introspection_cpp.dir/rosidl_typesupport_introspection_cpp/eufs_msgs/msg/detail/car_forces__type_support.cpp.o[0m
[ 29%] [32mBuilding CXX object CMakeFiles/eufs_msgs__rosidl_typesupport_introspection_cpp.dir/rosidl_typesupport_introspection_cpp/eufs_msgs/msg/detail/chassis_command__type_support.cpp.o[0m
[ 29%] [32mBuilding CXX object CMakeFiles/eufs_msgs__rosidl_typesupport_introspection_cpp.dir/rosidl_typesupport_introspection_cpp/eufs_msgs/msg/detail/chassis_state__type_support.cpp.o[0m
[ 30%] [32mBuilding CXX object CMakeFiles/eufs_msgs__rosidl_typesupport_introspection_cpp.dir/rosidl_typesupport_introspection_cpp/eufs_msgs/msg/detail/cone_array__type_support.cpp.o[0m
[ 30%] [32mBuilding CXX object CMakeFiles/eufs_msgs__rosidl_typesupport_introspection_cpp.dir/rosidl_typesupport_introspection_cpp/eufs_msgs/msg/detail/cone_array_with_covariance__type_support.cpp.o[0m
[ 30%] [32mBuilding CXX object CMakeFiles/eufs_msgs__rosidl_typesupport_introspection_cpp.dir/rosidl_typesupport_introspection_cpp/eufs_msgs/msg/detail/cone_with_color_probability_array__type_support.cpp.o[0m
[ 30%] [32mBuilding CXX object CMakeFiles/eufs_msgs__rosidl_typesupport_introspection_cpp.dir/rosidl_typesupport_introspection_cpp/eufs_msgs/msg/detail/cone_with_color_probability__type_support.cpp.o[0m
[ 30%] [32mBuilding CXX object CMakeFiles/eufs_msgs__rosidl_typesupport_introspection_cpp.dir/rosidl_typesupport_introspection_cpp/eufs_msgs/msg/detail/cone_with_covariance__type_support.cpp.o[0m
[ 30%] [32mBuilding CXX object CMakeFiles/eufs_msgs__rosidl_typesupport_c.dir/rosidl_typesupport_c/eufs_msgs/msg/bounding_boxes__type_support.cpp.o[0m
[ 30%] [32mBuilding CXX object CMakeFiles/eufs_msgs__rosidl_typesupport_c.dir/rosidl_typesupport_c/eufs_msgs/msg/bounding_box__type_support.cpp.o[0m
[ 31%] [32mBuilding CXX object CMakeFiles/eufs_msgs__rosidl_typesupport_introspection_cpp.dir/rosidl_typesupport_introspection_cpp/eufs_msgs/msg/detail/cone_association__type_support.cpp.o[0m
[ 31%] [32mBuilding CXX object CMakeFiles/eufs_msgs__rosidl_typesupport_introspection_cpp.dir/rosidl_typesupport_introspection_cpp/eufs_msgs/msg/detail/cone_association_array__type_support.cpp.o[0m
[ 31%] [32m[1mLinking CXX shared library libeufs_msgs__rosidl_typesupport_cpp.so[0m
[ 31%] [32mBuilding CXX object CMakeFiles/eufs_msgs__rosidl_typesupport_c.dir/rosidl_typesupport_c/eufs_msgs/msg/can_state__type_support.cpp.o[0m
[ 31%] [32mBuilding CXX object CMakeFiles/eufs_msgs__rosidl_typesupport_c.dir/rosidl_typesupport_c/eufs_msgs/msg/car_forces__type_support.cpp.o[0m
[ 31%] [32mBuilding CXX object CMakeFiles/eufs_msgs__rosidl_typesupport_c.dir/rosidl_typesupport_c/eufs_msgs/msg/car_state__type_support.cpp.o[0m
[ 31%] [32mBuilding CXX object CMakeFiles/eufs_msgs__rosidl_typesupport_introspection_cpp.dir/rosidl_typesupport_introspection_cpp/eufs_msgs/msg/detail/cone_association_array_array_stamped__type_support.cpp.o[0m
[ 32%] [32mBuilding CXX object CMakeFiles/eufs_msgs__rosidl_typesupport_c.dir/rosidl_typesupport_c/eufs_msgs/msg/chassis_command__type_support.cpp.o[0m
[ 32%] Built target eufs_msgs__rosidl_typesupport_cpp
[ 32%] [32mBuilding CXX object CMakeFiles/eufs_msgs__rosidl_typesupport_introspection_cpp.dir/rosidl_typesupport_introspection_cpp/eufs_msgs/msg/detail/cone_association_array_stamped__type_support.cpp.o[0m
[ 32%] [32mBuilding CXX object CMakeFiles/eufs_msgs__rosidl_typesupport_c.dir/rosidl_typesupport_c/eufs_msgs/msg/chassis_state__type_support.cpp.o[0m
[ 32%] [32mBuilding CXX object CMakeFiles/eufs_msgs__rosidl_typesupport_c.dir/rosidl_typesupport_c/eufs_msgs/msg/cone_array__type_support.cpp.o[0m
[ 32%] [32mBuilding CXX object CMakeFiles/eufs_msgs__rosidl_typesupport_c.dir/rosidl_typesupport_c/eufs_msgs/msg/cone_array_with_covariance__type_support.cpp.o[0m
[ 32%] [32mBuilding CXX object CMakeFiles/eufs_msgs__rosidl_typesupport_c.dir/rosidl_typesupport_c/eufs_msgs/msg/cone_with_color_probability__type_support.cpp.o[0m
[ 33%] [32mBuilding CXX object CMakeFiles/eufs_msgs__rosidl_typesupport_c.dir/rosidl_typesupport_c/eufs_msgs/msg/cone_with_color_probability_array__type_support.cpp.o[0m
[ 33%] [32mBuilding CXX object CMakeFiles/eufs_msgs__rosidl_typesupport_introspection_cpp.dir/rosidl_typesupport_introspection_cpp/eufs_msgs/msg/detail/costmap__type_support.cpp.o[0m
[ 33%] [32mBuilding CXX object CMakeFiles/eufs_msgs__rosidl_typesupport_fastrtps_cpp.dir/rosidl_typesupport_fastrtps_cpp/eufs_msgs/msg/detail/dds_fastrtps/bounding_box__type_support.cpp.o[0m
[ 33%] [32mBuilding CXX object CMakeFiles/eufs_msgs__rosidl_typesupport_c.dir/rosidl_typesupport_c/eufs_msgs/msg/cone_with_covariance__type_support.cpp.o[0m
[ 33%] [32mBuilding CXX object CMakeFiles/eufs_msgs__rosidl_typesupport_c.dir/rosidl_typesupport_c/eufs_msgs/msg/cone_association_array__type_support.cpp.o[0m
[ 33%] [32mBuilding CXX object CMakeFiles/eufs_msgs__rosidl_typesupport_c.dir/rosidl_typesupport_c/eufs_msgs/msg/cone_association__type_support.cpp.o[0m
[ 34%] [32mBuilding CXX object CMakeFiles/eufs_msgs__rosidl_typesupport_fastrtps_cpp.dir/rosidl_typesupport_fastrtps_cpp/eufs_msgs/msg/detail/dds_fastrtps/bounding_boxes__type_support.cpp.o[0m
[ 34%] [32mBuilding CXX object CMakeFiles/eufs_msgs__rosidl_typesupport_c.dir/rosidl_typesupport_c/eufs_msgs/msg/cone_association_array_array_stamped__type_support.cpp.o[0m
[ 34%] [32mBuilding CXX object CMakeFiles/eufs_msgs__rosidl_typesupport_fastrtps_cpp.dir/rosidl_typesupport_fastrtps_cpp/eufs_msgs/msg/detail/dds_fastrtps/can_state__type_support.cpp.o[0m
[ 34%] [32mBuilding CXX object CMakeFiles/eufs_msgs__rosidl_typesupport_introspection_cpp.dir/rosidl_typesupport_introspection_cpp/eufs_msgs/msg/detail/cpu_status__type_support.cpp.o[0m
[ 34%] [32mBuilding CXX object CMakeFiles/eufs_msgs__rosidl_typesupport_c.dir/rosidl_typesupport_c/eufs_msgs/msg/cone_association_array_stamped__type_support.cpp.o[0m
[ 35%] [32mBuilding CXX object CMakeFiles/eufs_msgs__rosidl_typesupport_introspection_cpp.dir/rosidl_typesupport_introspection_cpp/eufs_msgs/msg/detail/cpu_usage__type_support.cpp.o[0m
[ 35%] [32mBuilding CXX object CMakeFiles/eufs_msgs__rosidl_typesupport_fastrtps_cpp.dir/rosidl_typesupport_fastrtps_cpp/eufs_msgs/msg/detail/dds_fastrtps/car_forces__type_support.cpp.o[0m
[ 35%] [32mBuilding CXX object CMakeFiles/eufs_msgs__rosidl_typesupport_c.dir/rosidl_typesupport_c/eufs_msgs/msg/cpu_status__type_support.cpp.o[0m
[ 35%] [32mBuilding CXX object CMakeFiles/eufs_msgs__rosidl_typesupport_fastrtps_cpp.dir/rosidl_typesupport_fastrtps_cpp/eufs_msgs/msg/detail/dds_fastrtps/car_state__type_support.cpp.o[0m
[ 35%] [32mBuilding CXX object CMakeFiles/eufs_msgs__rosidl_typesupport_introspection_cpp.dir/rosidl_typesupport_introspection_cpp/eufs_msgs/msg/detail/ekf_err__type_support.cpp.o[0m
[ 36%] [32mBuilding CXX object CMakeFiles/eufs_msgs__rosidl_typesupport_c.dir/rosidl_typesupport_c/eufs_msgs/msg/costmap__type_support.cpp.o[0m
[ 36%] [32mBuilding CXX object CMakeFiles/eufs_msgs__rosidl_typesupport_fastrtps_cpp.dir/rosidl_typesupport_fastrtps_cpp/eufs_msgs/msg/detail/dds_fastrtps/chassis_command__type_support.cpp.o[0m
[ 36%] [32mBuilding CXX object CMakeFiles/eufs_msgs__rosidl_typesupport_c.dir/rosidl_typesupport_c/eufs_msgs/msg/cpu_usage__type_support.cpp.o[0m
[ 36%] [32mBuilding CXX object CMakeFiles/eufs_msgs__rosidl_typesupport_c.dir/rosidl_typesupport_c/eufs_msgs/msg/ekf_err__type_support.cpp.o[0m
[ 36%] [32mBuilding CXX object CMakeFiles/eufs_msgs__rosidl_typesupport_introspection_cpp.dir/rosidl_typesupport_introspection_cpp/eufs_msgs/msg/detail/ekf_state__type_support.cpp.o[0m
[ 36%] [32mBuilding CXX object CMakeFiles/eufs_msgs__rosidl_typesupport_c.dir/rosidl_typesupport_c/eufs_msgs/msg/ekf_state__type_support.cpp.o[0m
[ 36%] [32mBuilding CXX object CMakeFiles/eufs_msgs__rosidl_typesupport_introspection_cpp.dir/rosidl_typesupport_introspection_cpp/eufs_msgs/msg/detail/full_state__type_support.cpp.o[0m
[ 37%] [32mBuilding CXX object CMakeFiles/eufs_msgs__rosidl_typesupport_c.dir/rosidl_typesupport_c/eufs_msgs/msg/full_state__type_support.cpp.o[0m
[ 37%] [32mBuilding CXX object CMakeFiles/eufs_msgs__rosidl_typesupport_fastrtps_cpp.dir/rosidl_typesupport_fastrtps_cpp/eufs_msgs/msg/detail/dds_fastrtps/chassis_state__type_support.cpp.o[0m
[ 37%] [32mBuilding CXX object CMakeFiles/eufs_msgs__rosidl_typesupport_fastrtps_cpp.dir/rosidl_typesupport_fastrtps_cpp/eufs_msgs/msg/detail/dds_fastrtps/cone_array_with_covariance__type_support.cpp.o[0m
[ 37%] [32mBuilding CXX object CMakeFiles/eufs_msgs__rosidl_typesupport_c.dir/rosidl_typesupport_c/eufs_msgs/msg/heartbeat__type_support.cpp.o[0m
[ 38%] [32mBuilding CXX object CMakeFiles/eufs_msgs__rosidl_typesupport_fastrtps_cpp.dir/rosidl_typesupport_fastrtps_cpp/eufs_msgs/msg/detail/dds_fastrtps/cone_array__type_support.cpp.o[0m
[ 38%] [32mBuilding CXX object CMakeFiles/eufs_msgs__rosidl_typesupport_c.dir/rosidl_typesupport_c/eufs_msgs/msg/integration_err__type_support.cpp.o[0m
[ 38%] [32mBuilding CXX object CMakeFiles/eufs_msgs__rosidl_typesupport_c.dir/rosidl_typesupport_c/eufs_msgs/msg/lap_stats__type_support.cpp.o[0m
[ 38%] [32mBuilding CXX object CMakeFiles/eufs_msgs__rosidl_typesupport_c.dir/rosidl_typesupport_c/eufs_msgs/msg/mpc_state__type_support.cpp.o[0m
[ 38%] [32mBuilding CXX object CMakeFiles/eufs_msgs__rosidl_typesupport_c.dir/rosidl_typesupport_c/eufs_msgs/msg/node_state__type_support.cpp.o[0m
[ 38%] [32mBuilding CXX object CMakeFiles/eufs_msgs__rosidl_typesupport_fastrtps_cpp.dir/rosidl_typesupport_fastrtps_cpp/eufs_msgs/msg/detail/dds_fastrtps/cone_with_color_probability_array__type_support.cpp.o[0m
[ 38%] [32mBuilding CXX object CMakeFiles/eufs_msgs__rosidl_typesupport_fastrtps_cpp.dir/rosidl_typesupport_fastrtps_cpp/eufs_msgs/msg/detail/dds_fastrtps/cone_with_color_probability__type_support.cpp.o[0m
[ 39%] [32mBuilding CXX object CMakeFiles/eufs_msgs__rosidl_typesupport_c.dir/rosidl_typesupport_c/eufs_msgs/msg/node_state_array__type_support.cpp.o[0m
[ 39%] [32mBuilding CXX object CMakeFiles/eufs_msgs__rosidl_typesupport_c.dir/rosidl_typesupport_c/eufs_msgs/msg/oss__type_support.cpp.o[0m
[ 39%] [32mBuilding CXX object CMakeFiles/eufs_msgs__rosidl_typesupport_c.dir/rosidl_typesupport_c/eufs_msgs/msg/particle__type_support.cpp.o[0m
[ 39%] [32mBuilding CXX object CMakeFiles/eufs_msgs__rosidl_typesupport_fastrtps_cpp.dir/rosidl_typesupport_fastrtps_cpp/eufs_msgs/msg/detail/dds_fastrtps/cone_with_covariance__type_support.cpp.o[0m
[ 39%] [32mBuilding CXX object CMakeFiles/eufs_msgs__rosidl_typesupport_c.dir/rosidl_typesupport_c/eufs_msgs/msg/particle_slam__type_support.cpp.o[0m
[ 39%] [32mBuilding CXX object CMakeFiles/eufs_msgs__rosidl_typesupport_introspection_cpp.dir/rosidl_typesupport_introspection_cpp/eufs_msgs/msg/detail/heartbeat__type_support.cpp.o[0m
[ 40%] [32mBuilding CXX object CMakeFiles/eufs_msgs__rosidl_typesupport_introspection_cpp.dir/rosidl_typesupport_introspection_cpp/eufs_msgs/msg/detail/integration_err__type_support.cpp.o[0m
[ 40%] [32mBuilding CXX object CMakeFiles/eufs_msgs__rosidl_typesupport_c.dir/rosidl_typesupport_c/eufs_msgs/msg/particle_slam_stamped__type_support.cpp.o[0m
[ 42%] [32mBuilding CXX object CMakeFiles/eufs_msgs__rosidl_typesupport_fastrtps_cpp.dir/rosidl_typesupport_fastrtps_cpp/eufs_msgs/msg/detail/dds_fastrtps/cone_association__type_support.cpp.o[0m
[ 42%] [32mBuilding CXX object CMakeFiles/eufs_msgs__rosidl_typesupport_c.dir/rosidl_typesupport_c/eufs_msgs/msg/particle_stamped__type_support.cpp.o[0m
[ 42%] [32mBuilding CXX object CMakeFiles/eufs_msgs__rosidl_typesupport_introspection_cpp.dir/rosidl_typesupport_introspection_cpp/eufs_msgs/msg/detail/lap_stats__type_support.cpp.o[0m
[ 42%] [32mBuilding CXX object CMakeFiles/eufs_msgs__rosidl_typesupport_fastrtps_cpp.dir/rosidl_typesupport_fastrtps_cpp/eufs_msgs/msg/detail/dds_fastrtps/cone_association_array__type_support.cpp.o[0m
[ 42%] [32mBuilding CXX object CMakeFiles/eufs_msgs__rosidl_typesupport_c.dir/rosidl_typesupport_c/eufs_msgs/msg/path_integral_params__type_support.cpp.o[0m
[ 42%] [32mBuilding CXX object CMakeFiles/eufs_msgs__rosidl_typesupport_introspection_cpp.dir/rosidl_typesupport_introspection_cpp/eufs_msgs/msg/detail/mpc_state__type_support.cpp.o[0m
[ 42%] [32mBuilding CXX object CMakeFiles/eufs_msgs__rosidl_typesupport_c.dir/rosidl_typesupport_c/eufs_msgs/msg/path_integral_stats__type_support.cpp.o[0m
[ 42%] [32mBuilding CXX object CMakeFiles/eufs_msgs__rosidl_typesupport_c.dir/rosidl_typesupport_c/eufs_msgs/msg/path_integral_status__type_support.cpp.o[0m
[ 42%] [32mBuilding CXX object CMakeFiles/eufs_msgs__rosidl_typesupport_introspection_cpp.dir/rosidl_typesupport_introspection_cpp/eufs_msgs/msg/detail/node_state__type_support.cpp.o[0m
[ 42%] [32mBuilding CXX object CMakeFiles/eufs_msgs__rosidl_typesupport_introspection_cpp.dir/rosidl_typesupport_introspection_cpp/eufs_msgs/msg/detail/node_state_array__type_support.cpp.o[0m
[ 42%] [32mBuilding CXX object CMakeFiles/eufs_msgs__rosidl_typesupport_c.dir/rosidl_typesupport_c/eufs_msgs/msg/path_integral_timing__type_support.cpp.o[0m
[ 42%] [32mBuilding CXX object CMakeFiles/eufs_msgs__rosidl_typesupport_fastrtps_cpp.dir/rosidl_typesupport_fastrtps_cpp/eufs_msgs/msg/detail/dds_fastrtps/cone_association_array_array_stamped__type_support.cpp.o[0m
[ 42%] [32mBuilding CXX object CMakeFiles/eufs_msgs__rosidl_typesupport_c.dir/rosidl_typesupport_c/eufs_msgs/msg/planning_mode__type_support.cpp.o[0m
[ 42%] [32mBuilding CXX object CMakeFiles/eufs_msgs__rosidl_typesupport_fastrtps_cpp.dir/rosidl_typesupport_fastrtps_cpp/eufs_msgs/msg/detail/dds_fastrtps/cone_association_array_stamped__type_support.cpp.o[0m
[ 43%] [32mBuilding CXX object CMakeFiles/eufs_msgs__rosidl_typesupport_introspection_cpp.dir/rosidl_typesupport_introspection_cpp/eufs_msgs/msg/detail/oss__type_support.cpp.o[0m
[ 44%] [32mBuilding CXX object CMakeFiles/eufs_msgs__rosidl_typesupport_c.dir/rosidl_typesupport_c/eufs_msgs/msg/point_array__type_support.cpp.o[0m
[ 44%] [32mBuilding CXX object CMakeFiles/eufs_msgs__rosidl_typesupport_introspection_cpp.dir/rosidl_typesupport_introspection_cpp/eufs_msgs/msg/detail/particle__type_support.cpp.o[0m
[ 44%] [32mBuilding CXX object CMakeFiles/eufs_msgs__rosidl_typesupport_c.dir/rosidl_typesupport_c/eufs_msgs/msg/point_array_stamped__type_support.cpp.o[0m
[ 44%] [32mBuilding CXX object CMakeFiles/eufs_msgs__rosidl_typesupport_c.dir/rosidl_typesupport_c/eufs_msgs/msg/pure_pursuit_checkpoint__type_support.cpp.o[0m
[ 44%] [32mBuilding CXX object CMakeFiles/eufs_msgs__rosidl_typesupport_c.dir/rosidl_typesupport_c/eufs_msgs/msg/pure_pursuit_checkpoint_array_stamped__type_support.cpp.o[0m
[ 44%] [32mBuilding CXX object CMakeFiles/eufs_msgs__rosidl_typesupport_introspection_cpp.dir/rosidl_typesupport_introspection_cpp/eufs_msgs/msg/detail/particle_slam__type_support.cpp.o[0m
[ 44%] [32mBuilding CXX object CMakeFiles/eufs_msgs__rosidl_typesupport_fastrtps_cpp.dir/rosidl_typesupport_fastrtps_cpp/eufs_msgs/msg/detail/dds_fastrtps/costmap__type_support.cpp.o[0m
[ 44%] [32mBuilding CXX object CMakeFiles/eufs_msgs__rosidl_typesupport_c.dir/rosidl_typesupport_c/eufs_msgs/msg/runstop__type_support.cpp.o[0m
[ 45%] [32mBuilding CXX object CMakeFiles/eufs_msgs__rosidl_typesupport_c.dir/rosidl_typesupport_c/eufs_msgs/msg/slam_err__type_support.cpp.o[0m
[ 45%] [32mBuilding CXX object CMakeFiles/eufs_msgs__rosidl_typesupport_introspection_cpp.dir/rosidl_typesupport_introspection_cpp/eufs_msgs/msg/detail/particle_slam_stamped__type_support.cpp.o[0m
[ 45%] [32mBuilding CXX object CMakeFiles/eufs_msgs__rosidl_typesupport_fastrtps_cpp.dir/rosidl_typesupport_fastrtps_cpp/eufs_msgs/msg/detail/dds_fastrtps/cpu_status__type_support.cpp.o[0m
[ 45%] [32mBuilding CXX object CMakeFiles/eufs_msgs__rosidl_typesupport_c.dir/rosidl_typesupport_c/eufs_msgs/msg/slam_state__type_support.cpp.o[0m
[ 45%] [32mBuilding CXX object CMakeFiles/eufs_msgs__rosidl_typesupport_introspection_cpp.dir/rosidl_typesupport_introspection_cpp/eufs_msgs/msg/detail/particle_stamped__type_support.cpp.o[0m
[ 46%] [32mBuilding CXX object CMakeFiles/eufs_msgs__rosidl_typesupport_fastrtps_cpp.dir/rosidl_typesupport_fastrtps_cpp/eufs_msgs/msg/detail/dds_fastrtps/cpu_usage__type_support.cpp.o[0m
[ 46%] [32mBuilding CXX object CMakeFiles/eufs_msgs__rosidl_typesupport_c.dir/rosidl_typesupport_c/eufs_msgs/msg/state_machine_state__type_support.cpp.o[0m
[ 46%] [32mBuilding CXX object CMakeFiles/eufs_msgs__rosidl_typesupport_fastrtps_cpp.dir/rosidl_typesupport_fastrtps_cpp/eufs_msgs/msg/detail/dds_fastrtps/ekf_err__type_support.cpp.o[0m
[ 46%] [32mBuilding CXX object CMakeFiles/eufs_msgs__rosidl_typesupport_fastrtps_cpp.dir/rosidl_typesupport_fastrtps_cpp/eufs_msgs/msg/detail/dds_fastrtps/ekf_state__type_support.cpp.o[0m
[ 46%] [32mBuilding CXX object CMakeFiles/eufs_msgs__rosidl_typesupport_c.dir/rosidl_typesupport_c/eufs_msgs/msg/stereo_image__type_support.cpp.o[0m
[ 46%] [32mBuilding CXX object CMakeFiles/eufs_msgs__rosidl_typesupport_fastrtps_cpp.dir/rosidl_typesupport_fastrtps_cpp/eufs_msgs/msg/detail/dds_fastrtps/full_state__type_support.cpp.o[0m
[ 46%] [32mBuilding CXX object CMakeFiles/eufs_msgs__rosidl_typesupport_c.dir/rosidl_typesupport_c/eufs_msgs/msg/system_status__type_support.cpp.o[0m
[ 47%] [32mBuilding CXX object CMakeFiles/eufs_msgs__rosidl_typesupport_c.dir/rosidl_typesupport_c/eufs_msgs/msg/topic_status__type_support.cpp.o[0m
[ 47%] [32mBuilding CXX object CMakeFiles/eufs_msgs__rosidl_typesupport_introspection_cpp.dir/rosidl_typesupport_introspection_cpp/eufs_msgs/msg/detail/path_integral_params__type_support.cpp.o[0m
[ 47%] [32mBuilding CXX object CMakeFiles/eufs_msgs__rosidl_typesupport_c.dir/rosidl_typesupport_c/eufs_msgs/msg/vehicle_commands__type_support.cpp.o[0m
[ 47%] [32mBuilding CXX object CMakeFiles/eufs_msgs__rosidl_typesupport_c.dir/rosidl_typesupport_c/eufs_msgs/msg/vehicle_commands_stamped__type_support.cpp.o[0m
[ 48%] [32mBuilding CXX object CMakeFiles/eufs_msgs__rosidl_typesupport_introspection_cpp.dir/rosidl_typesupport_introspection_cpp/eufs_msgs/msg/detail/path_integral_stats__type_support.cpp.o[0m
[ 48%] [32mBuilding CXX object CMakeFiles/eufs_msgs__rosidl_typesupport_c.dir/rosidl_typesupport_c/eufs_msgs/msg/waypoint__type_support.cpp.o[0m
[ 48%] [32mBuilding CXX object CMakeFiles/eufs_msgs__rosidl_typesupport_c.dir/rosidl_typesupport_c/eufs_msgs/msg/waypoint_array_stamped__type_support.cpp.o[0m
[ 48%] [32mBuilding CXX object CMakeFiles/eufs_msgs__rosidl_typesupport_introspection_cpp.dir/rosidl_typesupport_introspection_cpp/eufs_msgs/msg/detail/path_integral_timing__type_support.cpp.o[0m
[ 48%] [32mBuilding CXX object CMakeFiles/eufs_msgs__rosidl_typesupport_introspection_cpp.dir/rosidl_typesupport_introspection_cpp/eufs_msgs/msg/detail/path_integral_status__type_support.cpp.o[0m
[ 49%] [32mBuilding CXX object CMakeFiles/eufs_msgs__rosidl_typesupport_c.dir/rosidl_typesupport_c/eufs_msgs/msg/wheel_speeds__type_support.cpp.o[0m
[ 49%] [32mBuilding CXX object CMakeFiles/eufs_msgs__rosidl_typesupport_c.dir/rosidl_typesupport_c/eufs_msgs/msg/wheel_odometry_err__type_support.cpp.o[0m
[ 49%] [32mBuilding CXX object CMakeFiles/eufs_msgs__rosidl_typesupport_c.dir/rosidl_typesupport_c/eufs_msgs/msg/wheel_speeds_stamped__type_support.cpp.o[0m
[ 49%] [32mBuilding CXX object CMakeFiles/eufs_msgs__rosidl_typesupport_introspection_cpp.dir/rosidl_typesupport_introspection_cpp/eufs_msgs/msg/detail/planning_mode__type_support.cpp.o[0m
[ 49%] [32mBuilding CXX object CMakeFiles/eufs_msgs__rosidl_typesupport_fastrtps_cpp.dir/rosidl_typesupport_fastrtps_cpp/eufs_msgs/msg/detail/dds_fastrtps/heartbeat__type_support.cpp.o[0m
[ 49%] [32mBuilding CXX object CMakeFiles/eufs_msgs__rosidl_typesupport_c.dir/rosidl_typesupport_c/eufs_msgs/action/check_for_objects__type_support.cpp.o[0m
[ 49%] [32mBuilding CXX object CMakeFiles/eufs_msgs__rosidl_typesupport_introspection_cpp.dir/rosidl_typesupport_introspection_cpp/eufs_msgs/msg/detail/point_array__type_support.cpp.o[0m
[ 49%] [32mBuilding CXX object CMakeFiles/eufs_msgs__rosidl_typesupport_c.dir/rosidl_typesupport_c/eufs_msgs/srv/record_start__type_support.cpp.o[0m
[ 50%] [32mBuilding CXX object CMakeFiles/eufs_msgs__rosidl_typesupport_introspection_cpp.dir/rosidl_typesupport_introspection_cpp/eufs_msgs/msg/detail/point_array_stamped__type_support.cpp.o[0m
[ 51%] [32mBuilding CXX object CMakeFiles/eufs_msgs__rosidl_typesupport_fastrtps_cpp.dir/rosidl_typesupport_fastrtps_cpp/eufs_msgs/msg/detail/dds_fastrtps/integration_err__type_support.cpp.o[0m
[ 51%] [32mBuilding CXX object CMakeFiles/eufs_msgs__rosidl_typesupport_c.dir/rosidl_typesupport_c/eufs_msgs/srv/record_stop__type_support.cpp.o[0m
[ 52%] [32mBuilding CXX object CMakeFiles/eufs_msgs__rosidl_typesupport_c.dir/rosidl_typesupport_c/eufs_msgs/srv/register__type_support.cpp.o[0m
[ 52%] [32mBuilding CXX object CMakeFiles/eufs_msgs__rosidl_typesupport_c.dir/rosidl_typesupport_c/eufs_msgs/srv/set_can_state__type_support.cpp.o[0m
[ 52%] [32mBuilding CXX object CMakeFiles/eufs_msgs__rosidl_typesupport_introspection_cpp.dir/rosidl_typesupport_introspection_cpp/eufs_msgs/msg/detail/pure_pursuit_checkpoint__type_support.cpp.o[0m
[ 52%] [32mBuilding CXX object CMakeFiles/eufs_msgs__rosidl_typesupport_c.dir/rosidl_typesupport_c/eufs_msgs/srv/set_string__type_support.cpp.o[0m
[ 52%] [32mBuilding CXX object CMakeFiles/eufs_msgs__rosidl_typesupport_introspection_cpp.dir/rosidl_typesupport_introspection_cpp/eufs_msgs/msg/detail/pure_pursuit_checkpoint_array_stamped__type_support.cpp.o[0m
[ 52%] [32mBuilding CXX object CMakeFiles/eufs_msgs__rosidl_typesupport_fastrtps_cpp.dir/rosidl_typesupport_fastrtps_cpp/eufs_msgs/msg/detail/dds_fastrtps/lap_stats__type_support.cpp.o[0m
[ 52%] [32mBuilding CXX object CMakeFiles/eufs_msgs__rosidl_typesupport_introspection_cpp.dir/rosidl_typesupport_introspection_cpp/eufs_msgs/msg/detail/runstop__type_support.cpp.o[0m
[ 52%] [32mBuilding CXX object CMakeFiles/eufs_msgs__rosidl_typesupport_introspection_cpp.dir/rosidl_typesupport_introspection_cpp/eufs_msgs/msg/detail/slam_err__type_support.cpp.o[0m
[ 52%] [32mBuilding CXX object CMakeFiles/eufs_msgs__rosidl_typesupport_fastrtps_cpp.dir/rosidl_typesupport_fastrtps_cpp/eufs_msgs/msg/detail/dds_fastrtps/mpc_state__type_support.cpp.o[0m
[ 52%] [32mBuilding CXX object CMakeFiles/eufs_msgs__rosidl_typesupport_c.dir/rosidl_typesupport_c/eufs_msgs/srv/set_track__type_support.cpp.o[0m
[ 52%] [32mBuilding CXX object CMakeFiles/eufs_msgs__rosidl_typesupport_c.dir/rosidl_typesupport_c/eufs_msgs/srv/set_mission__type_support.cpp.o[0m
[ 52%] [32mBuilding CXX object CMakeFiles/eufs_msgs__rosidl_typesupport_introspection_cpp.dir/rosidl_typesupport_introspection_cpp/eufs_msgs/msg/detail/slam_state__type_support.cpp.o[0m
[ 53%] [32mBuilding CXX object CMakeFiles/eufs_msgs__rosidl_typesupport_introspection_cpp.dir/rosidl_typesupport_introspection_cpp/eufs_msgs/msg/detail/state_machine_state__type_support.cpp.o[0m
[ 53%] [32mBuilding CXX object CMakeFiles/eufs_msgs__rosidl_typesupport_c.dir/rosidl_typesupport_c/eufs_msgs/srv/get_map__type_support.cpp.o[0m
[ 54%] [32m[1mLinking CXX shared library libeufs_msgs__rosidl_typesupport_c.so[0m
[ 54%] [32mBuilding CXX object CMakeFiles/eufs_msgs__rosidl_typesupport_fastrtps_cpp.dir/rosidl_typesupport_fastrtps_cpp/eufs_msgs/msg/detail/dds_fastrtps/node_state__type_support.cpp.o[0m
[ 54%] [32mBuilding CXX object CMakeFiles/eufs_msgs__rosidl_typesupport_introspection_cpp.dir/rosidl_typesupport_introspection_cpp/eufs_msgs/msg/detail/stereo_image__type_support.cpp.o[0m
[ 54%] [32mBuilding CXX object CMakeFiles/eufs_msgs__rosidl_typesupport_fastrtps_cpp.dir/rosidl_typesupport_fastrtps_cpp/eufs_msgs/msg/detail/dds_fastrtps/node_state_array__type_support.cpp.o[0m
[ 54%] [32mBuilding CXX object CMakeFiles/eufs_msgs__rosidl_typesupport_introspection_cpp.dir/rosidl_typesupport_introspection_cpp/eufs_msgs/msg/detail/system_status__type_support.cpp.o[0m
[ 54%] Built target eufs_msgs__rosidl_typesupport_c
[ 54%] [32mBuilding CXX object CMakeFiles/eufs_msgs__rosidl_typesupport_introspection_cpp.dir/rosidl_typesupport_introspection_cpp/eufs_msgs/msg/detail/topic_status__type_support.cpp.o[0m
[ 55%] [32mBuilding CXX object CMakeFiles/eufs_msgs__rosidl_typesupport_fastrtps_cpp.dir/rosidl_typesupport_fastrtps_cpp/eufs_msgs/msg/detail/dds_fastrtps/oss__type_support.cpp.o[0m
[ 55%] [32mBuilding CXX object CMakeFiles/eufs_msgs__rosidl_typesupport_fastrtps_cpp.dir/rosidl_typesupport_fastrtps_cpp/eufs_msgs/msg/detail/dds_fastrtps/particle_slam__type_support.cpp.o[0m
[ 55%] [32mBuilding CXX object CMakeFiles/eufs_msgs__rosidl_typesupport_fastrtps_cpp.dir/rosidl_typesupport_fastrtps_cpp/eufs_msgs/msg/detail/dds_fastrtps/particle__type_support.cpp.o[0m
[ 55%] [32mBuilding C object CMakeFiles/eufs_msgs__rosidl_typesupport_introspection_c.dir/rosidl_typesupport_introspection_c/eufs_msgs/msg/detail/bounding_box__type_support.c.o[0m
[ 55%] [32mBuilding CXX object CMakeFiles/eufs_msgs__rosidl_typesupport_introspection_cpp.dir/rosidl_typesupport_introspection_cpp/eufs_msgs/msg/detail/vehicle_commands__type_support.cpp.o[0m
[ 55%] [32mBuilding C object CMakeFiles/eufs_msgs__rosidl_typesupport_introspection_c.dir/rosidl_typesupport_introspection_c/eufs_msgs/msg/detail/bounding_boxes__type_support.c.o[0m
[ 55%] [32mBuilding CXX object CMakeFiles/eufs_msgs__rosidl_typesupport_fastrtps_cpp.dir/rosidl_typesupport_fastrtps_cpp/eufs_msgs/msg/detail/dds_fastrtps/particle_slam_stamped__type_support.cpp.o[0m
[ 55%] [32mBuilding C object CMakeFiles/eufs_msgs__rosidl_typesupport_introspection_c.dir/rosidl_typesupport_introspection_c/eufs_msgs/msg/detail/can_state__type_support.c.o[0m
[ 56%] [32mBuilding CXX object CMakeFiles/eufs_msgs__rosidl_typesupport_introspection_cpp.dir/rosidl_typesupport_introspection_cpp/eufs_msgs/msg/detail/vehicle_commands_stamped__type_support.cpp.o[0m
[ 56%] [32mBuilding C object CMakeFiles/eufs_msgs__rosidl_typesupport_introspection_c.dir/rosidl_typesupport_introspection_c/eufs_msgs/msg/detail/car_forces__type_support.c.o[0m
[ 56%] [32mBuilding CXX object CMakeFiles/eufs_msgs__rosidl_typesupport_introspection_cpp.dir/rosidl_typesupport_introspection_cpp/eufs_msgs/msg/detail/waypoint__type_support.cpp.o[0m
[ 56%] [32mBuilding C object CMakeFiles/eufs_msgs__rosidl_typesupport_introspection_c.dir/rosidl_typesupport_introspection_c/eufs_msgs/msg/detail/car_state__type_support.c.o[0m
[ 56%] [32mBuilding CXX object CMakeFiles/eufs_msgs__rosidl_typesupport_fastrtps_cpp.dir/rosidl_typesupport_fastrtps_cpp/eufs_msgs/msg/detail/dds_fastrtps/particle_stamped__type_support.cpp.o[0m
[ 56%] [32mBuilding CXX object CMakeFiles/eufs_msgs__rosidl_typesupport_introspection_cpp.dir/rosidl_typesupport_introspection_cpp/eufs_msgs/msg/detail/waypoint_array_stamped__type_support.cpp.o[0m
[ 57%] [32mBuilding C object CMakeFiles/eufs_msgs__rosidl_typesupport_introspection_c.dir/rosidl_typesupport_introspection_c/eufs_msgs/msg/detail/chassis_command__type_support.c.o[0m
[ 57%] [32mBuilding CXX object CMakeFiles/eufs_msgs__rosidl_typesupport_fastrtps_cpp.dir/rosidl_typesupport_fastrtps_cpp/eufs_msgs/msg/detail/dds_fastrtps/path_integral_params__type_support.cpp.o[0m
[ 57%] [32mBuilding C object CMakeFiles/eufs_msgs__rosidl_typesupport_introspection_c.dir/rosidl_typesupport_introspection_c/eufs_msgs/msg/detail/chassis_state__type_support.c.o[0m
[ 58%] [32mBuilding CXX object CMakeFiles/eufs_msgs__rosidl_typesupport_fastrtps_cpp.dir/rosidl_typesupport_fastrtps_cpp/eufs_msgs/msg/detail/dds_fastrtps/path_integral_stats__type_support.cpp.o[0m
[ 58%] [32mBuilding C object CMakeFiles/eufs_msgs__rosidl_typesupport_introspection_c.dir/rosidl_typesupport_introspection_c/eufs_msgs/msg/detail/cone_array__type_support.c.o[0m
[ 58%] [32mBuilding CXX object CMakeFiles/eufs_msgs__rosidl_typesupport_fastrtps_cpp.dir/rosidl_typesupport_fastrtps_cpp/eufs_msgs/msg/detail/dds_fastrtps/path_integral_status__type_support.cpp.o[0m
[ 58%] [32mBuilding C object CMakeFiles/eufs_msgs__rosidl_typesupport_introspection_c.dir/rosidl_typesupport_introspection_c/eufs_msgs/msg/detail/cone_array_with_covariance__type_support.c.o[0m
[ 58%] [32mBuilding CXX object CMakeFiles/eufs_msgs__rosidl_typesupport_introspection_cpp.dir/rosidl_typesupport_introspection_cpp/eufs_msgs/msg/detail/wheel_odometry_err__type_support.cpp.o[0m
[ 58%] [32mBuilding C object CMakeFiles/eufs_msgs__rosidl_typesupport_introspection_c.dir/rosidl_typesupport_introspection_c/eufs_msgs/msg/detail/cone_with_color_probability__type_support.c.o[0m
[ 58%] [32mBuilding CXX object CMakeFiles/eufs_msgs__rosidl_typesupport_fastrtps_cpp.dir/rosidl_typesupport_fastrtps_cpp/eufs_msgs/msg/detail/dds_fastrtps/path_integral_timing__type_support.cpp.o[0m
[ 58%] [32mBuilding CXX object CMakeFiles/eufs_msgs__rosidl_typesupport_fastrtps_cpp.dir/rosidl_typesupport_fastrtps_cpp/eufs_msgs/msg/detail/dds_fastrtps/planning_mode__type_support.cpp.o[0m
[ 59%] [32mBuilding C object CMakeFiles/eufs_msgs__rosidl_typesupport_introspection_c.dir/rosidl_typesupport_introspection_c/eufs_msgs/msg/detail/cone_with_color_probability_array__type_support.c.o[0m
[ 59%] [32mBuilding C object CMakeFiles/eufs_msgs__rosidl_typesupport_introspection_c.dir/rosidl_typesupport_introspection_c/eufs_msgs/msg/detail/cone_with_covariance__type_support.c.o[0m
[ 59%] [32mBuilding CXX object CMakeFiles/eufs_msgs__rosidl_typesupport_introspection_cpp.dir/rosidl_typesupport_introspection_cpp/eufs_msgs/msg/detail/wheel_speeds__type_support.cpp.o[0m
[ 59%] [32mBuilding CXX object CMakeFiles/eufs_msgs__rosidl_typesupport_fastrtps_cpp.dir/rosidl_typesupport_fastrtps_cpp/eufs_msgs/msg/detail/dds_fastrtps/point_array__type_support.cpp.o[0m
[ 59%] [32mBuilding C object CMakeFiles/eufs_msgs__rosidl_typesupport_introspection_c.dir/rosidl_typesupport_introspection_c/eufs_msgs/msg/detail/cone_association__type_support.c.o[0m
[ 60%] [32mBuilding CXX object CMakeFiles/eufs_msgs__rosidl_typesupport_fastrtps_cpp.dir/rosidl_typesupport_fastrtps_cpp/eufs_msgs/msg/detail/dds_fastrtps/point_array_stamped__type_support.cpp.o[0m
[ 60%] [32mBuilding C object CMakeFiles/eufs_msgs__rosidl_typesupport_introspection_c.dir/rosidl_typesupport_introspection_c/eufs_msgs/msg/detail/cone_association_array__type_support.c.o[0m
[ 60%] [32mBuilding CXX object CMakeFiles/eufs_msgs__rosidl_typesupport_introspection_cpp.dir/rosidl_typesupport_introspection_cpp/eufs_msgs/msg/detail/wheel_speeds_stamped__type_support.cpp.o[0m
[ 60%] [32mBuilding CXX object CMakeFiles/eufs_msgs__rosidl_typesupport_fastrtps_c.dir/rosidl_typesupport_fastrtps_c/eufs_msgs/msg/detail/bounding_box__type_support_c.cpp.o[0m
[ 60%] [32mBuilding CXX object CMakeFiles/eufs_msgs__rosidl_typesupport_fastrtps_cpp.dir/rosidl_typesupport_fastrtps_cpp/eufs_msgs/msg/detail/dds_fastrtps/pure_pursuit_checkpoint__type_support.cpp.o[0m
[ 60%] [32mBuilding CXX object CMakeFiles/eufs_msgs__rosidl_typesupport_fastrtps_c.dir/rosidl_typesupport_fastrtps_c/eufs_msgs/msg/detail/bounding_boxes__type_support_c.cpp.o[0m
[ 60%] [32mBuilding CXX object CMakeFiles/eufs_msgs__rosidl_typesupport_fastrtps_cpp.dir/rosidl_typesupport_fastrtps_cpp/eufs_msgs/msg/detail/dds_fastrtps/pure_pursuit_checkpoint_array_stamped__type_support.cpp.o[0m
[ 60%] [32mBuilding CXX object CMakeFiles/eufs_msgs__rosidl_typesupport_fastrtps_cpp.dir/rosidl_typesupport_fastrtps_cpp/eufs_msgs/msg/detail/dds_fastrtps/runstop__type_support.cpp.o[0m
[ 60%] [32mBuilding C object CMakeFiles/eufs_msgs__rosidl_typesupport_introspection_c.dir/rosidl_typesupport_introspection_c/eufs_msgs/msg/detail/cone_association_array_array_stamped__type_support.c.o[0m
[ 60%] [32mBuilding CXX object CMakeFiles/eufs_msgs__rosidl_typesupport_fastrtps_c.dir/rosidl_typesupport_fastrtps_c/eufs_msgs/msg/detail/can_state__type_support_c.cpp.o[0m
[ 60%] [32mBuilding C object CMakeFiles/eufs_msgs__rosidl_typesupport_introspection_c.dir/rosidl_typesupport_introspection_c/eufs_msgs/msg/detail/cone_association_array_stamped__type_support.c.o[0m
[ 61%] [32mBuilding CXX object CMakeFiles/eufs_msgs__rosidl_typesupport_introspection_cpp.dir/rosidl_typesupport_introspection_cpp/eufs_msgs/action/detail/check_for_objects__type_support.cpp.o[0m
[ 61%] [32mBuilding CXX object CMakeFiles/eufs_msgs__rosidl_typesupport_introspection_cpp.dir/rosidl_typesupport_introspection_cpp/eufs_msgs/srv/detail/record_start__type_support.cpp.o[0m
[ 61%] [32mBuilding CXX object CMakeFiles/eufs_msgs__rosidl_typesupport_introspection_cpp.dir/rosidl_typesupport_introspection_cpp/eufs_msgs/srv/detail/record_stop__type_support.cpp.o[0m
[ 62%] [32mBuilding C object CMakeFiles/eufs_msgs__rosidl_typesupport_introspection_c.dir/rosidl_typesupport_introspection_c/eufs_msgs/msg/detail/costmap__type_support.c.o[0m
[ 62%] [32mBuilding CXX object CMakeFiles/eufs_msgs__rosidl_typesupport_introspection_cpp.dir/rosidl_typesupport_introspection_cpp/eufs_msgs/srv/detail/register__type_support.cpp.o[0m
[ 62%] [32mBuilding C object CMakeFiles/eufs_msgs__rosidl_typesupport_introspection_c.dir/rosidl_typesupport_introspection_c/eufs_msgs/msg/detail/cpu_status__type_support.c.o[0m
[ 62%] [32mBuilding CXX object CMakeFiles/eufs_msgs__rosidl_typesupport_fastrtps_c.dir/rosidl_typesupport_fastrtps_c/eufs_msgs/msg/detail/car_forces__type_support_c.cpp.o[0m
[ 62%] [32mBuilding CXX object CMakeFiles/eufs_msgs__rosidl_typesupport_introspection_cpp.dir/rosidl_typesupport_introspection_cpp/eufs_msgs/srv/detail/set_can_state__type_support.cpp.o[0m
[ 63%] [32mBuilding CXX object CMakeFiles/eufs_msgs__rosidl_typesupport_introspection_cpp.dir/rosidl_typesupport_introspection_cpp/eufs_msgs/srv/detail/set_string__type_support.cpp.o[0m
[ 63%] [32mBuilding C object CMakeFiles/eufs_msgs__rosidl_typesupport_introspection_c.dir/rosidl_typesupport_introspection_c/eufs_msgs/msg/detail/cpu_usage__type_support.c.o[0m
[ 63%] [32mBuilding CXX object CMakeFiles/eufs_msgs__rosidl_typesupport_introspection_cpp.dir/rosidl_typesupport_introspection_cpp/eufs_msgs/srv/detail/set_track__type_support.cpp.o[0m
[ 63%] [32mBuilding CXX object CMakeFiles/eufs_msgs__rosidl_typesupport_fastrtps_c.dir/rosidl_typesupport_fastrtps_c/eufs_msgs/msg/detail/car_state__type_support_c.cpp.o[0m
[ 63%] [32mBuilding C object CMakeFiles/eufs_msgs__rosidl_typesupport_introspection_c.dir/rosidl_typesupport_introspection_c/eufs_msgs/msg/detail/ekf_err__type_support.c.o[0m
[ 63%] [32mBuilding CXX object CMakeFiles/eufs_msgs__rosidl_typesupport_fastrtps_cpp.dir/rosidl_typesupport_fastrtps_cpp/eufs_msgs/msg/detail/dds_fastrtps/slam_err__type_support.cpp.o[0m
[ 63%] [32mBuilding CXX object CMakeFiles/eufs_msgs__rosidl_typesupport_introspection_cpp.dir/rosidl_typesupport_introspection_cpp/eufs_msgs/srv/detail/set_mission__type_support.cpp.o[0m
[ 63%] [32mBuilding CXX object CMakeFiles/eufs_msgs__rosidl_typesupport_introspection_cpp.dir/rosidl_typesupport_introspection_cpp/eufs_msgs/srv/detail/get_map__type_support.cpp.o[0m
[ 63%] [32mBuilding C object CMakeFiles/eufs_msgs__rosidl_typesupport_introspection_c.dir/rosidl_typesupport_introspection_c/eufs_msgs/msg/detail/ekf_state__type_support.c.o[0m
[ 64%] [32mBuilding C object CMakeFiles/eufs_msgs__rosidl_typesupport_introspection_c.dir/rosidl_typesupport_introspection_c/eufs_msgs/msg/detail/full_state__type_support.c.o[0m
[ 64%] [32mBuilding CXX object CMakeFiles/eufs_msgs__rosidl_typesupport_fastrtps_cpp.dir/rosidl_typesupport_fastrtps_cpp/eufs_msgs/msg/detail/dds_fastrtps/slam_state__type_support.cpp.o[0m
[ 65%] [32mBuilding CXX object CMakeFiles/eufs_msgs__rosidl_typesupport_fastrtps_c.dir/rosidl_typesupport_fastrtps_c/eufs_msgs/msg/detail/chassis_command__type_support_c.cpp.o[0m
[ 65%] [32mBuilding C object CMakeFiles/eufs_msgs__rosidl_typesupport_introspection_c.dir/rosidl_typesupport_introspection_c/eufs_msgs/msg/detail/heartbeat__type_support.c.o[0m
[ 66%] [32mBuilding CXX object CMakeFiles/eufs_msgs__rosidl_typesupport_fastrtps_c.dir/rosidl_typesupport_fastrtps_c/eufs_msgs/msg/detail/chassis_state__type_support_c.cpp.o[0m
[ 66%] [32mBuilding CXX object CMakeFiles/eufs_msgs__rosidl_typesupport_fastrtps_cpp.dir/rosidl_typesupport_fastrtps_cpp/eufs_msgs/msg/detail/dds_fastrtps/state_machine_state__type_support.cpp.o[0m
[ 66%] [32mBuilding CXX object CMakeFiles/eufs_msgs__rosidl_typesupport_fastrtps_c.dir/rosidl_typesupport_fastrtps_c/eufs_msgs/msg/detail/cone_array__type_support_c.cpp.o[0m
[ 66%] [32mBuilding C object CMakeFiles/eufs_msgs__rosidl_typesupport_introspection_c.dir/rosidl_typesupport_introspection_c/eufs_msgs/msg/detail/integration_err__type_support.c.o[0m
[ 66%] [32mBuilding CXX object CMakeFiles/eufs_msgs__rosidl_typesupport_fastrtps_c.dir/rosidl_typesupport_fastrtps_c/eufs_msgs/msg/detail/cone_array_with_covariance__type_support_c.cpp.o[0m
[ 66%] [32mBuilding CXX object CMakeFiles/eufs_msgs__rosidl_typesupport_fastrtps_cpp.dir/rosidl_typesupport_fastrtps_cpp/eufs_msgs/msg/detail/dds_fastrtps/stereo_image__type_support.cpp.o[0m
[ 66%] [32mBuilding C object CMakeFiles/eufs_msgs__rosidl_typesupport_introspection_c.dir/rosidl_typesupport_introspection_c/eufs_msgs/msg/detail/lap_stats__type_support.c.o[0m
[ 66%] [32mBuilding C object CMakeFiles/eufs_msgs__rosidl_typesupport_introspection_c.dir/rosidl_typesupport_introspection_c/eufs_msgs/msg/detail/mpc_state__type_support.c.o[0m
[ 66%] [32mBuilding CXX object CMakeFiles/eufs_msgs__rosidl_typesupport_fastrtps_cpp.dir/rosidl_typesupport_fastrtps_cpp/eufs_msgs/msg/detail/dds_fastrtps/system_status__type_support.cpp.o[0m
[ 66%] [32mBuilding CXX object CMakeFiles/eufs_msgs__rosidl_typesupport_fastrtps_c.dir/rosidl_typesupport_fastrtps_c/eufs_msgs/msg/detail/cone_with_color_probability__type_support_c.cpp.o[0m
[ 66%] [32mBuilding CXX object CMakeFiles/eufs_msgs__rosidl_typesupport_fastrtps_cpp.dir/rosidl_typesupport_fastrtps_cpp/eufs_msgs/msg/detail/dds_fastrtps/topic_status__type_support.cpp.o[0m
[ 66%] [32mBuilding C object CMakeFiles/eufs_msgs__rosidl_typesupport_introspection_c.dir/rosidl_typesupport_introspection_c/eufs_msgs/msg/detail/node_state__type_support.c.o[0m
[ 66%] [32mBuilding CXX object CMakeFiles/eufs_msgs__rosidl_typesupport_fastrtps_cpp.dir/rosidl_typesupport_fastrtps_cpp/eufs_msgs/msg/detail/dds_fastrtps/vehicle_commands__type_support.cpp.o[0m
[ 67%] [32mBuilding CXX object CMakeFiles/eufs_msgs__rosidl_typesupport_fastrtps_cpp.dir/rosidl_typesupport_fastrtps_cpp/eufs_msgs/msg/detail/dds_fastrtps/vehicle_commands_stamped__type_support.cpp.o[0m
[ 68%] [32mBuilding C object CMakeFiles/eufs_msgs__rosidl_typesupport_introspection_c.dir/rosidl_typesupport_introspection_c/eufs_msgs/msg/detail/node_state_array__type_support.c.o[0m
[ 68%] [32mBuilding CXX object CMakeFiles/eufs_msgs__rosidl_typesupport_fastrtps_cpp.dir/rosidl_typesupport_fastrtps_cpp/eufs_msgs/msg/detail/dds_fastrtps/waypoint__type_support.cpp.o[0m
[ 68%] [32mBuilding CXX object CMakeFiles/eufs_msgs__rosidl_typesupport_fastrtps_cpp.dir/rosidl_typesupport_fastrtps_cpp/eufs_msgs/msg/detail/dds_fastrtps/waypoint_array_stamped__type_support.cpp.o[0m
[ 68%] [32mBuilding C object CMakeFiles/eufs_msgs__rosidl_typesupport_introspection_c.dir/rosidl_typesupport_introspection_c/eufs_msgs/msg/detail/oss__type_support.c.o[0m
[ 68%] [32mBuilding C object CMakeFiles/eufs_msgs__rosidl_typesupport_introspection_c.dir/rosidl_typesupport_introspection_c/eufs_msgs/msg/detail/particle__type_support.c.o[0m
[ 68%] [32mBuilding C object CMakeFiles/eufs_msgs__rosidl_typesupport_introspection_c.dir/rosidl_typesupport_introspection_c/eufs_msgs/msg/detail/particle_slam__type_support.c.o[0m
[ 69%] [32mBuilding CXX object CMakeFiles/eufs_msgs__rosidl_typesupport_fastrtps_c.dir/rosidl_typesupport_fastrtps_c/eufs_msgs/msg/detail/cone_with_color_probability_array__type_support_c.cpp.o[0m
[ 69%] [32mBuilding C object CMakeFiles/eufs_msgs__rosidl_typesupport_introspection_c.dir/rosidl_typesupport_introspection_c/eufs_msgs/msg/detail/particle_slam_stamped__type_support.c.o[0m
[ 69%] [32mBuilding CXX object CMakeFiles/eufs_msgs__rosidl_typesupport_fastrtps_cpp.dir/rosidl_typesupport_fastrtps_cpp/eufs_msgs/msg/detail/dds_fastrtps/wheel_odometry_err__type_support.cpp.o[0m
[ 70%] [32mBuilding C object CMakeFiles/eufs_msgs__rosidl_typesupport_introspection_c.dir/rosidl_typesupport_introspection_c/eufs_msgs/msg/detail/particle_stamped__type_support.c.o[0m
[ 70%] [32mBuilding C object CMakeFiles/eufs_msgs__rosidl_typesupport_introspection_c.dir/rosidl_typesupport_introspection_c/eufs_msgs/msg/detail/path_integral_params__type_support.c.o[0m
[ 70%] [32mBuilding CXX object CMakeFiles/eufs_msgs__rosidl_typesupport_fastrtps_cpp.dir/rosidl_typesupport_fastrtps_cpp/eufs_msgs/msg/detail/dds_fastrtps/wheel_speeds__type_support.cpp.o[0m
[ 70%] [32mBuilding CXX object CMakeFiles/eufs_msgs__rosidl_typesupport_fastrtps_c.dir/rosidl_typesupport_fastrtps_c/eufs_msgs/msg/detail/cone_with_covariance__type_support_c.cpp.o[0m
[ 70%] [32mBuilding CXX object CMakeFiles/eufs_msgs__rosidl_typesupport_fastrtps_c.dir/rosidl_typesupport_fastrtps_c/eufs_msgs/msg/detail/cone_association__type_support_c.cpp.o[0m
[ 70%] [32mBuilding C object CMakeFiles/eufs_msgs__rosidl_typesupport_introspection_c.dir/rosidl_typesupport_introspection_c/eufs_msgs/msg/detail/path_integral_stats__type_support.c.o[0m
[ 70%] [32mBuilding CXX object CMakeFiles/eufs_msgs__rosidl_typesupport_fastrtps_cpp.dir/rosidl_typesupport_fastrtps_cpp/eufs_msgs/msg/detail/dds_fastrtps/wheel_speeds_stamped__type_support.cpp.o[0m
[ 70%] [32mBuilding C object CMakeFiles/eufs_msgs__rosidl_typesupport_introspection_c.dir/rosidl_typesupport_introspection_c/eufs_msgs/msg/detail/path_integral_status__type_support.c.o[0m
[ 70%] [32mBuilding CXX object CMakeFiles/eufs_msgs__rosidl_typesupport_fastrtps_c.dir/rosidl_typesupport_fastrtps_c/eufs_msgs/msg/detail/cone_association_array__type_support_c.cpp.o[0m
[ 70%] [32mBuilding CXX object CMakeFiles/eufs_msgs__rosidl_typesupport_fastrtps_c.dir/rosidl_typesupport_fastrtps_c/eufs_msgs/msg/detail/cone_association_array_array_stamped__type_support_c.cpp.o[0m
[ 70%] [32mBuilding CXX object CMakeFiles/eufs_msgs__rosidl_typesupport_fastrtps_c.dir/rosidl_typesupport_fastrtps_c/eufs_msgs/msg/detail/cone_association_array_stamped__type_support_c.cpp.o[0m
[ 70%] [32mBuilding C object CMakeFiles/eufs_msgs__rosidl_typesupport_introspection_c.dir/rosidl_typesupport_introspection_c/eufs_msgs/msg/detail/path_integral_timing__type_support.c.o[0m
[ 71%] [32mBuilding CXX object CMakeFiles/eufs_msgs__rosidl_typesupport_fastrtps_cpp.dir/rosidl_typesupport_fastrtps_cpp/eufs_msgs/action/detail/dds_fastrtps/check_for_objects__type_support.cpp.o[0m
[ 71%] [32mBuilding C object CMakeFiles/eufs_msgs__rosidl_typesupport_introspection_c.dir/rosidl_typesupport_introspection_c/eufs_msgs/msg/detail/planning_mode__type_support.c.o[0m
[ 72%] [32mBuilding C object CMakeFiles/eufs_msgs__rosidl_typesupport_introspection_c.dir/rosidl_typesupport_introspection_c/eufs_msgs/msg/detail/point_array__type_support.c.o[0m
[ 72%] [32mBuilding C object CMakeFiles/eufs_msgs__rosidl_typesupport_introspection_c.dir/rosidl_typesupport_introspection_c/eufs_msgs/msg/detail/point_array_stamped__type_support.c.o[0m
[ 72%] [32mBuilding CXX object CMakeFiles/eufs_msgs__rosidl_typesupport_fastrtps_cpp.dir/rosidl_typesupport_fastrtps_cpp/eufs_msgs/srv/detail/dds_fastrtps/record_start__type_support.cpp.o[0m
[ 72%] [32m[1mLinking CXX shared library libeufs_msgs__rosidl_typesupport_introspection_cpp.so[0m
[ 72%] [32mBuilding CXX object CMakeFiles/eufs_msgs__rosidl_typesupport_fastrtps_cpp.dir/rosidl_typesupport_fastrtps_cpp/eufs_msgs/srv/detail/dds_fastrtps/record_stop__type_support.cpp.o[0m
[ 73%] [32mBuilding CXX object CMakeFiles/eufs_msgs__rosidl_typesupport_fastrtps_c.dir/rosidl_typesupport_fastrtps_c/eufs_msgs/msg/detail/costmap__type_support_c.cpp.o[0m
[ 73%] [32mBuilding C object CMakeFiles/eufs_msgs__rosidl_typesupport_introspection_c.dir/rosidl_typesupport_introspection_c/eufs_msgs/msg/detail/pure_pursuit_checkpoint__type_support.c.o[0m
[ 73%] [32mBuilding CXX object CMakeFiles/eufs_msgs__rosidl_typesupport_fastrtps_cpp.dir/rosidl_typesupport_fastrtps_cpp/eufs_msgs/srv/detail/dds_fastrtps/register__type_support.cpp.o[0m
[ 73%] [32mBuilding CXX object CMakeFiles/eufs_msgs__rosidl_typesupport_fastrtps_cpp.dir/rosidl_typesupport_fastrtps_cpp/eufs_msgs/srv/detail/dds_fastrtps/set_can_state__type_support.cpp.o[0m
[ 73%] [32mBuilding CXX object CMakeFiles/eufs_msgs__rosidl_typesupport_fastrtps_c.dir/rosidl_typesupport_fastrtps_c/eufs_msgs/msg/detail/cpu_status__type_support_c.cpp.o[0m
[ 73%] [32mBuilding C object CMakeFiles/eufs_msgs__rosidl_typesupport_introspection_c.dir/rosidl_typesupport_introspection_c/eufs_msgs/msg/detail/pure_pursuit_checkpoint_array_stamped__type_support.c.o[0m
[ 73%] [32mBuilding C object CMakeFiles/eufs_msgs__rosidl_typesupport_introspection_c.dir/rosidl_typesupport_introspection_c/eufs_msgs/msg/detail/runstop__type_support.c.o[0m
[ 73%] Built target eufs_msgs__rosidl_typesupport_introspection_cpp
[ 74%] [32mBuilding C object CMakeFiles/eufs_msgs__rosidl_typesupport_introspection_c.dir/rosidl_typesupport_introspection_c/eufs_msgs/msg/detail/slam_err__type_support.c.o[0m
[ 74%] [32mBuilding CXX object CMakeFiles/eufs_msgs__rosidl_typesupport_fastrtps_c.dir/rosidl_typesupport_fastrtps_c/eufs_msgs/msg/detail/cpu_usage__type_support_c.cpp.o[0m
[ 74%] [32mBuilding CXX object CMakeFiles/eufs_msgs__rosidl_typesupport_fastrtps_c.dir/rosidl_typesupport_fastrtps_c/eufs_msgs/msg/detail/ekf_err__type_support_c.cpp.o[0m
[ 74%] [32mBuilding C object CMakeFiles/eufs_msgs__rosidl_typesupport_introspection_c.dir/rosidl_typesupport_introspection_c/eufs_msgs/msg/detail/slam_state__type_support.c.o[0m
[ 74%] [32mBuilding C object CMakeFiles/eufs_msgs__rosidl_typesupport_introspection_c.dir/rosidl_typesupport_introspection_c/eufs_msgs/msg/detail/state_machine_state__type_support.c.o[0m
[ 75%] [32mBuilding CXX object CMakeFiles/eufs_msgs__rosidl_typesupport_fastrtps_cpp.dir/rosidl_typesupport_fastrtps_cpp/eufs_msgs/srv/detail/dds_fastrtps/set_string__type_support.cpp.o[0m
[ 75%] [32mBuilding C object CMakeFiles/eufs_msgs__rosidl_typesupport_introspection_c.dir/rosidl_typesupport_introspection_c/eufs_msgs/msg/detail/stereo_image__type_support.c.o[0m
[ 75%] [32mBuilding C object CMakeFiles/eufs_msgs__rosidl_typesupport_introspection_c.dir/rosidl_typesupport_introspection_c/eufs_msgs/msg/detail/system_status__type_support.c.o[0m
[ 75%] [32mBuilding CXX object CMakeFiles/eufs_msgs__rosidl_typesupport_fastrtps_c.dir/rosidl_typesupport_fastrtps_c/eufs_msgs/msg/detail/ekf_state__type_support_c.cpp.o[0m
[ 76%] [32mBuilding C object CMakeFiles/eufs_msgs__rosidl_typesupport_introspection_c.dir/rosidl_typesupport_introspection_c/eufs_msgs/msg/detail/topic_status__type_support.c.o[0m
[ 76%] [32mBuilding CXX object CMakeFiles/eufs_msgs__rosidl_typesupport_fastrtps_cpp.dir/rosidl_typesupport_fastrtps_cpp/eufs_msgs/srv/detail/dds_fastrtps/set_mission__type_support.cpp.o[0m
[ 76%] [32mBuilding CXX object CMakeFiles/eufs_msgs__rosidl_typesupport_fastrtps_cpp.dir/rosidl_typesupport_fastrtps_cpp/eufs_msgs/srv/detail/dds_fastrtps/set_track__type_support.cpp.o[0m
[ 77%] [32mBuilding CXX object CMakeFiles/eufs_msgs__rosidl_typesupport_fastrtps_c.dir/rosidl_typesupport_fastrtps_c/eufs_msgs/msg/detail/full_state__type_support_c.cpp.o[0m
[ 77%] [32mBuilding CXX object CMakeFiles/eufs_msgs__rosidl_typesupport_fastrtps_c.dir/rosidl_typesupport_fastrtps_c/eufs_msgs/msg/detail/heartbeat__type_support_c.cpp.o[0m
[ 77%] [32mBuilding CXX object CMakeFiles/eufs_msgs__rosidl_typesupport_fastrtps_cpp.dir/rosidl_typesupport_fastrtps_cpp/eufs_msgs/srv/detail/dds_fastrtps/get_map__type_support.cpp.o[0m
[ 77%] [32mBuilding CXX object CMakeFiles/eufs_msgs__rosidl_typesupport_fastrtps_c.dir/rosidl_typesupport_fastrtps_c/eufs_msgs/msg/detail/integration_err__type_support_c.cpp.o[0m
[ 77%] [32mBuilding C object CMakeFiles/eufs_msgs__rosidl_typesupport_introspection_c.dir/rosidl_typesupport_introspection_c/eufs_msgs/msg/detail/vehicle_commands__type_support.c.o[0m
[ 77%] [32mBuilding C object CMakeFiles/eufs_msgs__rosidl_typesupport_introspection_c.dir/rosidl_typesupport_introspection_c/eufs_msgs/msg/detail/vehicle_commands_stamped__type_support.c.o[0m
[ 77%] [32mBuilding C object CMakeFiles/eufs_msgs__rosidl_typesupport_introspection_c.dir/rosidl_typesupport_introspection_c/eufs_msgs/msg/detail/waypoint__type_support.c.o[0m
[ 77%] [32mBuilding C object CMakeFiles/eufs_msgs__rosidl_typesupport_introspection_c.dir/rosidl_typesupport_introspection_c/eufs_msgs/msg/detail/waypoint_array_stamped__type_support.c.o[0m
[ 77%] [32mBuilding C object CMakeFiles/eufs_msgs__rosidl_typesupport_introspection_c.dir/rosidl_typesupport_introspection_c/eufs_msgs/msg/detail/wheel_odometry_err__type_support.c.o[0m
[ 78%] [32mBuilding C object CMakeFiles/eufs_msgs__rosidl_typesupport_introspection_c.dir/rosidl_typesupport_introspection_c/eufs_msgs/msg/detail/wheel_speeds__type_support.c.o[0m
[ 78%] [32mBuilding CXX object CMakeFiles/eufs_msgs__rosidl_typesupport_fastrtps_c.dir/rosidl_typesupport_fastrtps_c/eufs_msgs/msg/detail/lap_stats__type_support_c.cpp.o[0m
[ 78%] [32mBuilding CXX object CMakeFiles/eufs_msgs__rosidl_typesupport_fastrtps_c.dir/rosidl_typesupport_fastrtps_c/eufs_msgs/msg/detail/mpc_state__type_support_c.cpp.o[0m
[ 78%] [32mBuilding CXX object CMakeFiles/eufs_msgs__rosidl_typesupport_fastrtps_c.dir/rosidl_typesupport_fastrtps_c/eufs_msgs/msg/detail/node_state__type_support_c.cpp.o[0m
[ 78%] [32mBuilding C object CMakeFiles/eufs_msgs__rosidl_typesupport_introspection_c.dir/rosidl_typesupport_introspection_c/eufs_msgs/msg/detail/wheel_speeds_stamped__type_support.c.o[0m
[ 79%] [32mBuilding CXX object CMakeFiles/eufs_msgs__rosidl_typesupport_fastrtps_c.dir/rosidl_typesupport_fastrtps_c/eufs_msgs/msg/detail/node_state_array__type_support_c.cpp.o[0m
[ 79%] [32mBuilding C object CMakeFiles/eufs_msgs__rosidl_typesupport_introspection_c.dir/rosidl_typesupport_introspection_c/eufs_msgs/action/detail/check_for_objects__type_support.c.o[0m
[ 79%] [32mBuilding CXX object CMakeFiles/eufs_msgs__rosidl_typesupport_fastrtps_c.dir/rosidl_typesupport_fastrtps_c/eufs_msgs/msg/detail/oss__type_support_c.cpp.o[0m
[ 79%] [32mBuilding C object CMakeFiles/eufs_msgs__rosidl_typesupport_introspection_c.dir/rosidl_typesupport_introspection_c/eufs_msgs/srv/detail/record_start__type_support.c.o[0m
[ 79%] [32mBuilding C object CMakeFiles/eufs_msgs__rosidl_typesupport_introspection_c.dir/rosidl_typesupport_introspection_c/eufs_msgs/srv/detail/record_stop__type_support.c.o[0m
[ 80%] [32mBuilding CXX object CMakeFiles/eufs_msgs__rosidl_typesupport_fastrtps_c.dir/rosidl_typesupport_fastrtps_c/eufs_msgs/msg/detail/particle__type_support_c.cpp.o[0m
[ 80%] [32mBuilding C object CMakeFiles/eufs_msgs__rosidl_typesupport_introspection_c.dir/rosidl_typesupport_introspection_c/eufs_msgs/srv/detail/register__type_support.c.o[0m
[ 80%] [32mBuilding C object CMakeFiles/eufs_msgs__rosidl_typesupport_introspection_c.dir/rosidl_typesupport_introspection_c/eufs_msgs/srv/detail/set_can_state__type_support.c.o[0m
[ 80%] [32mBuilding C object CMakeFiles/eufs_msgs__rosidl_typesupport_introspection_c.dir/rosidl_typesupport_introspection_c/eufs_msgs/srv/detail/set_string__type_support.c.o[0m
[ 80%] [32mBuilding C object CMakeFiles/eufs_msgs__rosidl_typesupport_introspection_c.dir/rosidl_typesupport_introspection_c/eufs_msgs/srv/detail/set_track__type_support.c.o[0m
[ 80%] [32mBuilding C object CMakeFiles/eufs_msgs__rosidl_typesupport_introspection_c.dir/rosidl_typesupport_introspection_c/eufs_msgs/srv/detail/set_mission__type_support.c.o[0m
[ 80%] [32mBuilding CXX object CMakeFiles/eufs_msgs__rosidl_typesupport_fastrtps_c.dir/rosidl_typesupport_fastrtps_c/eufs_msgs/msg/detail/particle_slam__type_support_c.cpp.o[0m
[ 80%] [32mBuilding CXX object CMakeFiles/eufs_msgs__rosidl_typesupport_fastrtps_c.dir/rosidl_typesupport_fastrtps_c/eufs_msgs/msg/detail/particle_slam_stamped__type_support_c.cpp.o[0m
[ 80%] [32mBuilding C object CMakeFiles/eufs_msgs__rosidl_typesupport_introspection_c.dir/rosidl_typesupport_introspection_c/eufs_msgs/srv/detail/get_map__type_support.c.o[0m
[ 81%] [32mBuilding CXX object CMakeFiles/eufs_msgs__rosidl_typesupport_fastrtps_c.dir/rosidl_typesupport_fastrtps_c/eufs_msgs/msg/detail/particle_stamped__type_support_c.cpp.o[0m
[ 81%] [32mBuilding CXX object CMakeFiles/eufs_msgs__rosidl_typesupport_fastrtps_c.dir/rosidl_typesupport_fastrtps_c/eufs_msgs/msg/detail/path_integral_stats__type_support_c.cpp.o[0m
[ 81%] [32mBuilding CXX object CMakeFiles/eufs_msgs__rosidl_typesupport_fastrtps_c.dir/rosidl_typesupport_fastrtps_c/eufs_msgs/msg/detail/path_integral_params__type_support_c.cpp.o[0m
[ 82%] [32m[1mLinking C shared library libeufs_msgs__rosidl_typesupport_introspection_c.so[0m
[ 82%] [32mBuilding CXX object CMakeFiles/eufs_msgs__rosidl_typesupport_fastrtps_c.dir/rosidl_typesupport_fastrtps_c/eufs_msgs/msg/detail/path_integral_status__type_support_c.cpp.o[0m
[ 82%] [32mBuilding CXX object CMakeFiles/eufs_msgs__rosidl_typesupport_fastrtps_c.dir/rosidl_typesupport_fastrtps_c/eufs_msgs/msg/detail/path_integral_timing__type_support_c.cpp.o[0m
[ 82%] [32mBuilding CXX object CMakeFiles/eufs_msgs__rosidl_typesupport_fastrtps_c.dir/rosidl_typesupport_fastrtps_c/eufs_msgs/msg/detail/planning_mode__type_support_c.cpp.o[0m
[ 82%] Built target eufs_msgs__rosidl_typesupport_introspection_c
[ 83%] [32mBuilding CXX object CMakeFiles/eufs_msgs__rosidl_typesupport_fastrtps_c.dir/rosidl_typesupport_fastrtps_c/eufs_msgs/msg/detail/point_array__type_support_c.cpp.o[0m
[ 83%] [32mBuilding CXX object CMakeFiles/eufs_msgs__rosidl_typesupport_fastrtps_c.dir/rosidl_typesupport_fastrtps_c/eufs_msgs/msg/detail/point_array_stamped__type_support_c.cpp.o[0m
[ 83%] [32mBuilding CXX object CMakeFiles/eufs_msgs__rosidl_typesupport_fastrtps_c.dir/rosidl_typesupport_fastrtps_c/eufs_msgs/msg/detail/pure_pursuit_checkpoint__type_support_c.cpp.o[0m
[ 83%] [32mBuilding CXX object CMakeFiles/eufs_msgs__rosidl_typesupport_fastrtps_c.dir/rosidl_typesupport_fastrtps_c/eufs_msgs/msg/detail/pure_pursuit_checkpoint_array_stamped__type_support_c.cpp.o[0m
[ 83%] [32mBuilding CXX object CMakeFiles/eufs_msgs__rosidl_typesupport_fastrtps_c.dir/rosidl_typesupport_fastrtps_c/eufs_msgs/msg/detail/runstop__type_support_c.cpp.o[0m
[ 83%] [32mBuilding CXX object CMakeFiles/eufs_msgs__rosidl_typesupport_fastrtps_c.dir/rosidl_typesupport_fastrtps_c/eufs_msgs/msg/detail/slam_state__type_support_c.cpp.o[0m
[ 84%] [32mBuilding CXX object CMakeFiles/eufs_msgs__rosidl_typesupport_fastrtps_c.dir/rosidl_typesupport_fastrtps_c/eufs_msgs/msg/detail/slam_err__type_support_c.cpp.o[0m
[ 84%] [32mBuilding CXX object CMakeFiles/eufs_msgs__rosidl_typesupport_fastrtps_c.dir/rosidl_typesupport_fastrtps_c/eufs_msgs/msg/detail/stereo_image__type_support_c.cpp.o[0m
[ 84%] [32mBuilding CXX object CMakeFiles/eufs_msgs__rosidl_typesupport_fastrtps_c.dir/rosidl_typesupport_fastrtps_c/eufs_msgs/msg/detail/state_machine_state__type_support_c.cpp.o[0m
[ 84%] [32m[1mLinking CXX shared library libeufs_msgs__rosidl_typesupport_fastrtps_cpp.so[0m
[ 84%] [32mBuilding CXX object CMakeFiles/eufs_msgs__rosidl_typesupport_fastrtps_c.dir/rosidl_typesupport_fastrtps_c/eufs_msgs/msg/detail/system_status__type_support_c.cpp.o[0m
[ 85%] [32mBuilding CXX object CMakeFiles/eufs_msgs__rosidl_typesupport_fastrtps_c.dir/rosidl_typesupport_fastrtps_c/eufs_msgs/msg/detail/topic_status__type_support_c.cpp.o[0m
[ 85%] [32mBuilding CXX object CMakeFiles/eufs_msgs__rosidl_typesupport_fastrtps_c.dir/rosidl_typesupport_fastrtps_c/eufs_msgs/msg/detail/vehicle_commands__type_support_c.cpp.o[0m
[ 85%] [32mBuilding CXX object CMakeFiles/eufs_msgs__rosidl_typesupport_fastrtps_c.dir/rosidl_typesupport_fastrtps_c/eufs_msgs/msg/detail/vehicle_commands_stamped__type_support_c.cpp.o[0m
[ 85%] [32mBuilding CXX object CMakeFiles/eufs_msgs__rosidl_typesupport_fastrtps_c.dir/rosidl_typesupport_fastrtps_c/eufs_msgs/msg/detail/waypoint__type_support_c.cpp.o[0m
[ 85%] [32mBuilding CXX object CMakeFiles/eufs_msgs__rosidl_typesupport_fastrtps_c.dir/rosidl_typesupport_fastrtps_c/eufs_msgs/msg/detail/waypoint_array_stamped__type_support_c.cpp.o[0m
[ 85%] [32mBuilding CXX object CMakeFiles/eufs_msgs__rosidl_typesupport_fastrtps_c.dir/rosidl_typesupport_fastrtps_c/eufs_msgs/msg/detail/wheel_odometry_err__type_support_c.cpp.o[0m
[ 86%] [32mBuilding CXX object CMakeFiles/eufs_msgs__rosidl_typesupport_fastrtps_c.dir/rosidl_typesupport_fastrtps_c/eufs_msgs/msg/detail/wheel_speeds__type_support_c.cpp.o[0m
[ 86%] Built target eufs_msgs__rosidl_typesupport_fastrtps_cpp
[ 86%] [32mBuilding CXX object CMakeFiles/eufs_msgs__rosidl_typesupport_fastrtps_c.dir/rosidl_typesupport_fastrtps_c/eufs_msgs/msg/detail/wheel_speeds_stamped__type_support_c.cpp.o[0m
[ 86%] [32mBuilding CXX object CMakeFiles/eufs_msgs__rosidl_typesupport_fastrtps_c.dir/rosidl_typesupport_fastrtps_c/eufs_msgs/action/detail/check_for_objects__type_support_c.cpp.o[0m
[ 86%] [32mBuilding CXX object CMakeFiles/eufs_msgs__rosidl_typesupport_fastrtps_c.dir/rosidl_typesupport_fastrtps_c/eufs_msgs/srv/detail/record_start__type_support_c.cpp.o[0m
[ 86%] [32mBuilding CXX object CMakeFiles/eufs_msgs__rosidl_typesupport_fastrtps_c.dir/rosidl_typesupport_fastrtps_c/eufs_msgs/srv/detail/record_stop__type_support_c.cpp.o[0m
[ 87%] [32mBuilding CXX object CMakeFiles/eufs_msgs__rosidl_typesupport_fastrtps_c.dir/rosidl_typesupport_fastrtps_c/eufs_msgs/srv/detail/register__type_support_c.cpp.o[0m
[ 87%] [32mBuilding CXX object CMakeFiles/eufs_msgs__rosidl_typesupport_fastrtps_c.dir/rosidl_typesupport_fastrtps_c/eufs_msgs/srv/detail/set_can_state__type_support_c.cpp.o[0m
[ 87%] [32mBuilding CXX object CMakeFiles/eufs_msgs__rosidl_typesupport_fastrtps_c.dir/rosidl_typesupport_fastrtps_c/eufs_msgs/srv/detail/set_string__type_support_c.cpp.o[0m
[ 87%] [32mBuilding CXX object CMakeFiles/eufs_msgs__rosidl_typesupport_fastrtps_c.dir/rosidl_typesupport_fastrtps_c/eufs_msgs/srv/detail/set_track__type_support_c.cpp.o[0m
[ 87%] [32mBuilding CXX object CMakeFiles/eufs_msgs__rosidl_typesupport_fastrtps_c.dir/rosidl_typesupport_fastrtps_c/eufs_msgs/srv/detail/set_mission__type_support_c.cpp.o[0m
[ 87%] [32mBuilding CXX object CMakeFiles/eufs_msgs__rosidl_typesupport_fastrtps_c.dir/rosidl_typesupport_fastrtps_c/eufs_msgs/srv/detail/get_map__type_support_c.cpp.o[0m
[ 88%] [32m[1mLinking CXX shared library libeufs_msgs__rosidl_typesupport_fastrtps_c.so[0m
[ 88%] Built target eufs_msgs__rosidl_typesupport_fastrtps_c
[ 88%] Built target eufs_msgs
[ 88%] [34m[1mGenerating Python code for ROS interfaces[0m
[ 88%] Built target eufs_msgs__py
[ 89%] [32mBuilding C object CMakeFiles/eufs_msgs__rosidl_generator_py.dir/rosidl_generator_py/eufs_msgs/msg/_bounding_boxes_s.c.o[0m
[ 89%] [32mBuilding C object CMakeFiles/eufs_msgs__rosidl_generator_py.dir/rosidl_generator_py/eufs_msgs/msg/_car_state_s.c.o[0m
[ 89%] [32mBuilding C object CMakeFiles/eufs_msgs__rosidl_generator_py.dir/rosidl_generator_py/eufs_msgs/msg/_chassis_command_s.c.o[0m
[ 89%] [32mBuilding C object CMakeFiles/eufs_msgs__rosidl_generator_py.dir/rosidl_generator_py/eufs_msgs/msg/_bounding_box_s.c.o[0m
[ 89%] [32mBuilding C object CMakeFiles/eufs_msgs__rosidl_generator_py.dir/rosidl_generator_py/eufs_msgs/msg/_chassis_state_s.c.o[0m
[ 89%] [32mBuilding C object CMakeFiles/eufs_msgs__rosidl_generator_py.dir/rosidl_generator_py/eufs_msgs/msg/_can_state_s.c.o[0m
[ 89%] [32mBuilding C object CMakeFiles/eufs_msgs__rosidl_generator_py.dir/rosidl_generator_py/eufs_msgs/msg/_car_forces_s.c.o[0m
[ 89%] [32mBuilding C object CMakeFiles/eufs_msgs__rosidl_generator_py.dir/rosidl_generator_py/eufs_msgs/msg/_cone_with_color_probability_array_s.c.o[0m
[ 89%] [32mBuilding C object CMakeFiles/eufs_msgs__rosidl_generator_py.dir/rosidl_generator_py/eufs_msgs/msg/_cone_array_with_covariance_s.c.o[0m
[ 89%] [32mBuilding C object CMakeFiles/eufs_msgs__rosidl_generator_py.dir/rosidl_generator_py/eufs_msgs/msg/_cone_with_covariance_s.c.o[0m
[ 89%] [32mBuilding C object CMakeFiles/eufs_msgs__rosidl_generator_py.dir/rosidl_generator_py/eufs_msgs/msg/_cone_with_color_probability_s.c.o[0m
[ 90%] [32mBuilding C object CMakeFiles/eufs_msgs__rosidl_generator_py.dir/rosidl_generator_py/eufs_msgs/msg/_cone_association_s.c.o[0m
[ 90%] [32mBuilding C object CMakeFiles/eufs_msgs__rosidl_generator_py.dir/rosidl_generator_py/eufs_msgs/msg/_cone_association_array_array_stamped_s.c.o[0m
[ 90%] [32mBuilding C object CMakeFiles/eufs_msgs__rosidl_generator_py.dir/rosidl_generator_py/eufs_msgs/msg/_cone_association_array_stamped_s.c.o[0m
[ 90%] [32mBuilding C object CMakeFiles/eufs_msgs__rosidl_generator_py.dir/rosidl_generator_py/eufs_msgs/msg/_costmap_s.c.o[0m
[ 90%] [32mBuilding C object CMakeFiles/eufs_msgs__rosidl_generator_py.dir/rosidl_generator_py/eufs_msgs/msg/_cone_association_array_s.c.o[0m
[ 91%] [32mBuilding C object CMakeFiles/eufs_msgs__rosidl_generator_py.dir/rosidl_generator_py/eufs_msgs/msg/_cpu_usage_s.c.o[0m
[ 91%] [32mBuilding C object CMakeFiles/eufs_msgs__rosidl_generator_py.dir/rosidl_generator_py/eufs_msgs/msg/_cpu_status_s.c.o[0m
[ 92%] [32mBuilding C object CMakeFiles/eufs_msgs__rosidl_generator_py.dir/rosidl_generator_py/eufs_msgs/msg/_cone_array_s.c.o[0m
[ 92%] [32mBuilding C object CMakeFiles/eufs_msgs__rosidl_generator_py.dir/rosidl_generator_py/eufs_msgs/msg/_ekf_err_s.c.o[0m
[ 92%] [32mBuilding C object CMakeFiles/eufs_msgs__rosidl_generator_py.dir/rosidl_generator_py/eufs_msgs/msg/_full_state_s.c.o[0m
[ 92%] [32mBuilding C object CMakeFiles/eufs_msgs__rosidl_generator_py.dir/rosidl_generator_py/eufs_msgs/msg/_ekf_state_s.c.o[0m
[ 93%] [32mBuilding C object CMakeFiles/eufs_msgs__rosidl_generator_py.dir/rosidl_generator_py/eufs_msgs/msg/_integration_err_s.c.o[0m
[ 93%] [32mBuilding C object CMakeFiles/eufs_msgs__rosidl_generator_py.dir/rosidl_generator_py/eufs_msgs/msg/_heartbeat_s.c.o[0m
[ 93%] [32mBuilding C object CMakeFiles/eufs_msgs__rosidl_generator_py.dir/rosidl_generator_py/eufs_msgs/msg/_lap_stats_s.c.o[0m
[ 93%] [32mBuilding C object CMakeFiles/eufs_msgs__rosidl_generator_py.dir/rosidl_generator_py/eufs_msgs/msg/_mpc_state_s.c.o[0m
[ 94%] [32mBuilding C object CMakeFiles/eufs_msgs__rosidl_generator_py.dir/rosidl_generator_py/eufs_msgs/msg/_oss_s.c.o[0m
[ 94%] [32mBuilding C object CMakeFiles/eufs_msgs__rosidl_generator_py.dir/rosidl_generator_py/eufs_msgs/msg/_node_state_s.c.o[0m
[ 94%] [32mBuilding C object CMakeFiles/eufs_msgs__rosidl_generator_py.dir/rosidl_generator_py/eufs_msgs/msg/_node_state_array_s.c.o[0m
[ 94%] [32mBuilding C object CMakeFiles/eufs_msgs__rosidl_generator_py.dir/rosidl_generator_py/eufs_msgs/msg/_particle_s.c.o[0m
[ 94%] [32mBuilding C object CMakeFiles/eufs_msgs__rosidl_generator_py.dir/rosidl_generator_py/eufs_msgs/msg/_particle_slam_s.c.o[0m
[ 94%] [32mBuilding C object CMakeFiles/eufs_msgs__rosidl_generator_py.dir/rosidl_generator_py/eufs_msgs/msg/_particle_stamped_s.c.o[0m
[ 94%] [32mBuilding C object CMakeFiles/eufs_msgs__rosidl_generator_py.dir/rosidl_generator_py/eufs_msgs/msg/_particle_slam_stamped_s.c.o[0m
[ 94%] [32mBuilding C object CMakeFiles/eufs_msgs__rosidl_generator_py.dir/rosidl_generator_py/eufs_msgs/msg/_path_integral_params_s.c.o[0m
[ 95%] [32mBuilding C object CMakeFiles/eufs_msgs__rosidl_generator_py.dir/rosidl_generator_py/eufs_msgs/msg/_path_integral_stats_s.c.o[0m
[ 95%] [32mBuilding C object CMakeFiles/eufs_msgs__rosidl_generator_py.dir/rosidl_generator_py/eufs_msgs/msg/_path_integral_timing_s.c.o[0m
[ 95%] [32mBuilding C object CMakeFiles/eufs_msgs__rosidl_generator_py.dir/rosidl_generator_py/eufs_msgs/msg/_path_integral_status_s.c.o[0m
[ 95%] [32mBuilding C object CMakeFiles/eufs_msgs__rosidl_generator_py.dir/rosidl_generator_py/eufs_msgs/msg/_planning_mode_s.c.o[0m
[ 95%] [32mBuilding C object CMakeFiles/eufs_msgs__rosidl_generator_py.dir/rosidl_generator_py/eufs_msgs/msg/_point_array_s.c.o[0m
[ 96%] [32mBuilding C object CMakeFiles/eufs_msgs__rosidl_generator_py.dir/rosidl_generator_py/eufs_msgs/msg/_point_array_stamped_s.c.o[0m
[ 96%] [32mBuilding C object CMakeFiles/eufs_msgs__rosidl_generator_py.dir/rosidl_generator_py/eufs_msgs/msg/_pure_pursuit_checkpoint_s.c.o[0m
[ 96%] [32mBuilding C object CMakeFiles/eufs_msgs__rosidl_generator_py.dir/rosidl_generator_py/eufs_msgs/msg/_runstop_s.c.o[0m
[ 96%] [32mBuilding C object CMakeFiles/eufs_msgs__rosidl_generator_py.dir/rosidl_generator_py/eufs_msgs/msg/_slam_err_s.c.o[0m
[ 96%] [32mBuilding C object CMakeFiles/eufs_msgs__rosidl_generator_py.dir/rosidl_generator_py/eufs_msgs/msg/_pure_pursuit_checkpoint_array_stamped_s.c.o[0m
[ 97%] [32mBuilding C object CMakeFiles/eufs_msgs__rosidl_generator_py.dir/rosidl_generator_py/eufs_msgs/msg/_state_machine_state_s.c.o[0m
[ 97%] [32mBuilding C object CMakeFiles/eufs_msgs__rosidl_generator_py.dir/rosidl_generator_py/eufs_msgs/msg/_slam_state_s.c.o[0m
[ 97%] [32mBuilding C object CMakeFiles/eufs_msgs__rosidl_generator_py.dir/rosidl_generator_py/eufs_msgs/msg/_stereo_image_s.c.o[0m
[ 97%] [32mBuilding C object CMakeFiles/eufs_msgs__rosidl_generator_py.dir/rosidl_generator_py/eufs_msgs/msg/_topic_status_s.c.o[0m
[ 97%] [32mBuilding C object CMakeFiles/eufs_msgs__rosidl_generator_py.dir/rosidl_generator_py/eufs_msgs/msg/_system_status_s.c.o[0m
[ 97%] [32mBuilding C object CMakeFiles/eufs_msgs__rosidl_generator_py.dir/rosidl_generator_py/eufs_msgs/msg/_waypoint_s.c.o[0m
[ 98%] [32mBuilding C object CMakeFiles/eufs_msgs__rosidl_generator_py.dir/rosidl_generator_py/eufs_msgs/msg/_vehicle_commands_stamped_s.c.o[0m
[ 98%] [32mBuilding C object CMakeFiles/eufs_msgs__rosidl_generator_py.dir/rosidl_generator_py/eufs_msgs/msg/_wheel_odometry_err_s.c.o[0m
[ 98%] [32mBuilding C object CMakeFiles/eufs_msgs__rosidl_generator_py.dir/rosidl_generator_py/eufs_msgs/msg/_waypoint_array_stamped_s.c.o[0m
[ 98%] [32mBuilding C object CMakeFiles/eufs_msgs__rosidl_generator_py.dir/rosidl_generator_py/eufs_msgs/msg/_vehicle_commands_s.c.o[0m
[ 98%] [32mBuilding C object CMakeFiles/eufs_msgs__rosidl_generator_py.dir/rosidl_generator_py/eufs_msgs/msg/_wheel_speeds_s.c.o[0m
[ 98%] [32mBuilding C object CMakeFiles/eufs_msgs__rosidl_generator_py.dir/rosidl_generator_py/eufs_msgs/msg/_wheel_speeds_stamped_s.c.o[0m
[ 99%] [32mBuilding C object CMakeFiles/eufs_msgs__rosidl_generator_py.dir/rosidl_generator_py/eufs_msgs/action/_check_for_objects_s.c.o[0m
[ 99%] [32mBuilding C object CMakeFiles/eufs_msgs__rosidl_generator_py.dir/rosidl_generator_py/eufs_msgs/srv/_record_start_s.c.o[0m
[ 99%] [32mBuilding C object CMakeFiles/eufs_msgs__rosidl_generator_py.dir/rosidl_generator_py/eufs_msgs/srv/_record_stop_s.c.o[0m
[ 99%] [32mBuilding C object CMakeFiles/eufs_msgs__rosidl_generator_py.dir/rosidl_generator_py/eufs_msgs/srv/_register_s.c.o[0m
[ 99%] [32mBuilding C object CMakeFiles/eufs_msgs__rosidl_generator_py.dir/rosidl_generator_py/eufs_msgs/srv/_set_can_state_s.c.o[0m
[100%] [32mBuilding C object CMakeFiles/eufs_msgs__rosidl_generator_py.dir/rosidl_generator_py/eufs_msgs/srv/_set_string_s.c.o[0m
[100%] [32mBuilding C object CMakeFiles/eufs_msgs__rosidl_generator_py.dir/rosidl_generator_py/eufs_msgs/srv/_get_map_s.c.o[0m
[100%] [32mBuilding C object CMakeFiles/eufs_msgs__rosidl_generator_py.dir/rosidl_generator_py/eufs_msgs/srv/_set_track_s.c.o[0m
[100%] [32mBuilding C object CMakeFiles/eufs_msgs__rosidl_generator_py.dir/rosidl_generator_py/eufs_msgs/srv/_set_mission_s.c.o[0m
[100%] [32m[1mLinking C shared library rosidl_generator_py/eufs_msgs/libeufs_msgs__rosidl_generator_py.so[0m
[100%] Built target eufs_msgs__rosidl_generator_py
[100%] [32mBuilding C object CMakeFiles/eufs_msgs__rosidl_typesupport_fastrtps_c__pyext.dir/rosidl_generator_py/eufs_msgs/_eufs_msgs_s.ep.rosidl_typesupport_fastrtps_c.c.o[0m
[100%] [32mBuilding C object CMakeFiles/eufs_msgs__rosidl_typesupport_introspection_c__pyext.dir/rosidl_generator_py/eufs_msgs/_eufs_msgs_s.ep.rosidl_typesupport_introspection_c.c.o[0m
[100%] [32mBuilding C object CMakeFiles/eufs_msgs__rosidl_typesupport_c__pyext.dir/rosidl_generator_py/eufs_msgs/_eufs_msgs_s.ep.rosidl_typesupport_c.c.o[0m
[100%] [32m[1mLinking C shared library rosidl_generator_py/eufs_msgs/eufs_msgs_s__rosidl_typesupport_fastrtps_c.cpython-310-x86_64-linux-gnu.so[0m
[100%] [32m[1mLinking C shared library rosidl_generator_py/eufs_msgs/eufs_msgs_s__rosidl_typesupport_c.cpython-310-x86_64-linux-gnu.so[0m
[100%] [32m[1mLinking C shared library rosidl_generator_py/eufs_msgs/eufs_msgs_s__rosidl_typesupport_introspection_c.cpython-310-x86_64-linux-gnu.so[0m
[100%] Built target eufs_msgs__rosidl_typesupport_c__pyext
[100%] Built target eufs_msgs__rosidl_typesupport_fastrtps_c__pyext
[100%] Built target eufs_msgs__rosidl_typesupport_introspection_c__pyext
-- Install configuration: ""
-- Execute custom install script
-- Symlinking: /home/alr/Desktop/new_perception/new_eufs_ws/install/eufs_msgs/share/ament_index/resource_index/rosidl_interfaces/eufs_msgs
-- Symlinking: /home/alr/Desktop/new_perception/new_eufs_ws/install/eufs_msgs/include/eufs_msgs/eufs_msgs/action/check_for_objects.h
-- Symlinking: /home/alr/Desktop/new_perception/new_eufs_ws/install/eufs_msgs/include/eufs_msgs/eufs_msgs/action/detail/check_for_objects__functions.h
-- Symlinking: /home/alr/Desktop/new_perception/new_eufs_ws/install/eufs_msgs/include/eufs_msgs/eufs_msgs/action/detail/check_for_objects__struct.h
-- Symlinking: /home/alr/Desktop/new_perception/new_eufs_ws/install/eufs_msgs/include/eufs_msgs/eufs_msgs/action/detail/check_for_objects__type_support.h
-- Symlinking: /home/alr/Desktop/new_perception/new_eufs_ws/install/eufs_msgs/include/eufs_msgs/eufs_msgs/msg/bounding_box.h
-- Symlinking: /home/alr/Desktop/new_perception/new_eufs_ws/install/eufs_msgs/include/eufs_msgs/eufs_msgs/msg/bounding_boxes.h
-- Symlinking: /home/alr/Desktop/new_perception/new_eufs_ws/install/eufs_msgs/include/eufs_msgs/eufs_msgs/msg/can_state.h
-- Symlinking: /home/alr/Desktop/new_perception/new_eufs_ws/install/eufs_msgs/include/eufs_msgs/eufs_msgs/msg/car_forces.h
-- Symlinking: /home/alr/Desktop/new_perception/new_eufs_ws/install/eufs_msgs/include/eufs_msgs/eufs_msgs/msg/car_state.h
-- Symlinking: /home/alr/Desktop/new_perception/new_eufs_ws/install/eufs_msgs/include/eufs_msgs/eufs_msgs/msg/chassis_command.h
-- Symlinking: /home/alr/Desktop/new_perception/new_eufs_ws/install/eufs_msgs/include/eufs_msgs/eufs_msgs/msg/chassis_state.h
-- Symlinking: /home/alr/Desktop/new_perception/new_eufs_ws/install/eufs_msgs/include/eufs_msgs/eufs_msgs/msg/cone_array.h
-- Symlinking: /home/alr/Desktop/new_perception/new_eufs_ws/install/eufs_msgs/include/eufs_msgs/eufs_msgs/msg/cone_array_with_covariance.h
-- Symlinking: /home/alr/Desktop/new_perception/new_eufs_ws/install/eufs_msgs/include/eufs_msgs/eufs_msgs/msg/cone_association.h
-- Symlinking: /home/alr/Desktop/new_perception/new_eufs_ws/install/eufs_msgs/include/eufs_msgs/eufs_msgs/msg/cone_association_array.h
-- Symlinking: /home/alr/Desktop/new_perception/new_eufs_ws/install/eufs_msgs/include/eufs_msgs/eufs_msgs/msg/cone_association_array_array_stamped.h
-- Symlinking: /home/alr/Desktop/new_perception/new_eufs_ws/install/eufs_msgs/include/eufs_msgs/eufs_msgs/msg/cone_association_array_stamped.h
-- Symlinking: /home/alr/Desktop/new_perception/new_eufs_ws/install/eufs_msgs/include/eufs_msgs/eufs_msgs/msg/cone_with_color_probability.h
-- Symlinking: /home/alr/Desktop/new_perception/new_eufs_ws/install/eufs_msgs/include/eufs_msgs/eufs_msgs/msg/cone_with_color_probability_array.h
-- Symlinking: /home/alr/Desktop/new_perception/new_eufs_ws/install/eufs_msgs/include/eufs_msgs/eufs_msgs/msg/cone_with_covariance.h
-- Symlinking: /home/alr/Desktop/new_perception/new_eufs_ws/install/eufs_msgs/include/eufs_msgs/eufs_msgs/msg/costmap.h
-- Symlinking: /home/alr/Desktop/new_perception/new_eufs_ws/install/eufs_msgs/include/eufs_msgs/eufs_msgs/msg/cpu_status.h
-- Symlinking: /home/alr/Desktop/new_perception/new_eufs_ws/install/eufs_msgs/include/eufs_msgs/eufs_msgs/msg/cpu_usage.h
-- Symlinking: /home/alr/Desktop/new_perception/new_eufs_ws/install/eufs_msgs/include/eufs_msgs/eufs_msgs/msg/detail/bounding_box__functions.h
-- Symlinking: /home/alr/Desktop/new_perception/new_eufs_ws/install/eufs_msgs/include/eufs_msgs/eufs_msgs/msg/detail/bounding_box__struct.h
-- Symlinking: /home/alr/Desktop/new_perception/new_eufs_ws/install/eufs_msgs/include/eufs_msgs/eufs_msgs/msg/detail/bounding_box__type_support.h
-- Symlinking: /home/alr/Desktop/new_perception/new_eufs_ws/install/eufs_msgs/include/eufs_msgs/eufs_msgs/msg/detail/bounding_boxes__functions.h
-- Symlinking: /home/alr/Desktop/new_perception/new_eufs_ws/install/eufs_msgs/include/eufs_msgs/eufs_msgs/msg/detail/bounding_boxes__struct.h
-- Symlinking: /home/alr/Desktop/new_perception/new_eufs_ws/install/eufs_msgs/include/eufs_msgs/eufs_msgs/msg/detail/bounding_boxes__type_support.h
-- Symlinking: /home/alr/Desktop/new_perception/new_eufs_ws/install/eufs_msgs/include/eufs_msgs/eufs_msgs/msg/detail/can_state__functions.h
-- Symlinking: /home/alr/Desktop/new_perception/new_eufs_ws/install/eufs_msgs/include/eufs_msgs/eufs_msgs/msg/detail/can_state__struct.h
-- Symlinking: /home/alr/Desktop/new_perception/new_eufs_ws/install/eufs_msgs/include/eufs_msgs/eufs_msgs/msg/detail/can_state__type_support.h
-- Symlinking: /home/alr/Desktop/new_perception/new_eufs_ws/install/eufs_msgs/include/eufs_msgs/eufs_msgs/msg/detail/car_forces__functions.h
-- Symlinking: /home/alr/Desktop/new_perception/new_eufs_ws/install/eufs_msgs/include/eufs_msgs/eufs_msgs/msg/detail/car_forces__struct.h
-- Symlinking: /home/alr/Desktop/new_perception/new_eufs_ws/install/eufs_msgs/include/eufs_msgs/eufs_msgs/msg/detail/car_forces__type_support.h
-- Symlinking: /home/alr/Desktop/new_perception/new_eufs_ws/install/eufs_msgs/include/eufs_msgs/eufs_msgs/msg/detail/car_state__functions.h
-- Symlinking: /home/alr/Desktop/new_perception/new_eufs_ws/install/eufs_msgs/include/eufs_msgs/eufs_msgs/msg/detail/car_state__struct.h
-- Symlinking: /home/alr/Desktop/new_perception/new_eufs_ws/install/eufs_msgs/include/eufs_msgs/eufs_msgs/msg/detail/car_state__type_support.h
-- Symlinking: /home/alr/Desktop/new_perception/new_eufs_ws/install/eufs_msgs/include/eufs_msgs/eufs_msgs/msg/detail/chassis_command__functions.h
-- Symlinking: /home/alr/Desktop/new_perception/new_eufs_ws/install/eufs_msgs/include/eufs_msgs/eufs_msgs/msg/detail/chassis_command__struct.h
-- Symlinking: /home/alr/Desktop/new_perception/new_eufs_ws/install/eufs_msgs/include/eufs_msgs/eufs_msgs/msg/detail/chassis_command__type_support.h
-- Symlinking: /home/alr/Desktop/new_perception/new_eufs_ws/install/eufs_msgs/include/eufs_msgs/eufs_msgs/msg/detail/chassis_state__functions.h
-- Symlinking: /home/alr/Desktop/new_perception/new_eufs_ws/install/eufs_msgs/include/eufs_msgs/eufs_msgs/msg/detail/chassis_state__struct.h
-- Symlinking: /home/alr/Desktop/new_perception/new_eufs_ws/install/eufs_msgs/include/eufs_msgs/eufs_msgs/msg/detail/chassis_state__type_support.h
-- Symlinking: /home/alr/Desktop/new_perception/new_eufs_ws/install/eufs_msgs/include/eufs_msgs/eufs_msgs/msg/detail/cone_array__functions.h
-- Symlinking: /home/alr/Desktop/new_perception/new_eufs_ws/install/eufs_msgs/include/eufs_msgs/eufs_msgs/msg/detail/cone_array__struct.h
-- Symlinking: /home/alr/Desktop/new_perception/new_eufs_ws/install/eufs_msgs/include/eufs_msgs/eufs_msgs/msg/detail/cone_array__type_support.h
-- Symlinking: /home/alr/Desktop/new_perception/new_eufs_ws/install/eufs_msgs/include/eufs_msgs/eufs_msgs/msg/detail/cone_array_with_covariance__functions.h
-- Symlinking: /home/alr/Desktop/new_perception/new_eufs_ws/install/eufs_msgs/include/eufs_msgs/eufs_msgs/msg/detail/cone_array_with_covariance__struct.h
-- Symlinking: /home/alr/Desktop/new_perception/new_eufs_ws/install/eufs_msgs/include/eufs_msgs/eufs_msgs/msg/detail/cone_array_with_covariance__type_support.h
-- Symlinking: /home/alr/Desktop/new_perception/new_eufs_ws/install/eufs_msgs/include/eufs_msgs/eufs_msgs/msg/detail/cone_association__functions.h
-- Symlinking: /home/alr/Desktop/new_perception/new_eufs_ws/install/eufs_msgs/include/eufs_msgs/eufs_msgs/msg/detail/cone_association__struct.h
-- Symlinking: /home/alr/Desktop/new_perception/new_eufs_ws/install/eufs_msgs/include/eufs_msgs/eufs_msgs/msg/detail/cone_association__type_support.h
-- Symlinking: /home/alr/Desktop/new_perception/new_eufs_ws/install/eufs_msgs/include/eufs_msgs/eufs_msgs/msg/detail/cone_association_array__functions.h
-- Symlinking: /home/alr/Desktop/new_perception/new_eufs_ws/install/eufs_msgs/include/eufs_msgs/eufs_msgs/msg/detail/cone_association_array__struct.h
-- Symlinking: /home/alr/Desktop/new_perception/new_eufs_ws/install/eufs_msgs/include/eufs_msgs/eufs_msgs/msg/detail/cone_association_array__type_support.h
-- Symlinking: /home/alr/Desktop/new_perception/new_eufs_ws/install/eufs_msgs/include/eufs_msgs/eufs_msgs/msg/detail/cone_association_array_array_stamped__functions.h
-- Symlinking: /home/alr/Desktop/new_perception/new_eufs_ws/install/eufs_msgs/include/eufs_msgs/eufs_msgs/msg/detail/cone_association_array_array_stamped__struct.h
-- Symlinking: /home/alr/Desktop/new_perception/new_eufs_ws/install/eufs_msgs/include/eufs_msgs/eufs_msgs/msg/detail/cone_association_array_array_stamped__type_support.h
-- Symlinking: /home/alr/Desktop/new_perception/new_eufs_ws/install/eufs_msgs/include/eufs_msgs/eufs_msgs/msg/detail/cone_association_array_stamped__functions.h
-- Symlinking: /home/alr/Desktop/new_perception/new_eufs_ws/install/eufs_msgs/include/eufs_msgs/eufs_msgs/msg/detail/cone_association_array_stamped__struct.h
-- Symlinking: /home/alr/Desktop/new_perception/new_eufs_ws/install/eufs_msgs/include/eufs_msgs/eufs_msgs/msg/detail/cone_association_array_stamped__type_support.h
-- Symlinking: /home/alr/Desktop/new_perception/new_eufs_ws/install/eufs_msgs/include/eufs_msgs/eufs_msgs/msg/detail/cone_with_color_probability__functions.h
-- Symlinking: /home/alr/Desktop/new_perception/new_eufs_ws/install/eufs_msgs/include/eufs_msgs/eufs_msgs/msg/detail/cone_with_color_probability__struct.h
-- Symlinking: /home/alr/Desktop/new_perception/new_eufs_ws/install/eufs_msgs/include/eufs_msgs/eufs_msgs/msg/detail/cone_with_color_probability__type_support.h
-- Symlinking: /home/alr/Desktop/new_perception/new_eufs_ws/install/eufs_msgs/include/eufs_msgs/eufs_msgs/msg/detail/cone_with_color_probability_array__functions.h
-- Symlinking: /home/alr/Desktop/new_perception/new_eufs_ws/install/eufs_msgs/include/eufs_msgs/eufs_msgs/msg/detail/cone_with_color_probability_array__struct.h
-- Symlinking: /home/alr/Desktop/new_perception/new_eufs_ws/install/eufs_msgs/include/eufs_msgs/eufs_msgs/msg/detail/cone_with_color_probability_array__type_support.h
-- Symlinking: /home/alr/Desktop/new_perception/new_eufs_ws/install/eufs_msgs/include/eufs_msgs/eufs_msgs/msg/detail/cone_with_covariance__functions.h
-- Symlinking: /home/alr/Desktop/new_perception/new_eufs_ws/install/eufs_msgs/include/eufs_msgs/eufs_msgs/msg/detail/cone_with_covariance__struct.h
-- Symlinking: /home/alr/Desktop/new_perception/new_eufs_ws/install/eufs_msgs/include/eufs_msgs/eufs_msgs/msg/detail/cone_with_covariance__type_support.h
-- Symlinking: /home/alr/Desktop/new_perception/new_eufs_ws/install/eufs_msgs/include/eufs_msgs/eufs_msgs/msg/detail/costmap__functions.h
-- Symlinking: /home/alr/Desktop/new_perception/new_eufs_ws/install/eufs_msgs/include/eufs_msgs/eufs_msgs/msg/detail/costmap__struct.h
-- Symlinking: /home/alr/Desktop/new_perception/new_eufs_ws/install/eufs_msgs/include/eufs_msgs/eufs_msgs/msg/detail/costmap__type_support.h
-- Symlinking: /home/alr/Desktop/new_perception/new_eufs_ws/install/eufs_msgs/include/eufs_msgs/eufs_msgs/msg/detail/cpu_status__functions.h
-- Symlinking: /home/alr/Desktop/new_perception/new_eufs_ws/install/eufs_msgs/include/eufs_msgs/eufs_msgs/msg/detail/cpu_status__struct.h
-- Symlinking: /home/alr/Desktop/new_perception/new_eufs_ws/install/eufs_msgs/include/eufs_msgs/eufs_msgs/msg/detail/cpu_status__type_support.h
-- Symlinking: /home/alr/Desktop/new_perception/new_eufs_ws/install/eufs_msgs/include/eufs_msgs/eufs_msgs/msg/detail/cpu_usage__functions.h
-- Symlinking: /home/alr/Desktop/new_perception/new_eufs_ws/install/eufs_msgs/include/eufs_msgs/eufs_msgs/msg/detail/cpu_usage__struct.h
-- Symlinking: /home/alr/Desktop/new_perception/new_eufs_ws/install/eufs_msgs/include/eufs_msgs/eufs_msgs/msg/detail/cpu_usage__type_support.h
-- Symlinking: /home/alr/Desktop/new_perception/new_eufs_ws/install/eufs_msgs/include/eufs_msgs/eufs_msgs/msg/detail/ekf_err__functions.h
-- Symlinking: /home/alr/Desktop/new_perception/new_eufs_ws/install/eufs_msgs/include/eufs_msgs/eufs_msgs/msg/detail/ekf_err__struct.h
-- Symlinking: /home/alr/Desktop/new_perception/new_eufs_ws/install/eufs_msgs/include/eufs_msgs/eufs_msgs/msg/detail/ekf_err__type_support.h
-- Symlinking: /home/alr/Desktop/new_perception/new_eufs_ws/install/eufs_msgs/include/eufs_msgs/eufs_msgs/msg/detail/ekf_state__functions.h
-- Symlinking: /home/alr/Desktop/new_perception/new_eufs_ws/install/eufs_msgs/include/eufs_msgs/eufs_msgs/msg/detail/ekf_state__struct.h
-- Symlinking: /home/alr/Desktop/new_perception/new_eufs_ws/install/eufs_msgs/include/eufs_msgs/eufs_msgs/msg/detail/ekf_state__type_support.h
-- Symlinking: /home/alr/Desktop/new_perception/new_eufs_ws/install/eufs_msgs/include/eufs_msgs/eufs_msgs/msg/detail/full_state__functions.h
-- Symlinking: /home/alr/Desktop/new_perception/new_eufs_ws/install/eufs_msgs/include/eufs_msgs/eufs_msgs/msg/detail/full_state__struct.h
-- Symlinking: /home/alr/Desktop/new_perception/new_eufs_ws/install/eufs_msgs/include/eufs_msgs/eufs_msgs/msg/detail/full_state__type_support.h
-- Symlinking: /home/alr/Desktop/new_perception/new_eufs_ws/install/eufs_msgs/include/eufs_msgs/eufs_msgs/msg/detail/heartbeat__functions.h
-- Symlinking: /home/alr/Desktop/new_perception/new_eufs_ws/install/eufs_msgs/include/eufs_msgs/eufs_msgs/msg/detail/heartbeat__struct.h
-- Symlinking: /home/alr/Desktop/new_perception/new_eufs_ws/install/eufs_msgs/include/eufs_msgs/eufs_msgs/msg/detail/heartbeat__type_support.h
-- Symlinking: /home/alr/Desktop/new_perception/new_eufs_ws/install/eufs_msgs/include/eufs_msgs/eufs_msgs/msg/detail/integration_err__functions.h
-- Symlinking: /home/alr/Desktop/new_perception/new_eufs_ws/install/eufs_msgs/include/eufs_msgs/eufs_msgs/msg/detail/integration_err__struct.h
-- Symlinking: /home/alr/Desktop/new_perception/new_eufs_ws/install/eufs_msgs/include/eufs_msgs/eufs_msgs/msg/detail/integration_err__type_support.h
-- Symlinking: /home/alr/Desktop/new_perception/new_eufs_ws/install/eufs_msgs/include/eufs_msgs/eufs_msgs/msg/detail/lap_stats__functions.h
-- Symlinking: /home/alr/Desktop/new_perception/new_eufs_ws/install/eufs_msgs/include/eufs_msgs/eufs_msgs/msg/detail/lap_stats__struct.h
-- Symlinking: /home/alr/Desktop/new_perception/new_eufs_ws/install/eufs_msgs/include/eufs_msgs/eufs_msgs/msg/detail/lap_stats__type_support.h
-- Symlinking: /home/alr/Desktop/new_perception/new_eufs_ws/install/eufs_msgs/include/eufs_msgs/eufs_msgs/msg/detail/mpc_state__functions.h
-- Symlinking: /home/alr/Desktop/new_perception/new_eufs_ws/install/eufs_msgs/include/eufs_msgs/eufs_msgs/msg/detail/mpc_state__struct.h
-- Symlinking: /home/alr/Desktop/new_perception/new_eufs_ws/install/eufs_msgs/include/eufs_msgs/eufs_msgs/msg/detail/mpc_state__type_support.h
-- Symlinking: /home/alr/Desktop/new_perception/new_eufs_ws/install/eufs_msgs/include/eufs_msgs/eufs_msgs/msg/detail/node_state__functions.h
-- Symlinking: /home/alr/Desktop/new_perception/new_eufs_ws/install/eufs_msgs/include/eufs_msgs/eufs_msgs/msg/detail/node_state__struct.h
-- Symlinking: /home/alr/Desktop/new_perception/new_eufs_ws/install/eufs_msgs/include/eufs_msgs/eufs_msgs/msg/detail/node_state__type_support.h
-- Symlinking: /home/alr/Desktop/new_perception/new_eufs_ws/install/eufs_msgs/include/eufs_msgs/eufs_msgs/msg/detail/node_state_array__functions.h
-- Symlinking: /home/alr/Desktop/new_perception/new_eufs_ws/install/eufs_msgs/include/eufs_msgs/eufs_msgs/msg/detail/node_state_array__struct.h
-- Symlinking: /home/alr/Desktop/new_perception/new_eufs_ws/install/eufs_msgs/include/eufs_msgs/eufs_msgs/msg/detail/node_state_array__type_support.h
-- Symlinking: /home/alr/Desktop/new_perception/new_eufs_ws/install/eufs_msgs/include/eufs_msgs/eufs_msgs/msg/detail/oss__functions.h
-- Symlinking: /home/alr/Desktop/new_perception/new_eufs_ws/install/eufs_msgs/include/eufs_msgs/eufs_msgs/msg/detail/oss__struct.h
-- Symlinking: /home/alr/Desktop/new_perception/new_eufs_ws/install/eufs_msgs/include/eufs_msgs/eufs_msgs/msg/detail/oss__type_support.h
-- Symlinking: /home/alr/Desktop/new_perception/new_eufs_ws/install/eufs_msgs/include/eufs_msgs/eufs_msgs/msg/detail/particle__functions.h
-- Symlinking: /home/alr/Desktop/new_perception/new_eufs_ws/install/eufs_msgs/include/eufs_msgs/eufs_msgs/msg/detail/particle__struct.h
-- Symlinking: /home/alr/Desktop/new_perception/new_eufs_ws/install/eufs_msgs/include/eufs_msgs/eufs_msgs/msg/detail/particle__type_support.h
-- Symlinking: /home/alr/Desktop/new_perception/new_eufs_ws/install/eufs_msgs/include/eufs_msgs/eufs_msgs/msg/detail/particle_slam__functions.h
-- Symlinking: /home/alr/Desktop/new_perception/new_eufs_ws/install/eufs_msgs/include/eufs_msgs/eufs_msgs/msg/detail/particle_slam__struct.h
-- Symlinking: /home/alr/Desktop/new_perception/new_eufs_ws/install/eufs_msgs/include/eufs_msgs/eufs_msgs/msg/detail/particle_slam__type_support.h
-- Symlinking: /home/alr/Desktop/new_perception/new_eufs_ws/install/eufs_msgs/include/eufs_msgs/eufs_msgs/msg/detail/particle_slam_stamped__functions.h
-- Symlinking: /home/alr/Desktop/new_perception/new_eufs_ws/install/eufs_msgs/include/eufs_msgs/eufs_msgs/msg/detail/particle_slam_stamped__struct.h
-- Symlinking: /home/alr/Desktop/new_perception/new_eufs_ws/install/eufs_msgs/include/eufs_msgs/eufs_msgs/msg/detail/particle_slam_stamped__type_support.h
-- Symlinking: /home/alr/Desktop/new_perception/new_eufs_ws/install/eufs_msgs/include/eufs_msgs/eufs_msgs/msg/detail/particle_stamped__functions.h
-- Symlinking: /home/alr/Desktop/new_perception/new_eufs_ws/install/eufs_msgs/include/eufs_msgs/eufs_msgs/msg/detail/particle_stamped__struct.h
-- Symlinking: /home/alr/Desktop/new_perception/new_eufs_ws/install/eufs_msgs/include/eufs_msgs/eufs_msgs/msg/detail/particle_stamped__type_support.h
-- Symlinking: /home/alr/Desktop/new_perception/new_eufs_ws/install/eufs_msgs/include/eufs_msgs/eufs_msgs/msg/detail/path_integral_params__functions.h
-- Symlinking: /home/alr/Desktop/new_perception/new_eufs_ws/install/eufs_msgs/include/eufs_msgs/eufs_msgs/msg/detail/path_integral_params__struct.h
-- Symlinking: /home/alr/Desktop/new_perception/new_eufs_ws/install/eufs_msgs/include/eufs_msgs/eufs_msgs/msg/detail/path_integral_params__type_support.h
-- Symlinking: /home/alr/Desktop/new_perception/new_eufs_ws/install/eufs_msgs/include/eufs_msgs/eufs_msgs/msg/detail/path_integral_stats__functions.h
-- Symlinking: /home/alr/Desktop/new_perception/new_eufs_ws/install/eufs_msgs/include/eufs_msgs/eufs_msgs/msg/detail/path_integral_stats__struct.h
-- Symlinking: /home/alr/Desktop/new_perception/new_eufs_ws/install/eufs_msgs/include/eufs_msgs/eufs_msgs/msg/detail/path_integral_stats__type_support.h
-- Symlinking: /home/alr/Desktop/new_perception/new_eufs_ws/install/eufs_msgs/include/eufs_msgs/eufs_msgs/msg/detail/path_integral_status__functions.h
-- Symlinking: /home/alr/Desktop/new_perception/new_eufs_ws/install/eufs_msgs/include/eufs_msgs/eufs_msgs/msg/detail/path_integral_status__struct.h
-- Symlinking: /home/alr/Desktop/new_perception/new_eufs_ws/install/eufs_msgs/include/eufs_msgs/eufs_msgs/msg/detail/path_integral_status__type_support.h
-- Symlinking: /home/alr/Desktop/new_perception/new_eufs_ws/install/eufs_msgs/include/eufs_msgs/eufs_msgs/msg/detail/path_integral_timing__functions.h
-- Symlinking: /home/alr/Desktop/new_perception/new_eufs_ws/install/eufs_msgs/include/eufs_msgs/eufs_msgs/msg/detail/path_integral_timing__struct.h
-- Symlinking: /home/alr/Desktop/new_perception/new_eufs_ws/install/eufs_msgs/include/eufs_msgs/eufs_msgs/msg/detail/path_integral_timing__type_support.h
-- Symlinking: /home/alr/Desktop/new_perception/new_eufs_ws/install/eufs_msgs/include/eufs_msgs/eufs_msgs/msg/detail/planning_mode__functions.h
-- Symlinking: /home/alr/Desktop/new_perception/new_eufs_ws/install/eufs_msgs/include/eufs_msgs/eufs_msgs/msg/detail/planning_mode__struct.h
-- Symlinking: /home/alr/Desktop/new_perception/new_eufs_ws/install/eufs_msgs/include/eufs_msgs/eufs_msgs/msg/detail/planning_mode__type_support.h
-- Symlinking: /home/alr/Desktop/new_perception/new_eufs_ws/install/eufs_msgs/include/eufs_msgs/eufs_msgs/msg/detail/point_array__functions.h
-- Symlinking: /home/alr/Desktop/new_perception/new_eufs_ws/install/eufs_msgs/include/eufs_msgs/eufs_msgs/msg/detail/point_array__struct.h
-- Symlinking: /home/alr/Desktop/new_perception/new_eufs_ws/install/eufs_msgs/include/eufs_msgs/eufs_msgs/msg/detail/point_array__type_support.h
-- Symlinking: /home/alr/Desktop/new_perception/new_eufs_ws/install/eufs_msgs/include/eufs_msgs/eufs_msgs/msg/detail/point_array_stamped__functions.h
-- Symlinking: /home/alr/Desktop/new_perception/new_eufs_ws/install/eufs_msgs/include/eufs_msgs/eufs_msgs/msg/detail/point_array_stamped__struct.h
-- Symlinking: /home/alr/Desktop/new_perception/new_eufs_ws/install/eufs_msgs/include/eufs_msgs/eufs_msgs/msg/detail/point_array_stamped__type_support.h
-- Symlinking: /home/alr/Desktop/new_perception/new_eufs_ws/install/eufs_msgs/include/eufs_msgs/eufs_msgs/msg/detail/pure_pursuit_checkpoint__functions.h
-- Symlinking: /home/alr/Desktop/new_perception/new_eufs_ws/install/eufs_msgs/include/eufs_msgs/eufs_msgs/msg/detail/pure_pursuit_checkpoint__struct.h
-- Symlinking: /home/alr/Desktop/new_perception/new_eufs_ws/install/eufs_msgs/include/eufs_msgs/eufs_msgs/msg/detail/pure_pursuit_checkpoint__type_support.h
-- Symlinking: /home/alr/Desktop/new_perception/new_eufs_ws/install/eufs_msgs/include/eufs_msgs/eufs_msgs/msg/detail/pure_pursuit_checkpoint_array_stamped__functions.h
-- Symlinking: /home/alr/Desktop/new_perception/new_eufs_ws/install/eufs_msgs/include/eufs_msgs/eufs_msgs/msg/detail/pure_pursuit_checkpoint_array_stamped__struct.h
-- Symlinking: /home/alr/Desktop/new_perception/new_eufs_ws/install/eufs_msgs/include/eufs_msgs/eufs_msgs/msg/detail/pure_pursuit_checkpoint_array_stamped__type_support.h
-- Symlinking: /home/alr/Desktop/new_perception/new_eufs_ws/install/eufs_msgs/include/eufs_msgs/eufs_msgs/msg/detail/runstop__functions.h
-- Symlinking: /home/alr/Desktop/new_perception/new_eufs_ws/install/eufs_msgs/include/eufs_msgs/eufs_msgs/msg/detail/runstop__struct.h
-- Symlinking: /home/alr/Desktop/new_perception/new_eufs_ws/install/eufs_msgs/include/eufs_msgs/eufs_msgs/msg/detail/runstop__type_support.h
-- Symlinking: /home/alr/Desktop/new_perception/new_eufs_ws/install/eufs_msgs/include/eufs_msgs/eufs_msgs/msg/detail/slam_err__functions.h
-- Symlinking: /home/alr/Desktop/new_perception/new_eufs_ws/install/eufs_msgs/include/eufs_msgs/eufs_msgs/msg/detail/slam_err__struct.h
-- Symlinking: /home/alr/Desktop/new_perception/new_eufs_ws/install/eufs_msgs/include/eufs_msgs/eufs_msgs/msg/detail/slam_err__type_support.h
-- Symlinking: /home/alr/Desktop/new_perception/new_eufs_ws/install/eufs_msgs/include/eufs_msgs/eufs_msgs/msg/detail/slam_state__functions.h
-- Symlinking: /home/alr/Desktop/new_perception/new_eufs_ws/install/eufs_msgs/include/eufs_msgs/eufs_msgs/msg/detail/slam_state__struct.h
-- Symlinking: /home/alr/Desktop/new_perception/new_eufs_ws/install/eufs_msgs/include/eufs_msgs/eufs_msgs/msg/detail/slam_state__type_support.h
-- Symlinking: /home/alr/Desktop/new_perception/new_eufs_ws/install/eufs_msgs/include/eufs_msgs/eufs_msgs/msg/detail/state_machine_state__functions.h
-- Symlinking: /home/alr/Desktop/new_perception/new_eufs_ws/install/eufs_msgs/include/eufs_msgs/eufs_msgs/msg/detail/state_machine_state__struct.h
-- Symlinking: /home/alr/Desktop/new_perception/new_eufs_ws/install/eufs_msgs/include/eufs_msgs/eufs_msgs/msg/detail/state_machine_state__type_support.h
-- Symlinking: /home/alr/Desktop/new_perception/new_eufs_ws/install/eufs_msgs/include/eufs_msgs/eufs_msgs/msg/detail/stereo_image__functions.h
-- Symlinking: /home/alr/Desktop/new_perception/new_eufs_ws/install/eufs_msgs/include/eufs_msgs/eufs_msgs/msg/detail/stereo_image__struct.h
-- Symlinking: /home/alr/Desktop/new_perception/new_eufs_ws/install/eufs_msgs/include/eufs_msgs/eufs_msgs/msg/detail/stereo_image__type_support.h
-- Symlinking: /home/alr/Desktop/new_perception/new_eufs_ws/install/eufs_msgs/include/eufs_msgs/eufs_msgs/msg/detail/system_status__functions.h
-- Symlinking: /home/alr/Desktop/new_perception/new_eufs_ws/install/eufs_msgs/include/eufs_msgs/eufs_msgs/msg/detail/system_status__struct.h
-- Symlinking: /home/alr/Desktop/new_perception/new_eufs_ws/install/eufs_msgs/include/eufs_msgs/eufs_msgs/msg/detail/system_status__type_support.h
-- Symlinking: /home/alr/Desktop/new_perception/new_eufs_ws/install/eufs_msgs/include/eufs_msgs/eufs_msgs/msg/detail/topic_status__functions.h
-- Symlinking: /home/alr/Desktop/new_perception/new_eufs_ws/install/eufs_msgs/include/eufs_msgs/eufs_msgs/msg/detail/topic_status__struct.h
-- Symlinking: /home/alr/Desktop/new_perception/new_eufs_ws/install/eufs_msgs/include/eufs_msgs/eufs_msgs/msg/detail/topic_status__type_support.h
-- Symlinking: /home/alr/Desktop/new_perception/new_eufs_ws/install/eufs_msgs/include/eufs_msgs/eufs_msgs/msg/detail/vehicle_commands__functions.h
-- Symlinking: /home/alr/Desktop/new_perception/new_eufs_ws/install/eufs_msgs/include/eufs_msgs/eufs_msgs/msg/detail/vehicle_commands__struct.h
-- Symlinking: /home/alr/Desktop/new_perception/new_eufs_ws/install/eufs_msgs/include/eufs_msgs/eufs_msgs/msg/detail/vehicle_commands__type_support.h
-- Symlinking: /home/alr/Desktop/new_perception/new_eufs_ws/install/eufs_msgs/include/eufs_msgs/eufs_msgs/msg/detail/vehicle_commands_stamped__functions.h
-- Symlinking: /home/alr/Desktop/new_perception/new_eufs_ws/install/eufs_msgs/include/eufs_msgs/eufs_msgs/msg/detail/vehicle_commands_stamped__struct.h
-- Symlinking: /home/alr/Desktop/new_perception/new_eufs_ws/install/eufs_msgs/include/eufs_msgs/eufs_msgs/msg/detail/vehicle_commands_stamped__type_support.h
-- Symlinking: /home/alr/Desktop/new_perception/new_eufs_ws/install/eufs_msgs/include/eufs_msgs/eufs_msgs/msg/detail/waypoint__functions.h
-- Symlinking: /home/alr/Desktop/new_perception/new_eufs_ws/install/eufs_msgs/include/eufs_msgs/eufs_msgs/msg/detail/waypoint__struct.h
-- Symlinking: /home/alr/Desktop/new_perception/new_eufs_ws/install/eufs_msgs/include/eufs_msgs/eufs_msgs/msg/detail/waypoint__type_support.h
-- Symlinking: /home/alr/Desktop/new_perception/new_eufs_ws/install/eufs_msgs/include/eufs_msgs/eufs_msgs/msg/detail/waypoint_array_stamped__functions.h
-- Symlinking: /home/alr/Desktop/new_perception/new_eufs_ws/install/eufs_msgs/include/eufs_msgs/eufs_msgs/msg/detail/waypoint_array_stamped__struct.h
-- Symlinking: /home/alr/Desktop/new_perception/new_eufs_ws/install/eufs_msgs/include/eufs_msgs/eufs_msgs/msg/detail/waypoint_array_stamped__type_support.h
-- Symlinking: /home/alr/Desktop/new_perception/new_eufs_ws/install/eufs_msgs/include/eufs_msgs/eufs_msgs/msg/detail/wheel_odometry_err__functions.h
-- Symlinking: /home/alr/Desktop/new_perception/new_eufs_ws/install/eufs_msgs/include/eufs_msgs/eufs_msgs/msg/detail/wheel_odometry_err__struct.h
-- Symlinking: /home/alr/Desktop/new_perception/new_eufs_ws/install/eufs_msgs/include/eufs_msgs/eufs_msgs/msg/detail/wheel_odometry_err__type_support.h
-- Symlinking: /home/alr/Desktop/new_perception/new_eufs_ws/install/eufs_msgs/include/eufs_msgs/eufs_msgs/msg/detail/wheel_speeds__functions.h
-- Symlinking: /home/alr/Desktop/new_perception/new_eufs_ws/install/eufs_msgs/include/eufs_msgs/eufs_msgs/msg/detail/wheel_speeds__struct.h
-- Symlinking: /home/alr/Desktop/new_perception/new_eufs_ws/install/eufs_msgs/include/eufs_msgs/eufs_msgs/msg/detail/wheel_speeds__type_support.h
-- Symlinking: /home/alr/Desktop/new_perception/new_eufs_ws/install/eufs_msgs/include/eufs_msgs/eufs_msgs/msg/detail/wheel_speeds_stamped__functions.h
-- Symlinking: /home/alr/Desktop/new_perception/new_eufs_ws/install/eufs_msgs/include/eufs_msgs/eufs_msgs/msg/detail/wheel_speeds_stamped__struct.h
-- Symlinking: /home/alr/Desktop/new_perception/new_eufs_ws/install/eufs_msgs/include/eufs_msgs/eufs_msgs/msg/detail/wheel_speeds_stamped__type_support.h
-- Symlinking: /home/alr/Desktop/new_perception/new_eufs_ws/install/eufs_msgs/include/eufs_msgs/eufs_msgs/msg/ekf_err.h
-- Symlinking: /home/alr/Desktop/new_perception/new_eufs_ws/install/eufs_msgs/include/eufs_msgs/eufs_msgs/msg/ekf_state.h
-- Symlinking: /home/alr/Desktop/new_perception/new_eufs_ws/install/eufs_msgs/include/eufs_msgs/eufs_msgs/msg/full_state.h
-- Symlinking: /home/alr/Desktop/new_perception/new_eufs_ws/install/eufs_msgs/include/eufs_msgs/eufs_msgs/msg/heartbeat.h
-- Symlinking: /home/alr/Desktop/new_perception/new_eufs_ws/install/eufs_msgs/include/eufs_msgs/eufs_msgs/msg/integration_err.h
-- Symlinking: /home/alr/Desktop/new_perception/new_eufs_ws/install/eufs_msgs/include/eufs_msgs/eufs_msgs/msg/lap_stats.h
-- Symlinking: /home/alr/Desktop/new_perception/new_eufs_ws/install/eufs_msgs/include/eufs_msgs/eufs_msgs/msg/mpc_state.h
-- Symlinking: /home/alr/Desktop/new_perception/new_eufs_ws/install/eufs_msgs/include/eufs_msgs/eufs_msgs/msg/node_state.h
-- Symlinking: /home/alr/Desktop/new_perception/new_eufs_ws/install/eufs_msgs/include/eufs_msgs/eufs_msgs/msg/node_state_array.h
-- Symlinking: /home/alr/Desktop/new_perception/new_eufs_ws/install/eufs_msgs/include/eufs_msgs/eufs_msgs/msg/oss.h
-- Symlinking: /home/alr/Desktop/new_perception/new_eufs_ws/install/eufs_msgs/include/eufs_msgs/eufs_msgs/msg/particle.h
-- Symlinking: /home/alr/Desktop/new_perception/new_eufs_ws/install/eufs_msgs/include/eufs_msgs/eufs_msgs/msg/particle_slam.h
-- Symlinking: /home/alr/Desktop/new_perception/new_eufs_ws/install/eufs_msgs/include/eufs_msgs/eufs_msgs/msg/particle_slam_stamped.h
-- Symlinking: /home/alr/Desktop/new_perception/new_eufs_ws/install/eufs_msgs/include/eufs_msgs/eufs_msgs/msg/particle_stamped.h
-- Symlinking: /home/alr/Desktop/new_perception/new_eufs_ws/install/eufs_msgs/include/eufs_msgs/eufs_msgs/msg/path_integral_params.h
-- Symlinking: /home/alr/Desktop/new_perception/new_eufs_ws/install/eufs_msgs/include/eufs_msgs/eufs_msgs/msg/path_integral_stats.h
-- Symlinking: /home/alr/Desktop/new_perception/new_eufs_ws/install/eufs_msgs/include/eufs_msgs/eufs_msgs/msg/path_integral_status.h
-- Symlinking: /home/alr/Desktop/new_perception/new_eufs_ws/install/eufs_msgs/include/eufs_msgs/eufs_msgs/msg/path_integral_timing.h
-- Symlinking: /home/alr/Desktop/new_perception/new_eufs_ws/install/eufs_msgs/include/eufs_msgs/eufs_msgs/msg/planning_mode.h
-- Symlinking: /home/alr/Desktop/new_perception/new_eufs_ws/install/eufs_msgs/include/eufs_msgs/eufs_msgs/msg/point_array.h
-- Symlinking: /home/alr/Desktop/new_perception/new_eufs_ws/install/eufs_msgs/include/eufs_msgs/eufs_msgs/msg/point_array_stamped.h
-- Symlinking: /home/alr/Desktop/new_perception/new_eufs_ws/install/eufs_msgs/include/eufs_msgs/eufs_msgs/msg/pure_pursuit_checkpoint.h
-- Symlinking: /home/alr/Desktop/new_perception/new_eufs_ws/install/eufs_msgs/include/eufs_msgs/eufs_msgs/msg/pure_pursuit_checkpoint_array_stamped.h
-- Symlinking: /home/alr/Desktop/new_perception/new_eufs_ws/install/eufs_msgs/include/eufs_msgs/eufs_msgs/msg/rosidl_generator_c__visibility_control.h
-- Symlinking: /home/alr/Desktop/new_perception/new_eufs_ws/install/eufs_msgs/include/eufs_msgs/eufs_msgs/msg/runstop.h
-- Symlinking: /home/alr/Desktop/new_perception/new_eufs_ws/install/eufs_msgs/include/eufs_msgs/eufs_msgs/msg/slam_err.h
-- Symlinking: /home/alr/Desktop/new_perception/new_eufs_ws/install/eufs_msgs/include/eufs_msgs/eufs_msgs/msg/slam_state.h
-- Symlinking: /home/alr/Desktop/new_perception/new_eufs_ws/install/eufs_msgs/include/eufs_msgs/eufs_msgs/msg/state_machine_state.h
-- Symlinking: /home/alr/Desktop/new_perception/new_eufs_ws/install/eufs_msgs/include/eufs_msgs/eufs_msgs/msg/stereo_image.h
-- Symlinking: /home/alr/Desktop/new_perception/new_eufs_ws/install/eufs_msgs/include/eufs_msgs/eufs_msgs/msg/system_status.h
-- Symlinking: /home/alr/Desktop/new_perception/new_eufs_ws/install/eufs_msgs/include/eufs_msgs/eufs_msgs/msg/topic_status.h
-- Symlinking: /home/alr/Desktop/new_perception/new_eufs_ws/install/eufs_msgs/include/eufs_msgs/eufs_msgs/msg/vehicle_commands.h
-- Symlinking: /home/alr/Desktop/new_perception/new_eufs_ws/install/eufs_msgs/include/eufs_msgs/eufs_msgs/msg/vehicle_commands_stamped.h
-- Symlinking: /home/alr/Desktop/new_perception/new_eufs_ws/install/eufs_msgs/include/eufs_msgs/eufs_msgs/msg/waypoint.h
-- Symlinking: /home/alr/Desktop/new_perception/new_eufs_ws/install/eufs_msgs/include/eufs_msgs/eufs_msgs/msg/waypoint_array_stamped.h
-- Symlinking: /home/alr/Desktop/new_perception/new_eufs_ws/install/eufs_msgs/include/eufs_msgs/eufs_msgs/msg/wheel_odometry_err.h
-- Symlinking: /home/alr/Desktop/new_perception/new_eufs_ws/install/eufs_msgs/include/eufs_msgs/eufs_msgs/msg/wheel_speeds.h
-- Symlinking: /home/alr/Desktop/new_perception/new_eufs_ws/install/eufs_msgs/include/eufs_msgs/eufs_msgs/msg/wheel_speeds_stamped.h
-- Symlinking: /home/alr/Desktop/new_perception/new_eufs_ws/install/eufs_msgs/include/eufs_msgs/eufs_msgs/srv/detail/get_map__functions.h
-- Symlinking: /home/alr/Desktop/new_perception/new_eufs_ws/install/eufs_msgs/include/eufs_msgs/eufs_msgs/srv/detail/get_map__struct.h
-- Symlinking: /home/alr/Desktop/new_perception/new_eufs_ws/install/eufs_msgs/include/eufs_msgs/eufs_msgs/srv/detail/get_map__type_support.h
-- Symlinking: /home/alr/Desktop/new_perception/new_eufs_ws/install/eufs_msgs/include/eufs_msgs/eufs_msgs/srv/detail/record_start__functions.h
-- Symlinking: /home/alr/Desktop/new_perception/new_eufs_ws/install/eufs_msgs/include/eufs_msgs/eufs_msgs/srv/detail/record_start__struct.h
-- Symlinking: /home/alr/Desktop/new_perception/new_eufs_ws/install/eufs_msgs/include/eufs_msgs/eufs_msgs/srv/detail/record_start__type_support.h
-- Symlinking: /home/alr/Desktop/new_perception/new_eufs_ws/install/eufs_msgs/include/eufs_msgs/eufs_msgs/srv/detail/record_stop__functions.h
-- Symlinking: /home/alr/Desktop/new_perception/new_eufs_ws/install/eufs_msgs/include/eufs_msgs/eufs_msgs/srv/detail/record_stop__struct.h
-- Symlinking: /home/alr/Desktop/new_perception/new_eufs_ws/install/eufs_msgs/include/eufs_msgs/eufs_msgs/srv/detail/record_stop__type_support.h
-- Symlinking: /home/alr/Desktop/new_perception/new_eufs_ws/install/eufs_msgs/include/eufs_msgs/eufs_msgs/srv/detail/register__functions.h
-- Symlinking: /home/alr/Desktop/new_perception/new_eufs_ws/install/eufs_msgs/include/eufs_msgs/eufs_msgs/srv/detail/register__struct.h
-- Symlinking: /home/alr/Desktop/new_perception/new_eufs_ws/install/eufs_msgs/include/eufs_msgs/eufs_msgs/srv/detail/register__type_support.h
-- Symlinking: /home/alr/Desktop/new_perception/new_eufs_ws/install/eufs_msgs/include/eufs_msgs/eufs_msgs/srv/detail/set_can_state__functions.h
-- Symlinking: /home/alr/Desktop/new_perception/new_eufs_ws/install/eufs_msgs/include/eufs_msgs/eufs_msgs/srv/detail/set_can_state__struct.h
-- Symlinking: /home/alr/Desktop/new_perception/new_eufs_ws/install/eufs_msgs/include/eufs_msgs/eufs_msgs/srv/detail/set_can_state__type_support.h
-- Symlinking: /home/alr/Desktop/new_perception/new_eufs_ws/install/eufs_msgs/include/eufs_msgs/eufs_msgs/srv/detail/set_mission__functions.h
-- Symlinking: /home/alr/Desktop/new_perception/new_eufs_ws/install/eufs_msgs/include/eufs_msgs/eufs_msgs/srv/detail/set_mission__struct.h
-- Symlinking: /home/alr/Desktop/new_perception/new_eufs_ws/install/eufs_msgs/include/eufs_msgs/eufs_msgs/srv/detail/set_mission__type_support.h
-- Symlinking: /home/alr/Desktop/new_perception/new_eufs_ws/install/eufs_msgs/include/eufs_msgs/eufs_msgs/srv/detail/set_string__functions.h
-- Symlinking: /home/alr/Desktop/new_perception/new_eufs_ws/install/eufs_msgs/include/eufs_msgs/eufs_msgs/srv/detail/set_string__struct.h
-- Symlinking: /home/alr/Desktop/new_perception/new_eufs_ws/install/eufs_msgs/include/eufs_msgs/eufs_msgs/srv/detail/set_string__type_support.h
-- Symlinking: /home/alr/Desktop/new_perception/new_eufs_ws/install/eufs_msgs/include/eufs_msgs/eufs_msgs/srv/detail/set_track__functions.h
-- Symlinking: /home/alr/Desktop/new_perception/new_eufs_ws/install/eufs_msgs/include/eufs_msgs/eufs_msgs/srv/detail/set_track__struct.h
-- Symlinking: /home/alr/Desktop/new_perception/new_eufs_ws/install/eufs_msgs/include/eufs_msgs/eufs_msgs/srv/detail/set_track__type_support.h
-- Symlinking: /home/alr/Desktop/new_perception/new_eufs_ws/install/eufs_msgs/include/eufs_msgs/eufs_msgs/srv/get_map.h
-- Symlinking: /home/alr/Desktop/new_perception/new_eufs_ws/install/eufs_msgs/include/eufs_msgs/eufs_msgs/srv/record_start.h
-- Symlinking: /home/alr/Desktop/new_perception/new_eufs_ws/install/eufs_msgs/include/eufs_msgs/eufs_msgs/srv/record_stop.h
-- Symlinking: /home/alr/Desktop/new_perception/new_eufs_ws/install/eufs_msgs/include/eufs_msgs/eufs_msgs/srv/register.h
-- Symlinking: /home/alr/Desktop/new_perception/new_eufs_ws/install/eufs_msgs/include/eufs_msgs/eufs_msgs/srv/set_can_state.h
-- Symlinking: /home/alr/Desktop/new_perception/new_eufs_ws/install/eufs_msgs/include/eufs_msgs/eufs_msgs/srv/set_mission.h
-- Symlinking: /home/alr/Desktop/new_perception/new_eufs_ws/install/eufs_msgs/include/eufs_msgs/eufs_msgs/srv/set_string.h
-- Symlinking: /home/alr/Desktop/new_perception/new_eufs_ws/install/eufs_msgs/include/eufs_msgs/eufs_msgs/srv/set_track.h
-- Symlinking: /home/alr/Desktop/new_perception/new_eufs_ws/install/eufs_msgs/share/eufs_msgs/environment/library_path.sh
-- Symlinking: /home/alr/Desktop/new_perception/new_eufs_ws/install/eufs_msgs/share/eufs_msgs/environment/library_path.dsv
-- Symlinking: /home/alr/Desktop/new_perception/new_eufs_ws/install/eufs_msgs/include/eufs_msgs/eufs_msgs/action/detail/check_for_objects__rosidl_typesupport_fastrtps_c.h
-- Symlinking: /home/alr/Desktop/new_perception/new_eufs_ws/install/eufs_msgs/include/eufs_msgs/eufs_msgs/msg/detail/bounding_box__rosidl_typesupport_fastrtps_c.h
-- Symlinking: /home/alr/Desktop/new_perception/new_eufs_ws/install/eufs_msgs/include/eufs_msgs/eufs_msgs/msg/detail/bounding_boxes__rosidl_typesupport_fastrtps_c.h
-- Symlinking: /home/alr/Desktop/new_perception/new_eufs_ws/install/eufs_msgs/include/eufs_msgs/eufs_msgs/msg/detail/can_state__rosidl_typesupport_fastrtps_c.h
-- Symlinking: /home/alr/Desktop/new_perception/new_eufs_ws/install/eufs_msgs/include/eufs_msgs/eufs_msgs/msg/detail/car_forces__rosidl_typesupport_fastrtps_c.h
-- Symlinking: /home/alr/Desktop/new_perception/new_eufs_ws/install/eufs_msgs/include/eufs_msgs/eufs_msgs/msg/detail/car_state__rosidl_typesupport_fastrtps_c.h
-- Symlinking: /home/alr/Desktop/new_perception/new_eufs_ws/install/eufs_msgs/include/eufs_msgs/eufs_msgs/msg/detail/chassis_command__rosidl_typesupport_fastrtps_c.h
-- Symlinking: /home/alr/Desktop/new_perception/new_eufs_ws/install/eufs_msgs/include/eufs_msgs/eufs_msgs/msg/detail/chassis_state__rosidl_typesupport_fastrtps_c.h
-- Symlinking: /home/alr/Desktop/new_perception/new_eufs_ws/install/eufs_msgs/include/eufs_msgs/eufs_msgs/msg/detail/cone_array__rosidl_typesupport_fastrtps_c.h
-- Symlinking: /home/alr/Desktop/new_perception/new_eufs_ws/install/eufs_msgs/include/eufs_msgs/eufs_msgs/msg/detail/cone_array_with_covariance__rosidl_typesupport_fastrtps_c.h
-- Symlinking: /home/alr/Desktop/new_perception/new_eufs_ws/install/eufs_msgs/include/eufs_msgs/eufs_msgs/msg/detail/cone_association__rosidl_typesupport_fastrtps_c.h
-- Symlinking: /home/alr/Desktop/new_perception/new_eufs_ws/install/eufs_msgs/include/eufs_msgs/eufs_msgs/msg/detail/cone_association_array__rosidl_typesupport_fastrtps_c.h
-- Symlinking: /home/alr/Desktop/new_perception/new_eufs_ws/install/eufs_msgs/include/eufs_msgs/eufs_msgs/msg/detail/cone_association_array_array_stamped__rosidl_typesupport_fastrtps_c.h
-- Symlinking: /home/alr/Desktop/new_perception/new_eufs_ws/install/eufs_msgs/include/eufs_msgs/eufs_msgs/msg/detail/cone_association_array_stamped__rosidl_typesupport_fastrtps_c.h
-- Symlinking: /home/alr/Desktop/new_perception/new_eufs_ws/install/eufs_msgs/include/eufs_msgs/eufs_msgs/msg/detail/cone_with_color_probability__rosidl_typesupport_fastrtps_c.h
-- Symlinking: /home/alr/Desktop/new_perception/new_eufs_ws/install/eufs_msgs/include/eufs_msgs/eufs_msgs/msg/detail/cone_with_color_probability_array__rosidl_typesupport_fastrtps_c.h
-- Symlinking: /home/alr/Desktop/new_perception/new_eufs_ws/install/eufs_msgs/include/eufs_msgs/eufs_msgs/msg/detail/cone_with_covariance__rosidl_typesupport_fastrtps_c.h
-- Symlinking: /home/alr/Desktop/new_perception/new_eufs_ws/install/eufs_msgs/include/eufs_msgs/eufs_msgs/msg/detail/costmap__rosidl_typesupport_fastrtps_c.h
-- Symlinking: /home/alr/Desktop/new_perception/new_eufs_ws/install/eufs_msgs/include/eufs_msgs/eufs_msgs/msg/detail/cpu_status__rosidl_typesupport_fastrtps_c.h
-- Symlinking: /home/alr/Desktop/new_perception/new_eufs_ws/install/eufs_msgs/include/eufs_msgs/eufs_msgs/msg/detail/cpu_usage__rosidl_typesupport_fastrtps_c.h
-- Symlinking: /home/alr/Desktop/new_perception/new_eufs_ws/install/eufs_msgs/include/eufs_msgs/eufs_msgs/msg/detail/ekf_err__rosidl_typesupport_fastrtps_c.h
-- Symlinking: /home/alr/Desktop/new_perception/new_eufs_ws/install/eufs_msgs/include/eufs_msgs/eufs_msgs/msg/detail/ekf_state__rosidl_typesupport_fastrtps_c.h
-- Symlinking: /home/alr/Desktop/new_perception/new_eufs_ws/install/eufs_msgs/include/eufs_msgs/eufs_msgs/msg/detail/full_state__rosidl_typesupport_fastrtps_c.h
-- Symlinking: /home/alr/Desktop/new_perception/new_eufs_ws/install/eufs_msgs/include/eufs_msgs/eufs_msgs/msg/detail/heartbeat__rosidl_typesupport_fastrtps_c.h
-- Symlinking: /home/alr/Desktop/new_perception/new_eufs_ws/install/eufs_msgs/include/eufs_msgs/eufs_msgs/msg/detail/integration_err__rosidl_typesupport_fastrtps_c.h
-- Symlinking: /home/alr/Desktop/new_perception/new_eufs_ws/install/eufs_msgs/include/eufs_msgs/eufs_msgs/msg/detail/lap_stats__rosidl_typesupport_fastrtps_c.h
-- Symlinking: /home/alr/Desktop/new_perception/new_eufs_ws/install/eufs_msgs/include/eufs_msgs/eufs_msgs/msg/detail/mpc_state__rosidl_typesupport_fastrtps_c.h
-- Symlinking: /home/alr/Desktop/new_perception/new_eufs_ws/install/eufs_msgs/include/eufs_msgs/eufs_msgs/msg/detail/node_state__rosidl_typesupport_fastrtps_c.h
-- Symlinking: /home/alr/Desktop/new_perception/new_eufs_ws/install/eufs_msgs/include/eufs_msgs/eufs_msgs/msg/detail/node_state_array__rosidl_typesupport_fastrtps_c.h
-- Symlinking: /home/alr/Desktop/new_perception/new_eufs_ws/install/eufs_msgs/include/eufs_msgs/eufs_msgs/msg/detail/oss__rosidl_typesupport_fastrtps_c.h
-- Symlinking: /home/alr/Desktop/new_perception/new_eufs_ws/install/eufs_msgs/include/eufs_msgs/eufs_msgs/msg/detail/particle__rosidl_typesupport_fastrtps_c.h
-- Symlinking: /home/alr/Desktop/new_perception/new_eufs_ws/install/eufs_msgs/include/eufs_msgs/eufs_msgs/msg/detail/particle_slam__rosidl_typesupport_fastrtps_c.h
-- Symlinking: /home/alr/Desktop/new_perception/new_eufs_ws/install/eufs_msgs/include/eufs_msgs/eufs_msgs/msg/detail/particle_slam_stamped__rosidl_typesupport_fastrtps_c.h
-- Symlinking: /home/alr/Desktop/new_perception/new_eufs_ws/install/eufs_msgs/include/eufs_msgs/eufs_msgs/msg/detail/particle_stamped__rosidl_typesupport_fastrtps_c.h
-- Symlinking: /home/alr/Desktop/new_perception/new_eufs_ws/install/eufs_msgs/include/eufs_msgs/eufs_msgs/msg/detail/path_integral_params__rosidl_typesupport_fastrtps_c.h
-- Symlinking: /home/alr/Desktop/new_perception/new_eufs_ws/install/eufs_msgs/include/eufs_msgs/eufs_msgs/msg/detail/path_integral_stats__rosidl_typesupport_fastrtps_c.h
-- Symlinking: /home/alr/Desktop/new_perception/new_eufs_ws/install/eufs_msgs/include/eufs_msgs/eufs_msgs/msg/detail/path_integral_status__rosidl_typesupport_fastrtps_c.h
-- Symlinking: /home/alr/Desktop/new_perception/new_eufs_ws/install/eufs_msgs/include/eufs_msgs/eufs_msgs/msg/detail/path_integral_timing__rosidl_typesupport_fastrtps_c.h
-- Symlinking: /home/alr/Desktop/new_perception/new_eufs_ws/install/eufs_msgs/include/eufs_msgs/eufs_msgs/msg/detail/planning_mode__rosidl_typesupport_fastrtps_c.h
-- Symlinking: /home/alr/Desktop/new_perception/new_eufs_ws/install/eufs_msgs/include/eufs_msgs/eufs_msgs/msg/detail/point_array__rosidl_typesupport_fastrtps_c.h
-- Symlinking: /home/alr/Desktop/new_perception/new_eufs_ws/install/eufs_msgs/include/eufs_msgs/eufs_msgs/msg/detail/point_array_stamped__rosidl_typesupport_fastrtps_c.h
-- Symlinking: /home/alr/Desktop/new_perception/new_eufs_ws/install/eufs_msgs/include/eufs_msgs/eufs_msgs/msg/detail/pure_pursuit_checkpoint__rosidl_typesupport_fastrtps_c.h
-- Symlinking: /home/alr/Desktop/new_perception/new_eufs_ws/install/eufs_msgs/include/eufs_msgs/eufs_msgs/msg/detail/pure_pursuit_checkpoint_array_stamped__rosidl_typesupport_fastrtps_c.h
-- Symlinking: /home/alr/Desktop/new_perception/new_eufs_ws/install/eufs_msgs/include/eufs_msgs/eufs_msgs/msg/detail/runstop__rosidl_typesupport_fastrtps_c.h
-- Symlinking: /home/alr/Desktop/new_perception/new_eufs_ws/install/eufs_msgs/include/eufs_msgs/eufs_msgs/msg/detail/slam_err__rosidl_typesupport_fastrtps_c.h
-- Symlinking: /home/alr/Desktop/new_perception/new_eufs_ws/install/eufs_msgs/include/eufs_msgs/eufs_msgs/msg/detail/slam_state__rosidl_typesupport_fastrtps_c.h
-- Symlinking: /home/alr/Desktop/new_perception/new_eufs_ws/install/eufs_msgs/include/eufs_msgs/eufs_msgs/msg/detail/state_machine_state__rosidl_typesupport_fastrtps_c.h
-- Symlinking: /home/alr/Desktop/new_perception/new_eufs_ws/install/eufs_msgs/include/eufs_msgs/eufs_msgs/msg/detail/stereo_image__rosidl_typesupport_fastrtps_c.h
-- Symlinking: /home/alr/Desktop/new_perception/new_eufs_ws/install/eufs_msgs/include/eufs_msgs/eufs_msgs/msg/detail/system_status__rosidl_typesupport_fastrtps_c.h
-- Symlinking: /home/alr/Desktop/new_perception/new_eufs_ws/install/eufs_msgs/include/eufs_msgs/eufs_msgs/msg/detail/topic_status__rosidl_typesupport_fastrtps_c.h
-- Symlinking: /home/alr/Desktop/new_perception/new_eufs_ws/install/eufs_msgs/include/eufs_msgs/eufs_msgs/msg/detail/vehicle_commands__rosidl_typesupport_fastrtps_c.h
-- Symlinking: /home/alr/Desktop/new_perception/new_eufs_ws/install/eufs_msgs/include/eufs_msgs/eufs_msgs/msg/detail/vehicle_commands_stamped__rosidl_typesupport_fastrtps_c.h
-- Symlinking: /home/alr/Desktop/new_perception/new_eufs_ws/install/eufs_msgs/include/eufs_msgs/eufs_msgs/msg/detail/waypoint__rosidl_typesupport_fastrtps_c.h
-- Symlinking: /home/alr/Desktop/new_perception/new_eufs_ws/install/eufs_msgs/include/eufs_msgs/eufs_msgs/msg/detail/waypoint_array_stamped__rosidl_typesupport_fastrtps_c.h
-- Symlinking: /home/alr/Desktop/new_perception/new_eufs_ws/install/eufs_msgs/include/eufs_msgs/eufs_msgs/msg/detail/wheel_odometry_err__rosidl_typesupport_fastrtps_c.h
-- Symlinking: /home/alr/Desktop/new_perception/new_eufs_ws/install/eufs_msgs/include/eufs_msgs/eufs_msgs/msg/detail/wheel_speeds__rosidl_typesupport_fastrtps_c.h
-- Symlinking: /home/alr/Desktop/new_perception/new_eufs_ws/install/eufs_msgs/include/eufs_msgs/eufs_msgs/msg/detail/wheel_speeds_stamped__rosidl_typesupport_fastrtps_c.h
-- Symlinking: /home/alr/Desktop/new_perception/new_eufs_ws/install/eufs_msgs/include/eufs_msgs/eufs_msgs/msg/rosidl_typesupport_fastrtps_c__visibility_control.h
-- Symlinking: /home/alr/Desktop/new_perception/new_eufs_ws/install/eufs_msgs/include/eufs_msgs/eufs_msgs/srv/detail/get_map__rosidl_typesupport_fastrtps_c.h
-- Symlinking: /home/alr/Desktop/new_perception/new_eufs_ws/install/eufs_msgs/include/eufs_msgs/eufs_msgs/srv/detail/record_start__rosidl_typesupport_fastrtps_c.h
-- Symlinking: /home/alr/Desktop/new_perception/new_eufs_ws/install/eufs_msgs/include/eufs_msgs/eufs_msgs/srv/detail/record_stop__rosidl_typesupport_fastrtps_c.h
-- Symlinking: /home/alr/Desktop/new_perception/new_eufs_ws/install/eufs_msgs/include/eufs_msgs/eufs_msgs/srv/detail/register__rosidl_typesupport_fastrtps_c.h
-- Symlinking: /home/alr/Desktop/new_perception/new_eufs_ws/install/eufs_msgs/include/eufs_msgs/eufs_msgs/srv/detail/set_can_state__rosidl_typesupport_fastrtps_c.h
-- Symlinking: /home/alr/Desktop/new_perception/new_eufs_ws/install/eufs_msgs/include/eufs_msgs/eufs_msgs/srv/detail/set_mission__rosidl_typesupport_fastrtps_c.h
-- Symlinking: /home/alr/Desktop/new_perception/new_eufs_ws/install/eufs_msgs/include/eufs_msgs/eufs_msgs/srv/detail/set_string__rosidl_typesupport_fastrtps_c.h
-- Symlinking: /home/alr/Desktop/new_perception/new_eufs_ws/install/eufs_msgs/include/eufs_msgs/eufs_msgs/srv/detail/set_track__rosidl_typesupport_fastrtps_c.h
-- Symlinking: /home/alr/Desktop/new_perception/new_eufs_ws/install/eufs_msgs/include/eufs_msgs/eufs_msgs/action/detail/check_for_objects__rosidl_typesupport_introspection_c.h
-- Symlinking: /home/alr/Desktop/new_perception/new_eufs_ws/install/eufs_msgs/include/eufs_msgs/eufs_msgs/msg/detail/bounding_box__rosidl_typesupport_introspection_c.h
-- Symlinking: /home/alr/Desktop/new_perception/new_eufs_ws/install/eufs_msgs/include/eufs_msgs/eufs_msgs/msg/detail/bounding_boxes__rosidl_typesupport_introspection_c.h
-- Symlinking: /home/alr/Desktop/new_perception/new_eufs_ws/install/eufs_msgs/include/eufs_msgs/eufs_msgs/msg/detail/can_state__rosidl_typesupport_introspection_c.h
-- Symlinking: /home/alr/Desktop/new_perception/new_eufs_ws/install/eufs_msgs/include/eufs_msgs/eufs_msgs/msg/detail/car_forces__rosidl_typesupport_introspection_c.h
-- Symlinking: /home/alr/Desktop/new_perception/new_eufs_ws/install/eufs_msgs/include/eufs_msgs/eufs_msgs/msg/detail/car_state__rosidl_typesupport_introspection_c.h
-- Symlinking: /home/alr/Desktop/new_perception/new_eufs_ws/install/eufs_msgs/include/eufs_msgs/eufs_msgs/msg/detail/chassis_command__rosidl_typesupport_introspection_c.h
-- Symlinking: /home/alr/Desktop/new_perception/new_eufs_ws/install/eufs_msgs/include/eufs_msgs/eufs_msgs/msg/detail/chassis_state__rosidl_typesupport_introspection_c.h
-- Symlinking: /home/alr/Desktop/new_perception/new_eufs_ws/install/eufs_msgs/include/eufs_msgs/eufs_msgs/msg/detail/cone_array__rosidl_typesupport_introspection_c.h
-- Symlinking: /home/alr/Desktop/new_perception/new_eufs_ws/install/eufs_msgs/include/eufs_msgs/eufs_msgs/msg/detail/cone_array_with_covariance__rosidl_typesupport_introspection_c.h
-- Symlinking: /home/alr/Desktop/new_perception/new_eufs_ws/install/eufs_msgs/include/eufs_msgs/eufs_msgs/msg/detail/cone_association__rosidl_typesupport_introspection_c.h
-- Symlinking: /home/alr/Desktop/new_perception/new_eufs_ws/install/eufs_msgs/include/eufs_msgs/eufs_msgs/msg/detail/cone_association_array__rosidl_typesupport_introspection_c.h
-- Symlinking: /home/alr/Desktop/new_perception/new_eufs_ws/install/eufs_msgs/include/eufs_msgs/eufs_msgs/msg/detail/cone_association_array_array_stamped__rosidl_typesupport_introspection_c.h
-- Symlinking: /home/alr/Desktop/new_perception/new_eufs_ws/install/eufs_msgs/include/eufs_msgs/eufs_msgs/msg/detail/cone_association_array_stamped__rosidl_typesupport_introspection_c.h
-- Symlinking: /home/alr/Desktop/new_perception/new_eufs_ws/install/eufs_msgs/include/eufs_msgs/eufs_msgs/msg/detail/cone_with_color_probability__rosidl_typesupport_introspection_c.h
-- Symlinking: /home/alr/Desktop/new_perception/new_eufs_ws/install/eufs_msgs/include/eufs_msgs/eufs_msgs/msg/detail/cone_with_color_probability_array__rosidl_typesupport_introspection_c.h
-- Symlinking: /home/alr/Desktop/new_perception/new_eufs_ws/install/eufs_msgs/include/eufs_msgs/eufs_msgs/msg/detail/cone_with_covariance__rosidl_typesupport_introspection_c.h
-- Symlinking: /home/alr/Desktop/new_perception/new_eufs_ws/install/eufs_msgs/include/eufs_msgs/eufs_msgs/msg/detail/costmap__rosidl_typesupport_introspection_c.h
-- Symlinking: /home/alr/Desktop/new_perception/new_eufs_ws/install/eufs_msgs/include/eufs_msgs/eufs_msgs/msg/detail/cpu_status__rosidl_typesupport_introspection_c.h
-- Symlinking: /home/alr/Desktop/new_perception/new_eufs_ws/install/eufs_msgs/include/eufs_msgs/eufs_msgs/msg/detail/cpu_usage__rosidl_typesupport_introspection_c.h
-- Symlinking: /home/alr/Desktop/new_perception/new_eufs_ws/install/eufs_msgs/include/eufs_msgs/eufs_msgs/msg/detail/ekf_err__rosidl_typesupport_introspection_c.h
-- Symlinking: /home/alr/Desktop/new_perception/new_eufs_ws/install/eufs_msgs/include/eufs_msgs/eufs_msgs/msg/detail/ekf_state__rosidl_typesupport_introspection_c.h
-- Symlinking: /home/alr/Desktop/new_perception/new_eufs_ws/install/eufs_msgs/include/eufs_msgs/eufs_msgs/msg/detail/full_state__rosidl_typesupport_introspection_c.h
-- Symlinking: /home/alr/Desktop/new_perception/new_eufs_ws/install/eufs_msgs/include/eufs_msgs/eufs_msgs/msg/detail/heartbeat__rosidl_typesupport_introspection_c.h
-- Symlinking: /home/alr/Desktop/new_perception/new_eufs_ws/install/eufs_msgs/include/eufs_msgs/eufs_msgs/msg/detail/integration_err__rosidl_typesupport_introspection_c.h
-- Symlinking: /home/alr/Desktop/new_perception/new_eufs_ws/install/eufs_msgs/include/eufs_msgs/eufs_msgs/msg/detail/lap_stats__rosidl_typesupport_introspection_c.h
-- Symlinking: /home/alr/Desktop/new_perception/new_eufs_ws/install/eufs_msgs/include/eufs_msgs/eufs_msgs/msg/detail/mpc_state__rosidl_typesupport_introspection_c.h
-- Symlinking: /home/alr/Desktop/new_perception/new_eufs_ws/install/eufs_msgs/include/eufs_msgs/eufs_msgs/msg/detail/node_state__rosidl_typesupport_introspection_c.h
-- Symlinking: /home/alr/Desktop/new_perception/new_eufs_ws/install/eufs_msgs/include/eufs_msgs/eufs_msgs/msg/detail/node_state_array__rosidl_typesupport_introspection_c.h
-- Symlinking: /home/alr/Desktop/new_perception/new_eufs_ws/install/eufs_msgs/include/eufs_msgs/eufs_msgs/msg/detail/oss__rosidl_typesupport_introspection_c.h
-- Symlinking: /home/alr/Desktop/new_perception/new_eufs_ws/install/eufs_msgs/include/eufs_msgs/eufs_msgs/msg/detail/particle__rosidl_typesupport_introspection_c.h
-- Symlinking: /home/alr/Desktop/new_perception/new_eufs_ws/install/eufs_msgs/include/eufs_msgs/eufs_msgs/msg/detail/particle_slam__rosidl_typesupport_introspection_c.h
-- Symlinking: /home/alr/Desktop/new_perception/new_eufs_ws/install/eufs_msgs/include/eufs_msgs/eufs_msgs/msg/detail/particle_slam_stamped__rosidl_typesupport_introspection_c.h
-- Symlinking: /home/alr/Desktop/new_perception/new_eufs_ws/install/eufs_msgs/include/eufs_msgs/eufs_msgs/msg/detail/particle_stamped__rosidl_typesupport_introspection_c.h
-- Symlinking: /home/alr/Desktop/new_perception/new_eufs_ws/install/eufs_msgs/include/eufs_msgs/eufs_msgs/msg/detail/path_integral_params__rosidl_typesupport_introspection_c.h
-- Symlinking: /home/alr/Desktop/new_perception/new_eufs_ws/install/eufs_msgs/include/eufs_msgs/eufs_msgs/msg/detail/path_integral_stats__rosidl_typesupport_introspection_c.h
-- Symlinking: /home/alr/Desktop/new_perception/new_eufs_ws/install/eufs_msgs/include/eufs_msgs/eufs_msgs/msg/detail/path_integral_status__rosidl_typesupport_introspection_c.h
-- Symlinking: /home/alr/Desktop/new_perception/new_eufs_ws/install/eufs_msgs/include/eufs_msgs/eufs_msgs/msg/detail/path_integral_timing__rosidl_typesupport_introspection_c.h
-- Symlinking: /home/alr/Desktop/new_perception/new_eufs_ws/install/eufs_msgs/include/eufs_msgs/eufs_msgs/msg/detail/planning_mode__rosidl_typesupport_introspection_c.h
-- Symlinking: /home/alr/Desktop/new_perception/new_eufs_ws/install/eufs_msgs/include/eufs_msgs/eufs_msgs/msg/detail/point_array__rosidl_typesupport_introspection_c.h
-- Symlinking: /home/alr/Desktop/new_perception/new_eufs_ws/install/eufs_msgs/include/eufs_msgs/eufs_msgs/msg/detail/point_array_stamped__rosidl_typesupport_introspection_c.h
-- Symlinking: /home/alr/Desktop/new_perception/new_eufs_ws/install/eufs_msgs/include/eufs_msgs/eufs_msgs/msg/detail/pure_pursuit_checkpoint__rosidl_typesupport_introspection_c.h
-- Symlinking: /home/alr/Desktop/new_perception/new_eufs_ws/install/eufs_msgs/include/eufs_msgs/eufs_msgs/msg/detail/pure_pursuit_checkpoint_array_stamped__rosidl_typesupport_introspection_c.h
-- Symlinking: /home/alr/Desktop/new_perception/new_eufs_ws/install/eufs_msgs/include/eufs_msgs/eufs_msgs/msg/detail/runstop__rosidl_typesupport_introspection_c.h
-- Symlinking: /home/alr/Desktop/new_perception/new_eufs_ws/install/eufs_msgs/include/eufs_msgs/eufs_msgs/msg/detail/slam_err__rosidl_typesupport_introspection_c.h
-- Symlinking: /home/alr/Desktop/new_perception/new_eufs_ws/install/eufs_msgs/include/eufs_msgs/eufs_msgs/msg/detail/slam_state__rosidl_typesupport_introspection_c.h
-- Symlinking: /home/alr/Desktop/new_perception/new_eufs_ws/install/eufs_msgs/include/eufs_msgs/eufs_msgs/msg/detail/state_machine_state__rosidl_typesupport_introspection_c.h
-- Symlinking: /home/alr/Desktop/new_perception/new_eufs_ws/install/eufs_msgs/include/eufs_msgs/eufs_msgs/msg/detail/stereo_image__rosidl_typesupport_introspection_c.h
-- Symlinking: /home/alr/Desktop/new_perception/new_eufs_ws/install/eufs_msgs/include/eufs_msgs/eufs_msgs/msg/detail/system_status__rosidl_typesupport_introspection_c.h
-- Symlinking: /home/alr/Desktop/new_perception/new_eufs_ws/install/eufs_msgs/include/eufs_msgs/eufs_msgs/msg/detail/topic_status__rosidl_typesupport_introspection_c.h
-- Symlinking: /home/alr/Desktop/new_perception/new_eufs_ws/install/eufs_msgs/include/eufs_msgs/eufs_msgs/msg/detail/vehicle_commands__rosidl_typesupport_introspection_c.h
-- Symlinking: /home/alr/Desktop/new_perception/new_eufs_ws/install/eufs_msgs/include/eufs_msgs/eufs_msgs/msg/detail/vehicle_commands_stamped__rosidl_typesupport_introspection_c.h
-- Symlinking: /home/alr/Desktop/new_perception/new_eufs_ws/install/eufs_msgs/include/eufs_msgs/eufs_msgs/msg/detail/waypoint__rosidl_typesupport_introspection_c.h
-- Symlinking: /home/alr/Desktop/new_perception/new_eufs_ws/install/eufs_msgs/include/eufs_msgs/eufs_msgs/msg/detail/waypoint_array_stamped__rosidl_typesupport_introspection_c.h
-- Symlinking: /home/alr/Desktop/new_perception/new_eufs_ws/install/eufs_msgs/include/eufs_msgs/eufs_msgs/msg/detail/wheel_odometry_err__rosidl_typesupport_introspection_c.h
-- Symlinking: /home/alr/Desktop/new_perception/new_eufs_ws/install/eufs_msgs/include/eufs_msgs/eufs_msgs/msg/detail/wheel_speeds__rosidl_typesupport_introspection_c.h
-- Symlinking: /home/alr/Desktop/new_perception/new_eufs_ws/install/eufs_msgs/include/eufs_msgs/eufs_msgs/msg/detail/wheel_speeds_stamped__rosidl_typesupport_introspection_c.h
-- Symlinking: /home/alr/Desktop/new_perception/new_eufs_ws/install/eufs_msgs/include/eufs_msgs/eufs_msgs/msg/rosidl_typesupport_introspection_c__visibility_control.h
-- Symlinking: /home/alr/Desktop/new_perception/new_eufs_ws/install/eufs_msgs/include/eufs_msgs/eufs_msgs/srv/detail/get_map__rosidl_typesupport_introspection_c.h
-- Symlinking: /home/alr/Desktop/new_perception/new_eufs_ws/install/eufs_msgs/include/eufs_msgs/eufs_msgs/srv/detail/record_start__rosidl_typesupport_introspection_c.h
-- Symlinking: /home/alr/Desktop/new_perception/new_eufs_ws/install/eufs_msgs/include/eufs_msgs/eufs_msgs/srv/detail/record_stop__rosidl_typesupport_introspection_c.h
-- Symlinking: /home/alr/Desktop/new_perception/new_eufs_ws/install/eufs_msgs/include/eufs_msgs/eufs_msgs/srv/detail/register__rosidl_typesupport_introspection_c.h
-- Symlinking: /home/alr/Desktop/new_perception/new_eufs_ws/install/eufs_msgs/include/eufs_msgs/eufs_msgs/srv/detail/set_can_state__rosidl_typesupport_introspection_c.h
-- Symlinking: /home/alr/Desktop/new_perception/new_eufs_ws/install/eufs_msgs/include/eufs_msgs/eufs_msgs/srv/detail/set_mission__rosidl_typesupport_introspection_c.h
-- Symlinking: /home/alr/Desktop/new_perception/new_eufs_ws/install/eufs_msgs/include/eufs_msgs/eufs_msgs/srv/detail/set_string__rosidl_typesupport_introspection_c.h
-- Symlinking: /home/alr/Desktop/new_perception/new_eufs_ws/install/eufs_msgs/include/eufs_msgs/eufs_msgs/srv/detail/set_track__rosidl_typesupport_introspection_c.h
-- Symlinking: /home/alr/Desktop/new_perception/new_eufs_ws/install/eufs_msgs/include/eufs_msgs/eufs_msgs/action/check_for_objects.hpp
-- Symlinking: /home/alr/Desktop/new_perception/new_eufs_ws/install/eufs_msgs/include/eufs_msgs/eufs_msgs/action/detail/check_for_objects__builder.hpp
-- Symlinking: /home/alr/Desktop/new_perception/new_eufs_ws/install/eufs_msgs/include/eufs_msgs/eufs_msgs/action/detail/check_for_objects__struct.hpp
-- Symlinking: /home/alr/Desktop/new_perception/new_eufs_ws/install/eufs_msgs/include/eufs_msgs/eufs_msgs/action/detail/check_for_objects__traits.hpp
-- Symlinking: /home/alr/Desktop/new_perception/new_eufs_ws/install/eufs_msgs/include/eufs_msgs/eufs_msgs/action/detail/check_for_objects__type_support.hpp
-- Symlinking: /home/alr/Desktop/new_perception/new_eufs_ws/install/eufs_msgs/include/eufs_msgs/eufs_msgs/msg/bounding_box.hpp
-- Symlinking: /home/alr/Desktop/new_perception/new_eufs_ws/install/eufs_msgs/include/eufs_msgs/eufs_msgs/msg/bounding_boxes.hpp
-- Symlinking: /home/alr/Desktop/new_perception/new_eufs_ws/install/eufs_msgs/include/eufs_msgs/eufs_msgs/msg/can_state.hpp
-- Symlinking: /home/alr/Desktop/new_perception/new_eufs_ws/install/eufs_msgs/include/eufs_msgs/eufs_msgs/msg/car_forces.hpp
-- Symlinking: /home/alr/Desktop/new_perception/new_eufs_ws/install/eufs_msgs/include/eufs_msgs/eufs_msgs/msg/car_state.hpp
-- Symlinking: /home/alr/Desktop/new_perception/new_eufs_ws/install/eufs_msgs/include/eufs_msgs/eufs_msgs/msg/chassis_command.hpp
-- Symlinking: /home/alr/Desktop/new_perception/new_eufs_ws/install/eufs_msgs/include/eufs_msgs/eufs_msgs/msg/chassis_state.hpp
-- Symlinking: /home/alr/Desktop/new_perception/new_eufs_ws/install/eufs_msgs/include/eufs_msgs/eufs_msgs/msg/cone_array.hpp
-- Symlinking: /home/alr/Desktop/new_perception/new_eufs_ws/install/eufs_msgs/include/eufs_msgs/eufs_msgs/msg/cone_array_with_covariance.hpp
-- Symlinking: /home/alr/Desktop/new_perception/new_eufs_ws/install/eufs_msgs/include/eufs_msgs/eufs_msgs/msg/cone_association.hpp
-- Symlinking: /home/alr/Desktop/new_perception/new_eufs_ws/install/eufs_msgs/include/eufs_msgs/eufs_msgs/msg/cone_association_array.hpp
-- Symlinking: /home/alr/Desktop/new_perception/new_eufs_ws/install/eufs_msgs/include/eufs_msgs/eufs_msgs/msg/cone_association_array_array_stamped.hpp
-- Symlinking: /home/alr/Desktop/new_perception/new_eufs_ws/install/eufs_msgs/include/eufs_msgs/eufs_msgs/msg/cone_association_array_stamped.hpp
-- Symlinking: /home/alr/Desktop/new_perception/new_eufs_ws/install/eufs_msgs/include/eufs_msgs/eufs_msgs/msg/cone_with_color_probability.hpp
-- Symlinking: /home/alr/Desktop/new_perception/new_eufs_ws/install/eufs_msgs/include/eufs_msgs/eufs_msgs/msg/cone_with_color_probability_array.hpp
-- Symlinking: /home/alr/Desktop/new_perception/new_eufs_ws/install/eufs_msgs/include/eufs_msgs/eufs_msgs/msg/cone_with_covariance.hpp
-- Symlinking: /home/alr/Desktop/new_perception/new_eufs_ws/install/eufs_msgs/include/eufs_msgs/eufs_msgs/msg/costmap.hpp
-- Symlinking: /home/alr/Desktop/new_perception/new_eufs_ws/install/eufs_msgs/include/eufs_msgs/eufs_msgs/msg/cpu_status.hpp
-- Symlinking: /home/alr/Desktop/new_perception/new_eufs_ws/install/eufs_msgs/include/eufs_msgs/eufs_msgs/msg/cpu_usage.hpp
-- Symlinking: /home/alr/Desktop/new_perception/new_eufs_ws/install/eufs_msgs/include/eufs_msgs/eufs_msgs/msg/detail/bounding_box__builder.hpp
-- Symlinking: /home/alr/Desktop/new_perception/new_eufs_ws/install/eufs_msgs/include/eufs_msgs/eufs_msgs/msg/detail/bounding_box__struct.hpp
-- Symlinking: /home/alr/Desktop/new_perception/new_eufs_ws/install/eufs_msgs/include/eufs_msgs/eufs_msgs/msg/detail/bounding_box__traits.hpp
-- Symlinking: /home/alr/Desktop/new_perception/new_eufs_ws/install/eufs_msgs/include/eufs_msgs/eufs_msgs/msg/detail/bounding_box__type_support.hpp
-- Symlinking: /home/alr/Desktop/new_perception/new_eufs_ws/install/eufs_msgs/include/eufs_msgs/eufs_msgs/msg/detail/bounding_boxes__builder.hpp
-- Symlinking: /home/alr/Desktop/new_perception/new_eufs_ws/install/eufs_msgs/include/eufs_msgs/eufs_msgs/msg/detail/bounding_boxes__struct.hpp
-- Symlinking: /home/alr/Desktop/new_perception/new_eufs_ws/install/eufs_msgs/include/eufs_msgs/eufs_msgs/msg/detail/bounding_boxes__traits.hpp
-- Symlinking: /home/alr/Desktop/new_perception/new_eufs_ws/install/eufs_msgs/include/eufs_msgs/eufs_msgs/msg/detail/bounding_boxes__type_support.hpp
-- Symlinking: /home/alr/Desktop/new_perception/new_eufs_ws/install/eufs_msgs/include/eufs_msgs/eufs_msgs/msg/detail/can_state__builder.hpp
-- Symlinking: /home/alr/Desktop/new_perception/new_eufs_ws/install/eufs_msgs/include/eufs_msgs/eufs_msgs/msg/detail/can_state__struct.hpp
-- Symlinking: /home/alr/Desktop/new_perception/new_eufs_ws/install/eufs_msgs/include/eufs_msgs/eufs_msgs/msg/detail/can_state__traits.hpp
-- Symlinking: /home/alr/Desktop/new_perception/new_eufs_ws/install/eufs_msgs/include/eufs_msgs/eufs_msgs/msg/detail/can_state__type_support.hpp
-- Symlinking: /home/alr/Desktop/new_perception/new_eufs_ws/install/eufs_msgs/include/eufs_msgs/eufs_msgs/msg/detail/car_forces__builder.hpp
-- Symlinking: /home/alr/Desktop/new_perception/new_eufs_ws/install/eufs_msgs/include/eufs_msgs/eufs_msgs/msg/detail/car_forces__struct.hpp
-- Symlinking: /home/alr/Desktop/new_perception/new_eufs_ws/install/eufs_msgs/include/eufs_msgs/eufs_msgs/msg/detail/car_forces__traits.hpp
-- Symlinking: /home/alr/Desktop/new_perception/new_eufs_ws/install/eufs_msgs/include/eufs_msgs/eufs_msgs/msg/detail/car_forces__type_support.hpp
-- Symlinking: /home/alr/Desktop/new_perception/new_eufs_ws/install/eufs_msgs/include/eufs_msgs/eufs_msgs/msg/detail/car_state__builder.hpp
-- Symlinking: /home/alr/Desktop/new_perception/new_eufs_ws/install/eufs_msgs/include/eufs_msgs/eufs_msgs/msg/detail/car_state__struct.hpp
-- Symlinking: /home/alr/Desktop/new_perception/new_eufs_ws/install/eufs_msgs/include/eufs_msgs/eufs_msgs/msg/detail/car_state__traits.hpp
-- Symlinking: /home/alr/Desktop/new_perception/new_eufs_ws/install/eufs_msgs/include/eufs_msgs/eufs_msgs/msg/detail/car_state__type_support.hpp
-- Symlinking: /home/alr/Desktop/new_perception/new_eufs_ws/install/eufs_msgs/include/eufs_msgs/eufs_msgs/msg/detail/chassis_command__builder.hpp
-- Symlinking: /home/alr/Desktop/new_perception/new_eufs_ws/install/eufs_msgs/include/eufs_msgs/eufs_msgs/msg/detail/chassis_command__struct.hpp
-- Symlinking: /home/alr/Desktop/new_perception/new_eufs_ws/install/eufs_msgs/include/eufs_msgs/eufs_msgs/msg/detail/chassis_command__traits.hpp
-- Symlinking: /home/alr/Desktop/new_perception/new_eufs_ws/install/eufs_msgs/include/eufs_msgs/eufs_msgs/msg/detail/chassis_command__type_support.hpp
-- Symlinking: /home/alr/Desktop/new_perception/new_eufs_ws/install/eufs_msgs/include/eufs_msgs/eufs_msgs/msg/detail/chassis_state__builder.hpp
-- Symlinking: /home/alr/Desktop/new_perception/new_eufs_ws/install/eufs_msgs/include/eufs_msgs/eufs_msgs/msg/detail/chassis_state__struct.hpp
-- Symlinking: /home/alr/Desktop/new_perception/new_eufs_ws/install/eufs_msgs/include/eufs_msgs/eufs_msgs/msg/detail/chassis_state__traits.hpp
-- Symlinking: /home/alr/Desktop/new_perception/new_eufs_ws/install/eufs_msgs/include/eufs_msgs/eufs_msgs/msg/detail/chassis_state__type_support.hpp
-- Symlinking: /home/alr/Desktop/new_perception/new_eufs_ws/install/eufs_msgs/include/eufs_msgs/eufs_msgs/msg/detail/cone_array__builder.hpp
-- Symlinking: /home/alr/Desktop/new_perception/new_eufs_ws/install/eufs_msgs/include/eufs_msgs/eufs_msgs/msg/detail/cone_array__struct.hpp
-- Symlinking: /home/alr/Desktop/new_perception/new_eufs_ws/install/eufs_msgs/include/eufs_msgs/eufs_msgs/msg/detail/cone_array__traits.hpp
-- Symlinking: /home/alr/Desktop/new_perception/new_eufs_ws/install/eufs_msgs/include/eufs_msgs/eufs_msgs/msg/detail/cone_array__type_support.hpp
-- Symlinking: /home/alr/Desktop/new_perception/new_eufs_ws/install/eufs_msgs/include/eufs_msgs/eufs_msgs/msg/detail/cone_array_with_covariance__builder.hpp
-- Symlinking: /home/alr/Desktop/new_perception/new_eufs_ws/install/eufs_msgs/include/eufs_msgs/eufs_msgs/msg/detail/cone_array_with_covariance__struct.hpp
-- Symlinking: /home/alr/Desktop/new_perception/new_eufs_ws/install/eufs_msgs/include/eufs_msgs/eufs_msgs/msg/detail/cone_array_with_covariance__traits.hpp
-- Symlinking: /home/alr/Desktop/new_perception/new_eufs_ws/install/eufs_msgs/include/eufs_msgs/eufs_msgs/msg/detail/cone_array_with_covariance__type_support.hpp
-- Symlinking: /home/alr/Desktop/new_perception/new_eufs_ws/install/eufs_msgs/include/eufs_msgs/eufs_msgs/msg/detail/cone_association__builder.hpp
-- Symlinking: /home/alr/Desktop/new_perception/new_eufs_ws/install/eufs_msgs/include/eufs_msgs/eufs_msgs/msg/detail/cone_association__struct.hpp
-- Symlinking: /home/alr/Desktop/new_perception/new_eufs_ws/install/eufs_msgs/include/eufs_msgs/eufs_msgs/msg/detail/cone_association__traits.hpp
-- Symlinking: /home/alr/Desktop/new_perception/new_eufs_ws/install/eufs_msgs/include/eufs_msgs/eufs_msgs/msg/detail/cone_association__type_support.hpp
-- Symlinking: /home/alr/Desktop/new_perception/new_eufs_ws/install/eufs_msgs/include/eufs_msgs/eufs_msgs/msg/detail/cone_association_array__builder.hpp
-- Symlinking: /home/alr/Desktop/new_perception/new_eufs_ws/install/eufs_msgs/include/eufs_msgs/eufs_msgs/msg/detail/cone_association_array__struct.hpp
-- Symlinking: /home/alr/Desktop/new_perception/new_eufs_ws/install/eufs_msgs/include/eufs_msgs/eufs_msgs/msg/detail/cone_association_array__traits.hpp
-- Symlinking: /home/alr/Desktop/new_perception/new_eufs_ws/install/eufs_msgs/include/eufs_msgs/eufs_msgs/msg/detail/cone_association_array__type_support.hpp
-- Symlinking: /home/alr/Desktop/new_perception/new_eufs_ws/install/eufs_msgs/include/eufs_msgs/eufs_msgs/msg/detail/cone_association_array_array_stamped__builder.hpp
-- Symlinking: /home/alr/Desktop/new_perception/new_eufs_ws/install/eufs_msgs/include/eufs_msgs/eufs_msgs/msg/detail/cone_association_array_array_stamped__struct.hpp
-- Symlinking: /home/alr/Desktop/new_perception/new_eufs_ws/install/eufs_msgs/include/eufs_msgs/eufs_msgs/msg/detail/cone_association_array_array_stamped__traits.hpp
-- Symlinking: /home/alr/Desktop/new_perception/new_eufs_ws/install/eufs_msgs/include/eufs_msgs/eufs_msgs/msg/detail/cone_association_array_array_stamped__type_support.hpp
-- Symlinking: /home/alr/Desktop/new_perception/new_eufs_ws/install/eufs_msgs/include/eufs_msgs/eufs_msgs/msg/detail/cone_association_array_stamped__builder.hpp
-- Symlinking: /home/alr/Desktop/new_perception/new_eufs_ws/install/eufs_msgs/include/eufs_msgs/eufs_msgs/msg/detail/cone_association_array_stamped__struct.hpp
-- Symlinking: /home/alr/Desktop/new_perception/new_eufs_ws/install/eufs_msgs/include/eufs_msgs/eufs_msgs/msg/detail/cone_association_array_stamped__traits.hpp
-- Symlinking: /home/alr/Desktop/new_perception/new_eufs_ws/install/eufs_msgs/include/eufs_msgs/eufs_msgs/msg/detail/cone_association_array_stamped__type_support.hpp
-- Symlinking: /home/alr/Desktop/new_perception/new_eufs_ws/install/eufs_msgs/include/eufs_msgs/eufs_msgs/msg/detail/cone_with_color_probability__builder.hpp
-- Symlinking: /home/alr/Desktop/new_perception/new_eufs_ws/install/eufs_msgs/include/eufs_msgs/eufs_msgs/msg/detail/cone_with_color_probability__struct.hpp
-- Symlinking: /home/alr/Desktop/new_perception/new_eufs_ws/install/eufs_msgs/include/eufs_msgs/eufs_msgs/msg/detail/cone_with_color_probability__traits.hpp
-- Symlinking: /home/alr/Desktop/new_perception/new_eufs_ws/install/eufs_msgs/include/eufs_msgs/eufs_msgs/msg/detail/cone_with_color_probability__type_support.hpp
-- Symlinking: /home/alr/Desktop/new_perception/new_eufs_ws/install/eufs_msgs/include/eufs_msgs/eufs_msgs/msg/detail/cone_with_color_probability_array__builder.hpp
-- Symlinking: /home/alr/Desktop/new_perception/new_eufs_ws/install/eufs_msgs/include/eufs_msgs/eufs_msgs/msg/detail/cone_with_color_probability_array__struct.hpp
-- Symlinking: /home/alr/Desktop/new_perception/new_eufs_ws/install/eufs_msgs/include/eufs_msgs/eufs_msgs/msg/detail/cone_with_color_probability_array__traits.hpp
-- Symlinking: /home/alr/Desktop/new_perception/new_eufs_ws/install/eufs_msgs/include/eufs_msgs/eufs_msgs/msg/detail/cone_with_color_probability_array__type_support.hpp
-- Symlinking: /home/alr/Desktop/new_perception/new_eufs_ws/install/eufs_msgs/include/eufs_msgs/eufs_msgs/msg/detail/cone_with_covariance__builder.hpp
-- Symlinking: /home/alr/Desktop/new_perception/new_eufs_ws/install/eufs_msgs/include/eufs_msgs/eufs_msgs/msg/detail/cone_with_covariance__struct.hpp
-- Symlinking: /home/alr/Desktop/new_perception/new_eufs_ws/install/eufs_msgs/include/eufs_msgs/eufs_msgs/msg/detail/cone_with_covariance__traits.hpp
-- Symlinking: /home/alr/Desktop/new_perception/new_eufs_ws/install/eufs_msgs/include/eufs_msgs/eufs_msgs/msg/detail/cone_with_covariance__type_support.hpp
-- Symlinking: /home/alr/Desktop/new_perception/new_eufs_ws/install/eufs_msgs/include/eufs_msgs/eufs_msgs/msg/detail/costmap__builder.hpp
-- Symlinking: /home/alr/Desktop/new_perception/new_eufs_ws/install/eufs_msgs/include/eufs_msgs/eufs_msgs/msg/detail/costmap__struct.hpp
-- Symlinking: /home/alr/Desktop/new_perception/new_eufs_ws/install/eufs_msgs/include/eufs_msgs/eufs_msgs/msg/detail/costmap__traits.hpp
-- Symlinking: /home/alr/Desktop/new_perception/new_eufs_ws/install/eufs_msgs/include/eufs_msgs/eufs_msgs/msg/detail/costmap__type_support.hpp
-- Symlinking: /home/alr/Desktop/new_perception/new_eufs_ws/install/eufs_msgs/include/eufs_msgs/eufs_msgs/msg/detail/cpu_status__builder.hpp
-- Symlinking: /home/alr/Desktop/new_perception/new_eufs_ws/install/eufs_msgs/include/eufs_msgs/eufs_msgs/msg/detail/cpu_status__struct.hpp
-- Symlinking: /home/alr/Desktop/new_perception/new_eufs_ws/install/eufs_msgs/include/eufs_msgs/eufs_msgs/msg/detail/cpu_status__traits.hpp
-- Symlinking: /home/alr/Desktop/new_perception/new_eufs_ws/install/eufs_msgs/include/eufs_msgs/eufs_msgs/msg/detail/cpu_status__type_support.hpp
-- Symlinking: /home/alr/Desktop/new_perception/new_eufs_ws/install/eufs_msgs/include/eufs_msgs/eufs_msgs/msg/detail/cpu_usage__builder.hpp
-- Symlinking: /home/alr/Desktop/new_perception/new_eufs_ws/install/eufs_msgs/include/eufs_msgs/eufs_msgs/msg/detail/cpu_usage__struct.hpp
-- Symlinking: /home/alr/Desktop/new_perception/new_eufs_ws/install/eufs_msgs/include/eufs_msgs/eufs_msgs/msg/detail/cpu_usage__traits.hpp
-- Symlinking: /home/alr/Desktop/new_perception/new_eufs_ws/install/eufs_msgs/include/eufs_msgs/eufs_msgs/msg/detail/cpu_usage__type_support.hpp
-- Symlinking: /home/alr/Desktop/new_perception/new_eufs_ws/install/eufs_msgs/include/eufs_msgs/eufs_msgs/msg/detail/ekf_err__builder.hpp
-- Symlinking: /home/alr/Desktop/new_perception/new_eufs_ws/install/eufs_msgs/include/eufs_msgs/eufs_msgs/msg/detail/ekf_err__struct.hpp
-- Symlinking: /home/alr/Desktop/new_perception/new_eufs_ws/install/eufs_msgs/include/eufs_msgs/eufs_msgs/msg/detail/ekf_err__traits.hpp
-- Symlinking: /home/alr/Desktop/new_perception/new_eufs_ws/install/eufs_msgs/include/eufs_msgs/eufs_msgs/msg/detail/ekf_err__type_support.hpp
-- Symlinking: /home/alr/Desktop/new_perception/new_eufs_ws/install/eufs_msgs/include/eufs_msgs/eufs_msgs/msg/detail/ekf_state__builder.hpp
-- Symlinking: /home/alr/Desktop/new_perception/new_eufs_ws/install/eufs_msgs/include/eufs_msgs/eufs_msgs/msg/detail/ekf_state__struct.hpp
-- Symlinking: /home/alr/Desktop/new_perception/new_eufs_ws/install/eufs_msgs/include/eufs_msgs/eufs_msgs/msg/detail/ekf_state__traits.hpp
-- Symlinking: /home/alr/Desktop/new_perception/new_eufs_ws/install/eufs_msgs/include/eufs_msgs/eufs_msgs/msg/detail/ekf_state__type_support.hpp
-- Symlinking: /home/alr/Desktop/new_perception/new_eufs_ws/install/eufs_msgs/include/eufs_msgs/eufs_msgs/msg/detail/full_state__builder.hpp
-- Symlinking: /home/alr/Desktop/new_perception/new_eufs_ws/install/eufs_msgs/include/eufs_msgs/eufs_msgs/msg/detail/full_state__struct.hpp
-- Symlinking: /home/alr/Desktop/new_perception/new_eufs_ws/install/eufs_msgs/include/eufs_msgs/eufs_msgs/msg/detail/full_state__traits.hpp
-- Symlinking: /home/alr/Desktop/new_perception/new_eufs_ws/install/eufs_msgs/include/eufs_msgs/eufs_msgs/msg/detail/full_state__type_support.hpp
-- Symlinking: /home/alr/Desktop/new_perception/new_eufs_ws/install/eufs_msgs/include/eufs_msgs/eufs_msgs/msg/detail/heartbeat__builder.hpp
-- Symlinking: /home/alr/Desktop/new_perception/new_eufs_ws/install/eufs_msgs/include/eufs_msgs/eufs_msgs/msg/detail/heartbeat__struct.hpp
-- Symlinking: /home/alr/Desktop/new_perception/new_eufs_ws/install/eufs_msgs/include/eufs_msgs/eufs_msgs/msg/detail/heartbeat__traits.hpp
-- Symlinking: /home/alr/Desktop/new_perception/new_eufs_ws/install/eufs_msgs/include/eufs_msgs/eufs_msgs/msg/detail/heartbeat__type_support.hpp
-- Symlinking: /home/alr/Desktop/new_perception/new_eufs_ws/install/eufs_msgs/include/eufs_msgs/eufs_msgs/msg/detail/integration_err__builder.hpp
-- Symlinking: /home/alr/Desktop/new_perception/new_eufs_ws/install/eufs_msgs/include/eufs_msgs/eufs_msgs/msg/detail/integration_err__struct.hpp
-- Symlinking: /home/alr/Desktop/new_perception/new_eufs_ws/install/eufs_msgs/include/eufs_msgs/eufs_msgs/msg/detail/integration_err__traits.hpp
-- Symlinking: /home/alr/Desktop/new_perception/new_eufs_ws/install/eufs_msgs/include/eufs_msgs/eufs_msgs/msg/detail/integration_err__type_support.hpp
-- Symlinking: /home/alr/Desktop/new_perception/new_eufs_ws/install/eufs_msgs/include/eufs_msgs/eufs_msgs/msg/detail/lap_stats__builder.hpp
-- Symlinking: /home/alr/Desktop/new_perception/new_eufs_ws/install/eufs_msgs/include/eufs_msgs/eufs_msgs/msg/detail/lap_stats__struct.hpp
-- Symlinking: /home/alr/Desktop/new_perception/new_eufs_ws/install/eufs_msgs/include/eufs_msgs/eufs_msgs/msg/detail/lap_stats__traits.hpp
-- Symlinking: /home/alr/Desktop/new_perception/new_eufs_ws/install/eufs_msgs/include/eufs_msgs/eufs_msgs/msg/detail/lap_stats__type_support.hpp
-- Symlinking: /home/alr/Desktop/new_perception/new_eufs_ws/install/eufs_msgs/include/eufs_msgs/eufs_msgs/msg/detail/mpc_state__builder.hpp
-- Symlinking: /home/alr/Desktop/new_perception/new_eufs_ws/install/eufs_msgs/include/eufs_msgs/eufs_msgs/msg/detail/mpc_state__struct.hpp
-- Symlinking: /home/alr/Desktop/new_perception/new_eufs_ws/install/eufs_msgs/include/eufs_msgs/eufs_msgs/msg/detail/mpc_state__traits.hpp
-- Symlinking: /home/alr/Desktop/new_perception/new_eufs_ws/install/eufs_msgs/include/eufs_msgs/eufs_msgs/msg/detail/mpc_state__type_support.hpp
-- Symlinking: /home/alr/Desktop/new_perception/new_eufs_ws/install/eufs_msgs/include/eufs_msgs/eufs_msgs/msg/detail/node_state__builder.hpp
-- Symlinking: /home/alr/Desktop/new_perception/new_eufs_ws/install/eufs_msgs/include/eufs_msgs/eufs_msgs/msg/detail/node_state__struct.hpp
-- Symlinking: /home/alr/Desktop/new_perception/new_eufs_ws/install/eufs_msgs/include/eufs_msgs/eufs_msgs/msg/detail/node_state__traits.hpp
-- Symlinking: /home/alr/Desktop/new_perception/new_eufs_ws/install/eufs_msgs/include/eufs_msgs/eufs_msgs/msg/detail/node_state__type_support.hpp
-- Symlinking: /home/alr/Desktop/new_perception/new_eufs_ws/install/eufs_msgs/include/eufs_msgs/eufs_msgs/msg/detail/node_state_array__builder.hpp
-- Symlinking: /home/alr/Desktop/new_perception/new_eufs_ws/install/eufs_msgs/include/eufs_msgs/eufs_msgs/msg/detail/node_state_array__struct.hpp
-- Symlinking: /home/alr/Desktop/new_perception/new_eufs_ws/install/eufs_msgs/include/eufs_msgs/eufs_msgs/msg/detail/node_state_array__traits.hpp
-- Symlinking: /home/alr/Desktop/new_perception/new_eufs_ws/install/eufs_msgs/include/eufs_msgs/eufs_msgs/msg/detail/node_state_array__type_support.hpp
-- Symlinking: /home/alr/Desktop/new_perception/new_eufs_ws/install/eufs_msgs/include/eufs_msgs/eufs_msgs/msg/detail/oss__builder.hpp
-- Symlinking: /home/alr/Desktop/new_perception/new_eufs_ws/install/eufs_msgs/include/eufs_msgs/eufs_msgs/msg/detail/oss__struct.hpp
-- Symlinking: /home/alr/Desktop/new_perception/new_eufs_ws/install/eufs_msgs/include/eufs_msgs/eufs_msgs/msg/detail/oss__traits.hpp
-- Symlinking: /home/alr/Desktop/new_perception/new_eufs_ws/install/eufs_msgs/include/eufs_msgs/eufs_msgs/msg/detail/oss__type_support.hpp
-- Symlinking: /home/alr/Desktop/new_perception/new_eufs_ws/install/eufs_msgs/include/eufs_msgs/eufs_msgs/msg/detail/particle__builder.hpp
-- Symlinking: /home/alr/Desktop/new_perception/new_eufs_ws/install/eufs_msgs/include/eufs_msgs/eufs_msgs/msg/detail/particle__struct.hpp
-- Symlinking: /home/alr/Desktop/new_perception/new_eufs_ws/install/eufs_msgs/include/eufs_msgs/eufs_msgs/msg/detail/particle__traits.hpp
-- Symlinking: /home/alr/Desktop/new_perception/new_eufs_ws/install/eufs_msgs/include/eufs_msgs/eufs_msgs/msg/detail/particle__type_support.hpp
-- Symlinking: /home/alr/Desktop/new_perception/new_eufs_ws/install/eufs_msgs/include/eufs_msgs/eufs_msgs/msg/detail/particle_slam__builder.hpp
-- Symlinking: /home/alr/Desktop/new_perception/new_eufs_ws/install/eufs_msgs/include/eufs_msgs/eufs_msgs/msg/detail/particle_slam__struct.hpp
-- Symlinking: /home/alr/Desktop/new_perception/new_eufs_ws/install/eufs_msgs/include/eufs_msgs/eufs_msgs/msg/detail/particle_slam__traits.hpp
-- Symlinking: /home/alr/Desktop/new_perception/new_eufs_ws/install/eufs_msgs/include/eufs_msgs/eufs_msgs/msg/detail/particle_slam__type_support.hpp
-- Symlinking: /home/alr/Desktop/new_perception/new_eufs_ws/install/eufs_msgs/include/eufs_msgs/eufs_msgs/msg/detail/particle_slam_stamped__builder.hpp
-- Symlinking: /home/alr/Desktop/new_perception/new_eufs_ws/install/eufs_msgs/include/eufs_msgs/eufs_msgs/msg/detail/particle_slam_stamped__struct.hpp
-- Symlinking: /home/alr/Desktop/new_perception/new_eufs_ws/install/eufs_msgs/include/eufs_msgs/eufs_msgs/msg/detail/particle_slam_stamped__traits.hpp
-- Symlinking: /home/alr/Desktop/new_perception/new_eufs_ws/install/eufs_msgs/include/eufs_msgs/eufs_msgs/msg/detail/particle_slam_stamped__type_support.hpp
-- Symlinking: /home/alr/Desktop/new_perception/new_eufs_ws/install/eufs_msgs/include/eufs_msgs/eufs_msgs/msg/detail/particle_stamped__builder.hpp
-- Symlinking: /home/alr/Desktop/new_perception/new_eufs_ws/install/eufs_msgs/include/eufs_msgs/eufs_msgs/msg/detail/particle_stamped__struct.hpp
-- Symlinking: /home/alr/Desktop/new_perception/new_eufs_ws/install/eufs_msgs/include/eufs_msgs/eufs_msgs/msg/detail/particle_stamped__traits.hpp
-- Symlinking: /home/alr/Desktop/new_perception/new_eufs_ws/install/eufs_msgs/include/eufs_msgs/eufs_msgs/msg/detail/particle_stamped__type_support.hpp
-- Symlinking: /home/alr/Desktop/new_perception/new_eufs_ws/install/eufs_msgs/include/eufs_msgs/eufs_msgs/msg/detail/path_integral_params__builder.hpp
-- Symlinking: /home/alr/Desktop/new_perception/new_eufs_ws/install/eufs_msgs/include/eufs_msgs/eufs_msgs/msg/detail/path_integral_params__struct.hpp
-- Symlinking: /home/alr/Desktop/new_perception/new_eufs_ws/install/eufs_msgs/include/eufs_msgs/eufs_msgs/msg/detail/path_integral_params__traits.hpp
-- Symlinking: /home/alr/Desktop/new_perception/new_eufs_ws/install/eufs_msgs/include/eufs_msgs/eufs_msgs/msg/detail/path_integral_params__type_support.hpp
-- Symlinking: /home/alr/Desktop/new_perception/new_eufs_ws/install/eufs_msgs/include/eufs_msgs/eufs_msgs/msg/detail/path_integral_stats__builder.hpp
-- Symlinking: /home/alr/Desktop/new_perception/new_eufs_ws/install/eufs_msgs/include/eufs_msgs/eufs_msgs/msg/detail/path_integral_stats__struct.hpp
-- Symlinking: /home/alr/Desktop/new_perception/new_eufs_ws/install/eufs_msgs/include/eufs_msgs/eufs_msgs/msg/detail/path_integral_stats__traits.hpp
-- Symlinking: /home/alr/Desktop/new_perception/new_eufs_ws/install/eufs_msgs/include/eufs_msgs/eufs_msgs/msg/detail/path_integral_stats__type_support.hpp
-- Symlinking: /home/alr/Desktop/new_perception/new_eufs_ws/install/eufs_msgs/include/eufs_msgs/eufs_msgs/msg/detail/path_integral_status__builder.hpp
-- Symlinking: /home/alr/Desktop/new_perception/new_eufs_ws/install/eufs_msgs/include/eufs_msgs/eufs_msgs/msg/detail/path_integral_status__struct.hpp
-- Symlinking: /home/alr/Desktop/new_perception/new_eufs_ws/install/eufs_msgs/include/eufs_msgs/eufs_msgs/msg/detail/path_integral_status__traits.hpp
-- Symlinking: /home/alr/Desktop/new_perception/new_eufs_ws/install/eufs_msgs/include/eufs_msgs/eufs_msgs/msg/detail/path_integral_status__type_support.hpp
-- Symlinking: /home/alr/Desktop/new_perception/new_eufs_ws/install/eufs_msgs/include/eufs_msgs/eufs_msgs/msg/detail/path_integral_timing__builder.hpp
-- Symlinking: /home/alr/Desktop/new_perception/new_eufs_ws/install/eufs_msgs/include/eufs_msgs/eufs_msgs/msg/detail/path_integral_timing__struct.hpp
-- Symlinking: /home/alr/Desktop/new_perception/new_eufs_ws/install/eufs_msgs/include/eufs_msgs/eufs_msgs/msg/detail/path_integral_timing__traits.hpp
-- Symlinking: /home/alr/Desktop/new_perception/new_eufs_ws/install/eufs_msgs/include/eufs_msgs/eufs_msgs/msg/detail/path_integral_timing__type_support.hpp
-- Symlinking: /home/alr/Desktop/new_perception/new_eufs_ws/install/eufs_msgs/include/eufs_msgs/eufs_msgs/msg/detail/planning_mode__builder.hpp
-- Symlinking: /home/alr/Desktop/new_perception/new_eufs_ws/install/eufs_msgs/include/eufs_msgs/eufs_msgs/msg/detail/planning_mode__struct.hpp
-- Symlinking: /home/alr/Desktop/new_perception/new_eufs_ws/install/eufs_msgs/include/eufs_msgs/eufs_msgs/msg/detail/planning_mode__traits.hpp
-- Symlinking: /home/alr/Desktop/new_perception/new_eufs_ws/install/eufs_msgs/include/eufs_msgs/eufs_msgs/msg/detail/planning_mode__type_support.hpp
-- Symlinking: /home/alr/Desktop/new_perception/new_eufs_ws/install/eufs_msgs/include/eufs_msgs/eufs_msgs/msg/detail/point_array__builder.hpp
-- Symlinking: /home/alr/Desktop/new_perception/new_eufs_ws/install/eufs_msgs/include/eufs_msgs/eufs_msgs/msg/detail/point_array__struct.hpp
-- Symlinking: /home/alr/Desktop/new_perception/new_eufs_ws/install/eufs_msgs/include/eufs_msgs/eufs_msgs/msg/detail/point_array__traits.hpp
-- Symlinking: /home/alr/Desktop/new_perception/new_eufs_ws/install/eufs_msgs/include/eufs_msgs/eufs_msgs/msg/detail/point_array__type_support.hpp
-- Symlinking: /home/alr/Desktop/new_perception/new_eufs_ws/install/eufs_msgs/include/eufs_msgs/eufs_msgs/msg/detail/point_array_stamped__builder.hpp
-- Symlinking: /home/alr/Desktop/new_perception/new_eufs_ws/install/eufs_msgs/include/eufs_msgs/eufs_msgs/msg/detail/point_array_stamped__struct.hpp
-- Symlinking: /home/alr/Desktop/new_perception/new_eufs_ws/install/eufs_msgs/include/eufs_msgs/eufs_msgs/msg/detail/point_array_stamped__traits.hpp
-- Symlinking: /home/alr/Desktop/new_perception/new_eufs_ws/install/eufs_msgs/include/eufs_msgs/eufs_msgs/msg/detail/point_array_stamped__type_support.hpp
-- Symlinking: /home/alr/Desktop/new_perception/new_eufs_ws/install/eufs_msgs/include/eufs_msgs/eufs_msgs/msg/detail/pure_pursuit_checkpoint__builder.hpp
-- Symlinking: /home/alr/Desktop/new_perception/new_eufs_ws/install/eufs_msgs/include/eufs_msgs/eufs_msgs/msg/detail/pure_pursuit_checkpoint__struct.hpp
-- Symlinking: /home/alr/Desktop/new_perception/new_eufs_ws/install/eufs_msgs/include/eufs_msgs/eufs_msgs/msg/detail/pure_pursuit_checkpoint__traits.hpp
-- Symlinking: /home/alr/Desktop/new_perception/new_eufs_ws/install/eufs_msgs/include/eufs_msgs/eufs_msgs/msg/detail/pure_pursuit_checkpoint__type_support.hpp
-- Symlinking: /home/alr/Desktop/new_perception/new_eufs_ws/install/eufs_msgs/include/eufs_msgs/eufs_msgs/msg/detail/pure_pursuit_checkpoint_array_stamped__builder.hpp
-- Symlinking: /home/alr/Desktop/new_perception/new_eufs_ws/install/eufs_msgs/include/eufs_msgs/eufs_msgs/msg/detail/pure_pursuit_checkpoint_array_stamped__struct.hpp
-- Symlinking: /home/alr/Desktop/new_perception/new_eufs_ws/install/eufs_msgs/include/eufs_msgs/eufs_msgs/msg/detail/pure_pursuit_checkpoint_array_stamped__traits.hpp
-- Symlinking: /home/alr/Desktop/new_perception/new_eufs_ws/install/eufs_msgs/include/eufs_msgs/eufs_msgs/msg/detail/pure_pursuit_checkpoint_array_stamped__type_support.hpp
-- Symlinking: /home/alr/Desktop/new_perception/new_eufs_ws/install/eufs_msgs/include/eufs_msgs/eufs_msgs/msg/detail/runstop__builder.hpp
-- Symlinking: /home/alr/Desktop/new_perception/new_eufs_ws/install/eufs_msgs/include/eufs_msgs/eufs_msgs/msg/detail/runstop__struct.hpp
-- Symlinking: /home/alr/Desktop/new_perception/new_eufs_ws/install/eufs_msgs/include/eufs_msgs/eufs_msgs/msg/detail/runstop__traits.hpp
-- Symlinking: /home/alr/Desktop/new_perception/new_eufs_ws/install/eufs_msgs/include/eufs_msgs/eufs_msgs/msg/detail/runstop__type_support.hpp
-- Symlinking: /home/alr/Desktop/new_perception/new_eufs_ws/install/eufs_msgs/include/eufs_msgs/eufs_msgs/msg/detail/slam_err__builder.hpp
-- Symlinking: /home/alr/Desktop/new_perception/new_eufs_ws/install/eufs_msgs/include/eufs_msgs/eufs_msgs/msg/detail/slam_err__struct.hpp
-- Symlinking: /home/alr/Desktop/new_perception/new_eufs_ws/install/eufs_msgs/include/eufs_msgs/eufs_msgs/msg/detail/slam_err__traits.hpp
-- Symlinking: /home/alr/Desktop/new_perception/new_eufs_ws/install/eufs_msgs/include/eufs_msgs/eufs_msgs/msg/detail/slam_err__type_support.hpp
-- Symlinking: /home/alr/Desktop/new_perception/new_eufs_ws/install/eufs_msgs/include/eufs_msgs/eufs_msgs/msg/detail/slam_state__builder.hpp
-- Symlinking: /home/alr/Desktop/new_perception/new_eufs_ws/install/eufs_msgs/include/eufs_msgs/eufs_msgs/msg/detail/slam_state__struct.hpp
-- Symlinking: /home/alr/Desktop/new_perception/new_eufs_ws/install/eufs_msgs/include/eufs_msgs/eufs_msgs/msg/detail/slam_state__traits.hpp
-- Symlinking: /home/alr/Desktop/new_perception/new_eufs_ws/install/eufs_msgs/include/eufs_msgs/eufs_msgs/msg/detail/slam_state__type_support.hpp
-- Symlinking: /home/alr/Desktop/new_perception/new_eufs_ws/install/eufs_msgs/include/eufs_msgs/eufs_msgs/msg/detail/state_machine_state__builder.hpp
-- Symlinking: /home/alr/Desktop/new_perception/new_eufs_ws/install/eufs_msgs/include/eufs_msgs/eufs_msgs/msg/detail/state_machine_state__struct.hpp
-- Symlinking: /home/alr/Desktop/new_perception/new_eufs_ws/install/eufs_msgs/include/eufs_msgs/eufs_msgs/msg/detail/state_machine_state__traits.hpp
-- Symlinking: /home/alr/Desktop/new_perception/new_eufs_ws/install/eufs_msgs/include/eufs_msgs/eufs_msgs/msg/detail/state_machine_state__type_support.hpp
-- Symlinking: /home/alr/Desktop/new_perception/new_eufs_ws/install/eufs_msgs/include/eufs_msgs/eufs_msgs/msg/detail/stereo_image__builder.hpp
-- Symlinking: /home/alr/Desktop/new_perception/new_eufs_ws/install/eufs_msgs/include/eufs_msgs/eufs_msgs/msg/detail/stereo_image__struct.hpp
-- Symlinking: /home/alr/Desktop/new_perception/new_eufs_ws/install/eufs_msgs/include/eufs_msgs/eufs_msgs/msg/detail/stereo_image__traits.hpp
-- Symlinking: /home/alr/Desktop/new_perception/new_eufs_ws/install/eufs_msgs/include/eufs_msgs/eufs_msgs/msg/detail/stereo_image__type_support.hpp
-- Symlinking: /home/alr/Desktop/new_perception/new_eufs_ws/install/eufs_msgs/include/eufs_msgs/eufs_msgs/msg/detail/system_status__builder.hpp
-- Symlinking: /home/alr/Desktop/new_perception/new_eufs_ws/install/eufs_msgs/include/eufs_msgs/eufs_msgs/msg/detail/system_status__struct.hpp
-- Symlinking: /home/alr/Desktop/new_perception/new_eufs_ws/install/eufs_msgs/include/eufs_msgs/eufs_msgs/msg/detail/system_status__traits.hpp
-- Symlinking: /home/alr/Desktop/new_perception/new_eufs_ws/install/eufs_msgs/include/eufs_msgs/eufs_msgs/msg/detail/system_status__type_support.hpp
-- Symlinking: /home/alr/Desktop/new_perception/new_eufs_ws/install/eufs_msgs/include/eufs_msgs/eufs_msgs/msg/detail/topic_status__builder.hpp
-- Symlinking: /home/alr/Desktop/new_perception/new_eufs_ws/install/eufs_msgs/include/eufs_msgs/eufs_msgs/msg/detail/topic_status__struct.hpp
-- Symlinking: /home/alr/Desktop/new_perception/new_eufs_ws/install/eufs_msgs/include/eufs_msgs/eufs_msgs/msg/detail/topic_status__traits.hpp
-- Symlinking: /home/alr/Desktop/new_perception/new_eufs_ws/install/eufs_msgs/include/eufs_msgs/eufs_msgs/msg/detail/topic_status__type_support.hpp
-- Symlinking: /home/alr/Desktop/new_perception/new_eufs_ws/install/eufs_msgs/include/eufs_msgs/eufs_msgs/msg/detail/vehicle_commands__builder.hpp
-- Symlinking: /home/alr/Desktop/new_perception/new_eufs_ws/install/eufs_msgs/include/eufs_msgs/eufs_msgs/msg/detail/vehicle_commands__struct.hpp
-- Symlinking: /home/alr/Desktop/new_perception/new_eufs_ws/install/eufs_msgs/include/eufs_msgs/eufs_msgs/msg/detail/vehicle_commands__traits.hpp
-- Symlinking: /home/alr/Desktop/new_perception/new_eufs_ws/install/eufs_msgs/include/eufs_msgs/eufs_msgs/msg/detail/vehicle_commands__type_support.hpp
-- Symlinking: /home/alr/Desktop/new_perception/new_eufs_ws/install/eufs_msgs/include/eufs_msgs/eufs_msgs/msg/detail/vehicle_commands_stamped__builder.hpp
-- Symlinking: /home/alr/Desktop/new_perception/new_eufs_ws/install/eufs_msgs/include/eufs_msgs/eufs_msgs/msg/detail/vehicle_commands_stamped__struct.hpp
-- Symlinking: /home/alr/Desktop/new_perception/new_eufs_ws/install/eufs_msgs/include/eufs_msgs/eufs_msgs/msg/detail/vehicle_commands_stamped__traits.hpp
-- Symlinking: /home/alr/Desktop/new_perception/new_eufs_ws/install/eufs_msgs/include/eufs_msgs/eufs_msgs/msg/detail/vehicle_commands_stamped__type_support.hpp
-- Symlinking: /home/alr/Desktop/new_perception/new_eufs_ws/install/eufs_msgs/include/eufs_msgs/eufs_msgs/msg/detail/waypoint__builder.hpp
-- Symlinking: /home/alr/Desktop/new_perception/new_eufs_ws/install/eufs_msgs/include/eufs_msgs/eufs_msgs/msg/detail/waypoint__struct.hpp
-- Symlinking: /home/alr/Desktop/new_perception/new_eufs_ws/install/eufs_msgs/include/eufs_msgs/eufs_msgs/msg/detail/waypoint__traits.hpp
-- Symlinking: /home/alr/Desktop/new_perception/new_eufs_ws/install/eufs_msgs/include/eufs_msgs/eufs_msgs/msg/detail/waypoint__type_support.hpp
-- Symlinking: /home/alr/Desktop/new_perception/new_eufs_ws/install/eufs_msgs/include/eufs_msgs/eufs_msgs/msg/detail/waypoint_array_stamped__builder.hpp
-- Symlinking: /home/alr/Desktop/new_perception/new_eufs_ws/install/eufs_msgs/include/eufs_msgs/eufs_msgs/msg/detail/waypoint_array_stamped__struct.hpp
-- Symlinking: /home/alr/Desktop/new_perception/new_eufs_ws/install/eufs_msgs/include/eufs_msgs/eufs_msgs/msg/detail/waypoint_array_stamped__traits.hpp
-- Symlinking: /home/alr/Desktop/new_perception/new_eufs_ws/install/eufs_msgs/include/eufs_msgs/eufs_msgs/msg/detail/waypoint_array_stamped__type_support.hpp
-- Symlinking: /home/alr/Desktop/new_perception/new_eufs_ws/install/eufs_msgs/include/eufs_msgs/eufs_msgs/msg/detail/wheel_odometry_err__builder.hpp
-- Symlinking: /home/alr/Desktop/new_perception/new_eufs_ws/install/eufs_msgs/include/eufs_msgs/eufs_msgs/msg/detail/wheel_odometry_err__struct.hpp
-- Symlinking: /home/alr/Desktop/new_perception/new_eufs_ws/install/eufs_msgs/include/eufs_msgs/eufs_msgs/msg/detail/wheel_odometry_err__traits.hpp
-- Symlinking: /home/alr/Desktop/new_perception/new_eufs_ws/install/eufs_msgs/include/eufs_msgs/eufs_msgs/msg/detail/wheel_odometry_err__type_support.hpp
-- Symlinking: /home/alr/Desktop/new_perception/new_eufs_ws/install/eufs_msgs/include/eufs_msgs/eufs_msgs/msg/detail/wheel_speeds__builder.hpp
-- Symlinking: /home/alr/Desktop/new_perception/new_eufs_ws/install/eufs_msgs/include/eufs_msgs/eufs_msgs/msg/detail/wheel_speeds__struct.hpp
-- Symlinking: /home/alr/Desktop/new_perception/new_eufs_ws/install/eufs_msgs/include/eufs_msgs/eufs_msgs/msg/detail/wheel_speeds__traits.hpp
-- Symlinking: /home/alr/Desktop/new_perception/new_eufs_ws/install/eufs_msgs/include/eufs_msgs/eufs_msgs/msg/detail/wheel_speeds__type_support.hpp
-- Symlinking: /home/alr/Desktop/new_perception/new_eufs_ws/install/eufs_msgs/include/eufs_msgs/eufs_msgs/msg/detail/wheel_speeds_stamped__builder.hpp
-- Symlinking: /home/alr/Desktop/new_perception/new_eufs_ws/install/eufs_msgs/include/eufs_msgs/eufs_msgs/msg/detail/wheel_speeds_stamped__struct.hpp
-- Symlinking: /home/alr/Desktop/new_perception/new_eufs_ws/install/eufs_msgs/include/eufs_msgs/eufs_msgs/msg/detail/wheel_speeds_stamped__traits.hpp
-- Symlinking: /home/alr/Desktop/new_perception/new_eufs_ws/install/eufs_msgs/include/eufs_msgs/eufs_msgs/msg/detail/wheel_speeds_stamped__type_support.hpp
-- Symlinking: /home/alr/Desktop/new_perception/new_eufs_ws/install/eufs_msgs/include/eufs_msgs/eufs_msgs/msg/ekf_err.hpp
-- Symlinking: /home/alr/Desktop/new_perception/new_eufs_ws/install/eufs_msgs/include/eufs_msgs/eufs_msgs/msg/ekf_state.hpp
-- Symlinking: /home/alr/Desktop/new_perception/new_eufs_ws/install/eufs_msgs/include/eufs_msgs/eufs_msgs/msg/full_state.hpp
-- Symlinking: /home/alr/Desktop/new_perception/new_eufs_ws/install/eufs_msgs/include/eufs_msgs/eufs_msgs/msg/heartbeat.hpp
-- Symlinking: /home/alr/Desktop/new_perception/new_eufs_ws/install/eufs_msgs/include/eufs_msgs/eufs_msgs/msg/integration_err.hpp
-- Symlinking: /home/alr/Desktop/new_perception/new_eufs_ws/install/eufs_msgs/include/eufs_msgs/eufs_msgs/msg/lap_stats.hpp
-- Symlinking: /home/alr/Desktop/new_perception/new_eufs_ws/install/eufs_msgs/include/eufs_msgs/eufs_msgs/msg/mpc_state.hpp
-- Symlinking: /home/alr/Desktop/new_perception/new_eufs_ws/install/eufs_msgs/include/eufs_msgs/eufs_msgs/msg/node_state.hpp
-- Symlinking: /home/alr/Desktop/new_perception/new_eufs_ws/install/eufs_msgs/include/eufs_msgs/eufs_msgs/msg/node_state_array.hpp
-- Symlinking: /home/alr/Desktop/new_perception/new_eufs_ws/install/eufs_msgs/include/eufs_msgs/eufs_msgs/msg/oss.hpp
-- Symlinking: /home/alr/Desktop/new_perception/new_eufs_ws/install/eufs_msgs/include/eufs_msgs/eufs_msgs/msg/particle.hpp
-- Symlinking: /home/alr/Desktop/new_perception/new_eufs_ws/install/eufs_msgs/include/eufs_msgs/eufs_msgs/msg/particle_slam.hpp
-- Symlinking: /home/alr/Desktop/new_perception/new_eufs_ws/install/eufs_msgs/include/eufs_msgs/eufs_msgs/msg/particle_slam_stamped.hpp
-- Symlinking: /home/alr/Desktop/new_perception/new_eufs_ws/install/eufs_msgs/include/eufs_msgs/eufs_msgs/msg/particle_stamped.hpp
-- Symlinking: /home/alr/Desktop/new_perception/new_eufs_ws/install/eufs_msgs/include/eufs_msgs/eufs_msgs/msg/path_integral_params.hpp
-- Symlinking: /home/alr/Desktop/new_perception/new_eufs_ws/install/eufs_msgs/include/eufs_msgs/eufs_msgs/msg/path_integral_stats.hpp
-- Symlinking: /home/alr/Desktop/new_perception/new_eufs_ws/install/eufs_msgs/include/eufs_msgs/eufs_msgs/msg/path_integral_status.hpp
-- Symlinking: /home/alr/Desktop/new_perception/new_eufs_ws/install/eufs_msgs/include/eufs_msgs/eufs_msgs/msg/path_integral_timing.hpp
-- Symlinking: /home/alr/Desktop/new_perception/new_eufs_ws/install/eufs_msgs/include/eufs_msgs/eufs_msgs/msg/planning_mode.hpp
-- Symlinking: /home/alr/Desktop/new_perception/new_eufs_ws/install/eufs_msgs/include/eufs_msgs/eufs_msgs/msg/point_array.hpp
-- Symlinking: /home/alr/Desktop/new_perception/new_eufs_ws/install/eufs_msgs/include/eufs_msgs/eufs_msgs/msg/point_array_stamped.hpp
-- Symlinking: /home/alr/Desktop/new_perception/new_eufs_ws/install/eufs_msgs/include/eufs_msgs/eufs_msgs/msg/pure_pursuit_checkpoint.hpp
-- Symlinking: /home/alr/Desktop/new_perception/new_eufs_ws/install/eufs_msgs/include/eufs_msgs/eufs_msgs/msg/pure_pursuit_checkpoint_array_stamped.hpp
-- Symlinking: /home/alr/Desktop/new_perception/new_eufs_ws/install/eufs_msgs/include/eufs_msgs/eufs_msgs/msg/rosidl_generator_cpp__visibility_control.hpp
-- Symlinking: /home/alr/Desktop/new_perception/new_eufs_ws/install/eufs_msgs/include/eufs_msgs/eufs_msgs/msg/runstop.hpp
-- Symlinking: /home/alr/Desktop/new_perception/new_eufs_ws/install/eufs_msgs/include/eufs_msgs/eufs_msgs/msg/slam_err.hpp
-- Symlinking: /home/alr/Desktop/new_perception/new_eufs_ws/install/eufs_msgs/include/eufs_msgs/eufs_msgs/msg/slam_state.hpp
-- Symlinking: /home/alr/Desktop/new_perception/new_eufs_ws/install/eufs_msgs/include/eufs_msgs/eufs_msgs/msg/state_machine_state.hpp
-- Symlinking: /home/alr/Desktop/new_perception/new_eufs_ws/install/eufs_msgs/include/eufs_msgs/eufs_msgs/msg/stereo_image.hpp
-- Symlinking: /home/alr/Desktop/new_perception/new_eufs_ws/install/eufs_msgs/include/eufs_msgs/eufs_msgs/msg/system_status.hpp
-- Symlinking: /home/alr/Desktop/new_perception/new_eufs_ws/install/eufs_msgs/include/eufs_msgs/eufs_msgs/msg/topic_status.hpp
-- Symlinking: /home/alr/Desktop/new_perception/new_eufs_ws/install/eufs_msgs/include/eufs_msgs/eufs_msgs/msg/vehicle_commands.hpp
-- Symlinking: /home/alr/Desktop/new_perception/new_eufs_ws/install/eufs_msgs/include/eufs_msgs/eufs_msgs/msg/vehicle_commands_stamped.hpp
-- Symlinking: /home/alr/Desktop/new_perception/new_eufs_ws/install/eufs_msgs/include/eufs_msgs/eufs_msgs/msg/waypoint.hpp
-- Symlinking: /home/alr/Desktop/new_perception/new_eufs_ws/install/eufs_msgs/include/eufs_msgs/eufs_msgs/msg/waypoint_array_stamped.hpp
-- Symlinking: /home/alr/Desktop/new_perception/new_eufs_ws/install/eufs_msgs/include/eufs_msgs/eufs_msgs/msg/wheel_odometry_err.hpp
-- Symlinking: /home/alr/Desktop/new_perception/new_eufs_ws/install/eufs_msgs/include/eufs_msgs/eufs_msgs/msg/wheel_speeds.hpp
-- Symlinking: /home/alr/Desktop/new_perception/new_eufs_ws/install/eufs_msgs/include/eufs_msgs/eufs_msgs/msg/wheel_speeds_stamped.hpp
-- Symlinking: /home/alr/Desktop/new_perception/new_eufs_ws/install/eufs_msgs/include/eufs_msgs/eufs_msgs/srv/detail/get_map__builder.hpp
-- Symlinking: /home/alr/Desktop/new_perception/new_eufs_ws/install/eufs_msgs/include/eufs_msgs/eufs_msgs/srv/detail/get_map__struct.hpp
-- Symlinking: /home/alr/Desktop/new_perception/new_eufs_ws/install/eufs_msgs/include/eufs_msgs/eufs_msgs/srv/detail/get_map__traits.hpp
-- Symlinking: /home/alr/Desktop/new_perception/new_eufs_ws/install/eufs_msgs/include/eufs_msgs/eufs_msgs/srv/detail/get_map__type_support.hpp
-- Symlinking: /home/alr/Desktop/new_perception/new_eufs_ws/install/eufs_msgs/include/eufs_msgs/eufs_msgs/srv/detail/record_start__builder.hpp
-- Symlinking: /home/alr/Desktop/new_perception/new_eufs_ws/install/eufs_msgs/include/eufs_msgs/eufs_msgs/srv/detail/record_start__struct.hpp
-- Symlinking: /home/alr/Desktop/new_perception/new_eufs_ws/install/eufs_msgs/include/eufs_msgs/eufs_msgs/srv/detail/record_start__traits.hpp
-- Symlinking: /home/alr/Desktop/new_perception/new_eufs_ws/install/eufs_msgs/include/eufs_msgs/eufs_msgs/srv/detail/record_start__type_support.hpp
-- Symlinking: /home/alr/Desktop/new_perception/new_eufs_ws/install/eufs_msgs/include/eufs_msgs/eufs_msgs/srv/detail/record_stop__builder.hpp
-- Symlinking: /home/alr/Desktop/new_perception/new_eufs_ws/install/eufs_msgs/include/eufs_msgs/eufs_msgs/srv/detail/record_stop__struct.hpp
-- Symlinking: /home/alr/Desktop/new_perception/new_eufs_ws/install/eufs_msgs/include/eufs_msgs/eufs_msgs/srv/detail/record_stop__traits.hpp
-- Symlinking: /home/alr/Desktop/new_perception/new_eufs_ws/install/eufs_msgs/include/eufs_msgs/eufs_msgs/srv/detail/record_stop__type_support.hpp
-- Symlinking: /home/alr/Desktop/new_perception/new_eufs_ws/install/eufs_msgs/include/eufs_msgs/eufs_msgs/srv/detail/register__builder.hpp
-- Symlinking: /home/alr/Desktop/new_perception/new_eufs_ws/install/eufs_msgs/include/eufs_msgs/eufs_msgs/srv/detail/register__struct.hpp
-- Symlinking: /home/alr/Desktop/new_perception/new_eufs_ws/install/eufs_msgs/include/eufs_msgs/eufs_msgs/srv/detail/register__traits.hpp
-- Symlinking: /home/alr/Desktop/new_perception/new_eufs_ws/install/eufs_msgs/include/eufs_msgs/eufs_msgs/srv/detail/register__type_support.hpp
-- Symlinking: /home/alr/Desktop/new_perception/new_eufs_ws/install/eufs_msgs/include/eufs_msgs/eufs_msgs/srv/detail/set_can_state__builder.hpp
-- Symlinking: /home/alr/Desktop/new_perception/new_eufs_ws/install/eufs_msgs/include/eufs_msgs/eufs_msgs/srv/detail/set_can_state__struct.hpp
-- Symlinking: /home/alr/Desktop/new_perception/new_eufs_ws/install/eufs_msgs/include/eufs_msgs/eufs_msgs/srv/detail/set_can_state__traits.hpp
-- Symlinking: /home/alr/Desktop/new_perception/new_eufs_ws/install/eufs_msgs/include/eufs_msgs/eufs_msgs/srv/detail/set_can_state__type_support.hpp
-- Symlinking: /home/alr/Desktop/new_perception/new_eufs_ws/install/eufs_msgs/include/eufs_msgs/eufs_msgs/srv/detail/set_mission__builder.hpp
-- Symlinking: /home/alr/Desktop/new_perception/new_eufs_ws/install/eufs_msgs/include/eufs_msgs/eufs_msgs/srv/detail/set_mission__struct.hpp
-- Symlinking: /home/alr/Desktop/new_perception/new_eufs_ws/install/eufs_msgs/include/eufs_msgs/eufs_msgs/srv/detail/set_mission__traits.hpp
-- Symlinking: /home/alr/Desktop/new_perception/new_eufs_ws/install/eufs_msgs/include/eufs_msgs/eufs_msgs/srv/detail/set_mission__type_support.hpp
-- Symlinking: /home/alr/Desktop/new_perception/new_eufs_ws/install/eufs_msgs/include/eufs_msgs/eufs_msgs/srv/detail/set_string__builder.hpp
-- Symlinking: /home/alr/Desktop/new_perception/new_eufs_ws/install/eufs_msgs/include/eufs_msgs/eufs_msgs/srv/detail/set_string__struct.hpp
-- Symlinking: /home/alr/Desktop/new_perception/new_eufs_ws/install/eufs_msgs/include/eufs_msgs/eufs_msgs/srv/detail/set_string__traits.hpp
-- Symlinking: /home/alr/Desktop/new_perception/new_eufs_ws/install/eufs_msgs/include/eufs_msgs/eufs_msgs/srv/detail/set_string__type_support.hpp
-- Symlinking: /home/alr/Desktop/new_perception/new_eufs_ws/install/eufs_msgs/include/eufs_msgs/eufs_msgs/srv/detail/set_track__builder.hpp
-- Symlinking: /home/alr/Desktop/new_perception/new_eufs_ws/install/eufs_msgs/include/eufs_msgs/eufs_msgs/srv/detail/set_track__struct.hpp
-- Symlinking: /home/alr/Desktop/new_perception/new_eufs_ws/install/eufs_msgs/include/eufs_msgs/eufs_msgs/srv/detail/set_track__traits.hpp
-- Symlinking: /home/alr/Desktop/new_perception/new_eufs_ws/install/eufs_msgs/include/eufs_msgs/eufs_msgs/srv/detail/set_track__type_support.hpp
-- Symlinking: /home/alr/Desktop/new_perception/new_eufs_ws/install/eufs_msgs/include/eufs_msgs/eufs_msgs/srv/get_map.hpp
-- Symlinking: /home/alr/Desktop/new_perception/new_eufs_ws/install/eufs_msgs/include/eufs_msgs/eufs_msgs/srv/record_start.hpp
-- Symlinking: /home/alr/Desktop/new_perception/new_eufs_ws/install/eufs_msgs/include/eufs_msgs/eufs_msgs/srv/record_stop.hpp
-- Symlinking: /home/alr/Desktop/new_perception/new_eufs_ws/install/eufs_msgs/include/eufs_msgs/eufs_msgs/srv/register.hpp
-- Symlinking: /home/alr/Desktop/new_perception/new_eufs_ws/install/eufs_msgs/include/eufs_msgs/eufs_msgs/srv/set_can_state.hpp
-- Symlinking: /home/alr/Desktop/new_perception/new_eufs_ws/install/eufs_msgs/include/eufs_msgs/eufs_msgs/srv/set_mission.hpp
-- Symlinking: /home/alr/Desktop/new_perception/new_eufs_ws/install/eufs_msgs/include/eufs_msgs/eufs_msgs/srv/set_string.hpp
-- Symlinking: /home/alr/Desktop/new_perception/new_eufs_ws/install/eufs_msgs/include/eufs_msgs/eufs_msgs/srv/set_track.hpp
-- Symlinking: /home/alr/Desktop/new_perception/new_eufs_ws/install/eufs_msgs/include/eufs_msgs/eufs_msgs/action/detail/check_for_objects__rosidl_typesupport_fastrtps_cpp.hpp
-- Symlinking: /home/alr/Desktop/new_perception/new_eufs_ws/install/eufs_msgs/include/eufs_msgs/eufs_msgs/msg/detail/bounding_box__rosidl_typesupport_fastrtps_cpp.hpp
-- Symlinking: /home/alr/Desktop/new_perception/new_eufs_ws/install/eufs_msgs/include/eufs_msgs/eufs_msgs/msg/detail/bounding_boxes__rosidl_typesupport_fastrtps_cpp.hpp
-- Symlinking: /home/alr/Desktop/new_perception/new_eufs_ws/install/eufs_msgs/include/eufs_msgs/eufs_msgs/msg/detail/can_state__rosidl_typesupport_fastrtps_cpp.hpp
-- Symlinking: /home/alr/Desktop/new_perception/new_eufs_ws/install/eufs_msgs/include/eufs_msgs/eufs_msgs/msg/detail/car_forces__rosidl_typesupport_fastrtps_cpp.hpp
-- Symlinking: /home/alr/Desktop/new_perception/new_eufs_ws/install/eufs_msgs/include/eufs_msgs/eufs_msgs/msg/detail/car_state__rosidl_typesupport_fastrtps_cpp.hpp
-- Symlinking: /home/alr/Desktop/new_perception/new_eufs_ws/install/eufs_msgs/include/eufs_msgs/eufs_msgs/msg/detail/chassis_command__rosidl_typesupport_fastrtps_cpp.hpp
-- Symlinking: /home/alr/Desktop/new_perception/new_eufs_ws/install/eufs_msgs/include/eufs_msgs/eufs_msgs/msg/detail/chassis_state__rosidl_typesupport_fastrtps_cpp.hpp
-- Symlinking: /home/alr/Desktop/new_perception/new_eufs_ws/install/eufs_msgs/include/eufs_msgs/eufs_msgs/msg/detail/cone_array__rosidl_typesupport_fastrtps_cpp.hpp
-- Symlinking: /home/alr/Desktop/new_perception/new_eufs_ws/install/eufs_msgs/include/eufs_msgs/eufs_msgs/msg/detail/cone_array_with_covariance__rosidl_typesupport_fastrtps_cpp.hpp
-- Symlinking: /home/alr/Desktop/new_perception/new_eufs_ws/install/eufs_msgs/include/eufs_msgs/eufs_msgs/msg/detail/cone_association__rosidl_typesupport_fastrtps_cpp.hpp
-- Symlinking: /home/alr/Desktop/new_perception/new_eufs_ws/install/eufs_msgs/include/eufs_msgs/eufs_msgs/msg/detail/cone_association_array__rosidl_typesupport_fastrtps_cpp.hpp
-- Symlinking: /home/alr/Desktop/new_perception/new_eufs_ws/install/eufs_msgs/include/eufs_msgs/eufs_msgs/msg/detail/cone_association_array_array_stamped__rosidl_typesupport_fastrtps_cpp.hpp
-- Symlinking: /home/alr/Desktop/new_perception/new_eufs_ws/install/eufs_msgs/include/eufs_msgs/eufs_msgs/msg/detail/cone_association_array_stamped__rosidl_typesupport_fastrtps_cpp.hpp
-- Symlinking: /home/alr/Desktop/new_perception/new_eufs_ws/install/eufs_msgs/include/eufs_msgs/eufs_msgs/msg/detail/cone_with_color_probability__rosidl_typesupport_fastrtps_cpp.hpp
-- Symlinking: /home/alr/Desktop/new_perception/new_eufs_ws/install/eufs_msgs/include/eufs_msgs/eufs_msgs/msg/detail/cone_with_color_probability_array__rosidl_typesupport_fastrtps_cpp.hpp
-- Symlinking: /home/alr/Desktop/new_perception/new_eufs_ws/install/eufs_msgs/include/eufs_msgs/eufs_msgs/msg/detail/cone_with_covariance__rosidl_typesupport_fastrtps_cpp.hpp
-- Symlinking: /home/alr/Desktop/new_perception/new_eufs_ws/install/eufs_msgs/include/eufs_msgs/eufs_msgs/msg/detail/costmap__rosidl_typesupport_fastrtps_cpp.hpp
-- Symlinking: /home/alr/Desktop/new_perception/new_eufs_ws/install/eufs_msgs/include/eufs_msgs/eufs_msgs/msg/detail/cpu_status__rosidl_typesupport_fastrtps_cpp.hpp
-- Symlinking: /home/alr/Desktop/new_perception/new_eufs_ws/install/eufs_msgs/include/eufs_msgs/eufs_msgs/msg/detail/cpu_usage__rosidl_typesupport_fastrtps_cpp.hpp
-- Symlinking: /home/alr/Desktop/new_perception/new_eufs_ws/install/eufs_msgs/include/eufs_msgs/eufs_msgs/msg/detail/ekf_err__rosidl_typesupport_fastrtps_cpp.hpp
-- Symlinking: /home/alr/Desktop/new_perception/new_eufs_ws/install/eufs_msgs/include/eufs_msgs/eufs_msgs/msg/detail/ekf_state__rosidl_typesupport_fastrtps_cpp.hpp
-- Symlinking: /home/alr/Desktop/new_perception/new_eufs_ws/install/eufs_msgs/include/eufs_msgs/eufs_msgs/msg/detail/full_state__rosidl_typesupport_fastrtps_cpp.hpp
-- Symlinking: /home/alr/Desktop/new_perception/new_eufs_ws/install/eufs_msgs/include/eufs_msgs/eufs_msgs/msg/detail/heartbeat__rosidl_typesupport_fastrtps_cpp.hpp
-- Symlinking: /home/alr/Desktop/new_perception/new_eufs_ws/install/eufs_msgs/include/eufs_msgs/eufs_msgs/msg/detail/integration_err__rosidl_typesupport_fastrtps_cpp.hpp
-- Symlinking: /home/alr/Desktop/new_perception/new_eufs_ws/install/eufs_msgs/include/eufs_msgs/eufs_msgs/msg/detail/lap_stats__rosidl_typesupport_fastrtps_cpp.hpp
-- Symlinking: /home/alr/Desktop/new_perception/new_eufs_ws/install/eufs_msgs/include/eufs_msgs/eufs_msgs/msg/detail/mpc_state__rosidl_typesupport_fastrtps_cpp.hpp
-- Symlinking: /home/alr/Desktop/new_perception/new_eufs_ws/install/eufs_msgs/include/eufs_msgs/eufs_msgs/msg/detail/node_state__rosidl_typesupport_fastrtps_cpp.hpp
-- Symlinking: /home/alr/Desktop/new_perception/new_eufs_ws/install/eufs_msgs/include/eufs_msgs/eufs_msgs/msg/detail/node_state_array__rosidl_typesupport_fastrtps_cpp.hpp
-- Symlinking: /home/alr/Desktop/new_perception/new_eufs_ws/install/eufs_msgs/include/eufs_msgs/eufs_msgs/msg/detail/oss__rosidl_typesupport_fastrtps_cpp.hpp
-- Symlinking: /home/alr/Desktop/new_perception/new_eufs_ws/install/eufs_msgs/include/eufs_msgs/eufs_msgs/msg/detail/particle__rosidl_typesupport_fastrtps_cpp.hpp
-- Symlinking: /home/alr/Desktop/new_perception/new_eufs_ws/install/eufs_msgs/include/eufs_msgs/eufs_msgs/msg/detail/particle_slam__rosidl_typesupport_fastrtps_cpp.hpp
-- Symlinking: /home/alr/Desktop/new_perception/new_eufs_ws/install/eufs_msgs/include/eufs_msgs/eufs_msgs/msg/detail/particle_slam_stamped__rosidl_typesupport_fastrtps_cpp.hpp
-- Symlinking: /home/alr/Desktop/new_perception/new_eufs_ws/install/eufs_msgs/include/eufs_msgs/eufs_msgs/msg/detail/particle_stamped__rosidl_typesupport_fastrtps_cpp.hpp
-- Symlinking: /home/alr/Desktop/new_perception/new_eufs_ws/install/eufs_msgs/include/eufs_msgs/eufs_msgs/msg/detail/path_integral_params__rosidl_typesupport_fastrtps_cpp.hpp
-- Symlinking: /home/alr/Desktop/new_perception/new_eufs_ws/install/eufs_msgs/include/eufs_msgs/eufs_msgs/msg/detail/path_integral_stats__rosidl_typesupport_fastrtps_cpp.hpp
-- Symlinking: /home/alr/Desktop/new_perception/new_eufs_ws/install/eufs_msgs/include/eufs_msgs/eufs_msgs/msg/detail/path_integral_status__rosidl_typesupport_fastrtps_cpp.hpp
-- Symlinking: /home/alr/Desktop/new_perception/new_eufs_ws/install/eufs_msgs/include/eufs_msgs/eufs_msgs/msg/detail/path_integral_timing__rosidl_typesupport_fastrtps_cpp.hpp
-- Symlinking: /home/alr/Desktop/new_perception/new_eufs_ws/install/eufs_msgs/include/eufs_msgs/eufs_msgs/msg/detail/planning_mode__rosidl_typesupport_fastrtps_cpp.hpp
-- Symlinking: /home/alr/Desktop/new_perception/new_eufs_ws/install/eufs_msgs/include/eufs_msgs/eufs_msgs/msg/detail/point_array__rosidl_typesupport_fastrtps_cpp.hpp
-- Symlinking: /home/alr/Desktop/new_perception/new_eufs_ws/install/eufs_msgs/include/eufs_msgs/eufs_msgs/msg/detail/point_array_stamped__rosidl_typesupport_fastrtps_cpp.hpp
-- Symlinking: /home/alr/Desktop/new_perception/new_eufs_ws/install/eufs_msgs/include/eufs_msgs/eufs_msgs/msg/detail/pure_pursuit_checkpoint__rosidl_typesupport_fastrtps_cpp.hpp
-- Symlinking: /home/alr/Desktop/new_perception/new_eufs_ws/install/eufs_msgs/include/eufs_msgs/eufs_msgs/msg/detail/pure_pursuit_checkpoint_array_stamped__rosidl_typesupport_fastrtps_cpp.hpp
-- Symlinking: /home/alr/Desktop/new_perception/new_eufs_ws/install/eufs_msgs/include/eufs_msgs/eufs_msgs/msg/detail/runstop__rosidl_typesupport_fastrtps_cpp.hpp
-- Symlinking: /home/alr/Desktop/new_perception/new_eufs_ws/install/eufs_msgs/include/eufs_msgs/eufs_msgs/msg/detail/slam_err__rosidl_typesupport_fastrtps_cpp.hpp
-- Symlinking: /home/alr/Desktop/new_perception/new_eufs_ws/install/eufs_msgs/include/eufs_msgs/eufs_msgs/msg/detail/slam_state__rosidl_typesupport_fastrtps_cpp.hpp
-- Symlinking: /home/alr/Desktop/new_perception/new_eufs_ws/install/eufs_msgs/include/eufs_msgs/eufs_msgs/msg/detail/state_machine_state__rosidl_typesupport_fastrtps_cpp.hpp
-- Symlinking: /home/alr/Desktop/new_perception/new_eufs_ws/install/eufs_msgs/include/eufs_msgs/eufs_msgs/msg/detail/stereo_image__rosidl_typesupport_fastrtps_cpp.hpp
-- Symlinking: /home/alr/Desktop/new_perception/new_eufs_ws/install/eufs_msgs/include/eufs_msgs/eufs_msgs/msg/detail/system_status__rosidl_typesupport_fastrtps_cpp.hpp
-- Symlinking: /home/alr/Desktop/new_perception/new_eufs_ws/install/eufs_msgs/include/eufs_msgs/eufs_msgs/msg/detail/topic_status__rosidl_typesupport_fastrtps_cpp.hpp
-- Symlinking: /home/alr/Desktop/new_perception/new_eufs_ws/install/eufs_msgs/include/eufs_msgs/eufs_msgs/msg/detail/vehicle_commands__rosidl_typesupport_fastrtps_cpp.hpp
-- Symlinking: /home/alr/Desktop/new_perception/new_eufs_ws/install/eufs_msgs/include/eufs_msgs/eufs_msgs/msg/detail/vehicle_commands_stamped__rosidl_typesupport_fastrtps_cpp.hpp
-- Symlinking: /home/alr/Desktop/new_perception/new_eufs_ws/install/eufs_msgs/include/eufs_msgs/eufs_msgs/msg/detail/waypoint__rosidl_typesupport_fastrtps_cpp.hpp
-- Symlinking: /home/alr/Desktop/new_perception/new_eufs_ws/install/eufs_msgs/include/eufs_msgs/eufs_msgs/msg/detail/waypoint_array_stamped__rosidl_typesupport_fastrtps_cpp.hpp
-- Symlinking: /home/alr/Desktop/new_perception/new_eufs_ws/install/eufs_msgs/include/eufs_msgs/eufs_msgs/msg/detail/wheel_odometry_err__rosidl_typesupport_fastrtps_cpp.hpp
-- Symlinking: /home/alr/Desktop/new_perception/new_eufs_ws/install/eufs_msgs/include/eufs_msgs/eufs_msgs/msg/detail/wheel_speeds__rosidl_typesupport_fastrtps_cpp.hpp
-- Symlinking: /home/alr/Desktop/new_perception/new_eufs_ws/install/eufs_msgs/include/eufs_msgs/eufs_msgs/msg/detail/wheel_speeds_stamped__rosidl_typesupport_fastrtps_cpp.hpp
-- Symlinking: /home/alr/Desktop/new_perception/new_eufs_ws/install/eufs_msgs/include/eufs_msgs/eufs_msgs/msg/rosidl_typesupport_fastrtps_cpp__visibility_control.h
-- Symlinking: /home/alr/Desktop/new_perception/new_eufs_ws/install/eufs_msgs/include/eufs_msgs/eufs_msgs/srv/detail/get_map__rosidl_typesupport_fastrtps_cpp.hpp
-- Symlinking: /home/alr/Desktop/new_perception/new_eufs_ws/install/eufs_msgs/include/eufs_msgs/eufs_msgs/srv/detail/record_start__rosidl_typesupport_fastrtps_cpp.hpp
-- Symlinking: /home/alr/Desktop/new_perception/new_eufs_ws/install/eufs_msgs/include/eufs_msgs/eufs_msgs/srv/detail/record_stop__rosidl_typesupport_fastrtps_cpp.hpp
-- Symlinking: /home/alr/Desktop/new_perception/new_eufs_ws/install/eufs_msgs/include/eufs_msgs/eufs_msgs/srv/detail/register__rosidl_typesupport_fastrtps_cpp.hpp
-- Symlinking: /home/alr/Desktop/new_perception/new_eufs_ws/install/eufs_msgs/include/eufs_msgs/eufs_msgs/srv/detail/set_can_state__rosidl_typesupport_fastrtps_cpp.hpp
-- Symlinking: /home/alr/Desktop/new_perception/new_eufs_ws/install/eufs_msgs/include/eufs_msgs/eufs_msgs/srv/detail/set_mission__rosidl_typesupport_fastrtps_cpp.hpp
-- Symlinking: /home/alr/Desktop/new_perception/new_eufs_ws/install/eufs_msgs/include/eufs_msgs/eufs_msgs/srv/detail/set_string__rosidl_typesupport_fastrtps_cpp.hpp
-- Symlinking: /home/alr/Desktop/new_perception/new_eufs_ws/install/eufs_msgs/include/eufs_msgs/eufs_msgs/srv/detail/set_track__rosidl_typesupport_fastrtps_cpp.hpp
-- Symlinking: /home/alr/Desktop/new_perception/new_eufs_ws/install/eufs_msgs/include/eufs_msgs/eufs_msgs/action/detail/check_for_objects__rosidl_typesupport_introspection_cpp.hpp
-- Symlinking: /home/alr/Desktop/new_perception/new_eufs_ws/install/eufs_msgs/include/eufs_msgs/eufs_msgs/msg/detail/bounding_box__rosidl_typesupport_introspection_cpp.hpp
-- Symlinking: /home/alr/Desktop/new_perception/new_eufs_ws/install/eufs_msgs/include/eufs_msgs/eufs_msgs/msg/detail/bounding_boxes__rosidl_typesupport_introspection_cpp.hpp
-- Symlinking: /home/alr/Desktop/new_perception/new_eufs_ws/install/eufs_msgs/include/eufs_msgs/eufs_msgs/msg/detail/can_state__rosidl_typesupport_introspection_cpp.hpp
-- Symlinking: /home/alr/Desktop/new_perception/new_eufs_ws/install/eufs_msgs/include/eufs_msgs/eufs_msgs/msg/detail/car_forces__rosidl_typesupport_introspection_cpp.hpp
-- Symlinking: /home/alr/Desktop/new_perception/new_eufs_ws/install/eufs_msgs/include/eufs_msgs/eufs_msgs/msg/detail/car_state__rosidl_typesupport_introspection_cpp.hpp
-- Symlinking: /home/alr/Desktop/new_perception/new_eufs_ws/install/eufs_msgs/include/eufs_msgs/eufs_msgs/msg/detail/chassis_command__rosidl_typesupport_introspection_cpp.hpp
-- Symlinking: /home/alr/Desktop/new_perception/new_eufs_ws/install/eufs_msgs/include/eufs_msgs/eufs_msgs/msg/detail/chassis_state__rosidl_typesupport_introspection_cpp.hpp
-- Symlinking: /home/alr/Desktop/new_perception/new_eufs_ws/install/eufs_msgs/include/eufs_msgs/eufs_msgs/msg/detail/cone_array__rosidl_typesupport_introspection_cpp.hpp
-- Symlinking: /home/alr/Desktop/new_perception/new_eufs_ws/install/eufs_msgs/include/eufs_msgs/eufs_msgs/msg/detail/cone_array_with_covariance__rosidl_typesupport_introspection_cpp.hpp
-- Symlinking: /home/alr/Desktop/new_perception/new_eufs_ws/install/eufs_msgs/include/eufs_msgs/eufs_msgs/msg/detail/cone_association__rosidl_typesupport_introspection_cpp.hpp
-- Symlinking: /home/alr/Desktop/new_perception/new_eufs_ws/install/eufs_msgs/include/eufs_msgs/eufs_msgs/msg/detail/cone_association_array__rosidl_typesupport_introspection_cpp.hpp
-- Symlinking: /home/alr/Desktop/new_perception/new_eufs_ws/install/eufs_msgs/include/eufs_msgs/eufs_msgs/msg/detail/cone_association_array_array_stamped__rosidl_typesupport_introspection_cpp.hpp
-- Symlinking: /home/alr/Desktop/new_perception/new_eufs_ws/install/eufs_msgs/include/eufs_msgs/eufs_msgs/msg/detail/cone_association_array_stamped__rosidl_typesupport_introspection_cpp.hpp
-- Symlinking: /home/alr/Desktop/new_perception/new_eufs_ws/install/eufs_msgs/include/eufs_msgs/eufs_msgs/msg/detail/cone_with_color_probability__rosidl_typesupport_introspection_cpp.hpp
-- Symlinking: /home/alr/Desktop/new_perception/new_eufs_ws/install/eufs_msgs/include/eufs_msgs/eufs_msgs/msg/detail/cone_with_color_probability_array__rosidl_typesupport_introspection_cpp.hpp
-- Symlinking: /home/alr/Desktop/new_perception/new_eufs_ws/install/eufs_msgs/include/eufs_msgs/eufs_msgs/msg/detail/cone_with_covariance__rosidl_typesupport_introspection_cpp.hpp
-- Symlinking: /home/alr/Desktop/new_perception/new_eufs_ws/install/eufs_msgs/include/eufs_msgs/eufs_msgs/msg/detail/costmap__rosidl_typesupport_introspection_cpp.hpp
-- Symlinking: /home/alr/Desktop/new_perception/new_eufs_ws/install/eufs_msgs/include/eufs_msgs/eufs_msgs/msg/detail/cpu_status__rosidl_typesupport_introspection_cpp.hpp
-- Symlinking: /home/alr/Desktop/new_perception/new_eufs_ws/install/eufs_msgs/include/eufs_msgs/eufs_msgs/msg/detail/cpu_usage__rosidl_typesupport_introspection_cpp.hpp
-- Symlinking: /home/alr/Desktop/new_perception/new_eufs_ws/install/eufs_msgs/include/eufs_msgs/eufs_msgs/msg/detail/ekf_err__rosidl_typesupport_introspection_cpp.hpp
-- Symlinking: /home/alr/Desktop/new_perception/new_eufs_ws/install/eufs_msgs/include/eufs_msgs/eufs_msgs/msg/detail/ekf_state__rosidl_typesupport_introspection_cpp.hpp
-- Symlinking: /home/alr/Desktop/new_perception/new_eufs_ws/install/eufs_msgs/include/eufs_msgs/eufs_msgs/msg/detail/full_state__rosidl_typesupport_introspection_cpp.hpp
-- Symlinking: /home/alr/Desktop/new_perception/new_eufs_ws/install/eufs_msgs/include/eufs_msgs/eufs_msgs/msg/detail/heartbeat__rosidl_typesupport_introspection_cpp.hpp
-- Symlinking: /home/alr/Desktop/new_perception/new_eufs_ws/install/eufs_msgs/include/eufs_msgs/eufs_msgs/msg/detail/integration_err__rosidl_typesupport_introspection_cpp.hpp
-- Symlinking: /home/alr/Desktop/new_perception/new_eufs_ws/install/eufs_msgs/include/eufs_msgs/eufs_msgs/msg/detail/lap_stats__rosidl_typesupport_introspection_cpp.hpp
-- Symlinking: /home/alr/Desktop/new_perception/new_eufs_ws/install/eufs_msgs/include/eufs_msgs/eufs_msgs/msg/detail/mpc_state__rosidl_typesupport_introspection_cpp.hpp
-- Symlinking: /home/alr/Desktop/new_perception/new_eufs_ws/install/eufs_msgs/include/eufs_msgs/eufs_msgs/msg/detail/node_state__rosidl_typesupport_introspection_cpp.hpp
-- Symlinking: /home/alr/Desktop/new_perception/new_eufs_ws/install/eufs_msgs/include/eufs_msgs/eufs_msgs/msg/detail/node_state_array__rosidl_typesupport_introspection_cpp.hpp
-- Symlinking: /home/alr/Desktop/new_perception/new_eufs_ws/install/eufs_msgs/include/eufs_msgs/eufs_msgs/msg/detail/oss__rosidl_typesupport_introspection_cpp.hpp
-- Symlinking: /home/alr/Desktop/new_perception/new_eufs_ws/install/eufs_msgs/include/eufs_msgs/eufs_msgs/msg/detail/particle__rosidl_typesupport_introspection_cpp.hpp
-- Symlinking: /home/alr/Desktop/new_perception/new_eufs_ws/install/eufs_msgs/include/eufs_msgs/eufs_msgs/msg/detail/particle_slam__rosidl_typesupport_introspection_cpp.hpp
-- Symlinking: /home/alr/Desktop/new_perception/new_eufs_ws/install/eufs_msgs/include/eufs_msgs/eufs_msgs/msg/detail/particle_slam_stamped__rosidl_typesupport_introspection_cpp.hpp
-- Symlinking: /home/alr/Desktop/new_perception/new_eufs_ws/install/eufs_msgs/include/eufs_msgs/eufs_msgs/msg/detail/particle_stamped__rosidl_typesupport_introspection_cpp.hpp
-- Symlinking: /home/alr/Desktop/new_perception/new_eufs_ws/install/eufs_msgs/include/eufs_msgs/eufs_msgs/msg/detail/path_integral_params__rosidl_typesupport_introspection_cpp.hpp
-- Symlinking: /home/alr/Desktop/new_perception/new_eufs_ws/install/eufs_msgs/include/eufs_msgs/eufs_msgs/msg/detail/path_integral_stats__rosidl_typesupport_introspection_cpp.hpp
-- Symlinking: /home/alr/Desktop/new_perception/new_eufs_ws/install/eufs_msgs/include/eufs_msgs/eufs_msgs/msg/detail/path_integral_status__rosidl_typesupport_introspection_cpp.hpp
-- Symlinking: /home/alr/Desktop/new_perception/new_eufs_ws/install/eufs_msgs/include/eufs_msgs/eufs_msgs/msg/detail/path_integral_timing__rosidl_typesupport_introspection_cpp.hpp
-- Symlinking: /home/alr/Desktop/new_perception/new_eufs_ws/install/eufs_msgs/include/eufs_msgs/eufs_msgs/msg/detail/planning_mode__rosidl_typesupport_introspection_cpp.hpp
-- Symlinking: /home/alr/Desktop/new_perception/new_eufs_ws/install/eufs_msgs/include/eufs_msgs/eufs_msgs/msg/detail/point_array__rosidl_typesupport_introspection_cpp.hpp
-- Symlinking: /home/alr/Desktop/new_perception/new_eufs_ws/install/eufs_msgs/include/eufs_msgs/eufs_msgs/msg/detail/point_array_stamped__rosidl_typesupport_introspection_cpp.hpp
-- Symlinking: /home/alr/Desktop/new_perception/new_eufs_ws/install/eufs_msgs/include/eufs_msgs/eufs_msgs/msg/detail/pure_pursuit_checkpoint__rosidl_typesupport_introspection_cpp.hpp
-- Symlinking: /home/alr/Desktop/new_perception/new_eufs_ws/install/eufs_msgs/include/eufs_msgs/eufs_msgs/msg/detail/pure_pursuit_checkpoint_array_stamped__rosidl_typesupport_introspection_cpp.hpp
-- Symlinking: /home/alr/Desktop/new_perception/new_eufs_ws/install/eufs_msgs/include/eufs_msgs/eufs_msgs/msg/detail/runstop__rosidl_typesupport_introspection_cpp.hpp
-- Symlinking: /home/alr/Desktop/new_perception/new_eufs_ws/install/eufs_msgs/include/eufs_msgs/eufs_msgs/msg/detail/slam_err__rosidl_typesupport_introspection_cpp.hpp
-- Symlinking: /home/alr/Desktop/new_perception/new_eufs_ws/install/eufs_msgs/include/eufs_msgs/eufs_msgs/msg/detail/slam_state__rosidl_typesupport_introspection_cpp.hpp
-- Symlinking: /home/alr/Desktop/new_perception/new_eufs_ws/install/eufs_msgs/include/eufs_msgs/eufs_msgs/msg/detail/state_machine_state__rosidl_typesupport_introspection_cpp.hpp
-- Symlinking: /home/alr/Desktop/new_perception/new_eufs_ws/install/eufs_msgs/include/eufs_msgs/eufs_msgs/msg/detail/stereo_image__rosidl_typesupport_introspection_cpp.hpp
-- Symlinking: /home/alr/Desktop/new_perception/new_eufs_ws/install/eufs_msgs/include/eufs_msgs/eufs_msgs/msg/detail/system_status__rosidl_typesupport_introspection_cpp.hpp
-- Symlinking: /home/alr/Desktop/new_perception/new_eufs_ws/install/eufs_msgs/include/eufs_msgs/eufs_msgs/msg/detail/topic_status__rosidl_typesupport_introspection_cpp.hpp
-- Symlinking: /home/alr/Desktop/new_perception/new_eufs_ws/install/eufs_msgs/include/eufs_msgs/eufs_msgs/msg/detail/vehicle_commands__rosidl_typesupport_introspection_cpp.hpp
-- Symlinking: /home/alr/Desktop/new_perception/new_eufs_ws/install/eufs_msgs/include/eufs_msgs/eufs_msgs/msg/detail/vehicle_commands_stamped__rosidl_typesupport_introspection_cpp.hpp
-- Symlinking: /home/alr/Desktop/new_perception/new_eufs_ws/install/eufs_msgs/include/eufs_msgs/eufs_msgs/msg/detail/waypoint__rosidl_typesupport_introspection_cpp.hpp
-- Symlinking: /home/alr/Desktop/new_perception/new_eufs_ws/install/eufs_msgs/include/eufs_msgs/eufs_msgs/msg/detail/waypoint_array_stamped__rosidl_typesupport_introspection_cpp.hpp
-- Symlinking: /home/alr/Desktop/new_perception/new_eufs_ws/install/eufs_msgs/include/eufs_msgs/eufs_msgs/msg/detail/wheel_odometry_err__rosidl_typesupport_introspection_cpp.hpp
-- Symlinking: /home/alr/Desktop/new_perception/new_eufs_ws/install/eufs_msgs/include/eufs_msgs/eufs_msgs/msg/detail/wheel_speeds__rosidl_typesupport_introspection_cpp.hpp
-- Symlinking: /home/alr/Desktop/new_perception/new_eufs_ws/install/eufs_msgs/include/eufs_msgs/eufs_msgs/msg/detail/wheel_speeds_stamped__rosidl_typesupport_introspection_cpp.hpp
-- Symlinking: /home/alr/Desktop/new_perception/new_eufs_ws/install/eufs_msgs/include/eufs_msgs/eufs_msgs/srv/detail/get_map__rosidl_typesupport_introspection_cpp.hpp
-- Symlinking: /home/alr/Desktop/new_perception/new_eufs_ws/install/eufs_msgs/include/eufs_msgs/eufs_msgs/srv/detail/record_start__rosidl_typesupport_introspection_cpp.hpp
-- Symlinking: /home/alr/Desktop/new_perception/new_eufs_ws/install/eufs_msgs/include/eufs_msgs/eufs_msgs/srv/detail/record_stop__rosidl_typesupport_introspection_cpp.hpp
-- Symlinking: /home/alr/Desktop/new_perception/new_eufs_ws/install/eufs_msgs/include/eufs_msgs/eufs_msgs/srv/detail/register__rosidl_typesupport_introspection_cpp.hpp
-- Symlinking: /home/alr/Desktop/new_perception/new_eufs_ws/install/eufs_msgs/include/eufs_msgs/eufs_msgs/srv/detail/set_can_state__rosidl_typesupport_introspection_cpp.hpp
-- Symlinking: /home/alr/Desktop/new_perception/new_eufs_ws/install/eufs_msgs/include/eufs_msgs/eufs_msgs/srv/detail/set_mission__rosidl_typesupport_introspection_cpp.hpp
-- Symlinking: /home/alr/Desktop/new_perception/new_eufs_ws/install/eufs_msgs/include/eufs_msgs/eufs_msgs/srv/detail/set_string__rosidl_typesupport_introspection_cpp.hpp
-- Symlinking: /home/alr/Desktop/new_perception/new_eufs_ws/install/eufs_msgs/include/eufs_msgs/eufs_msgs/srv/detail/set_track__rosidl_typesupport_introspection_cpp.hpp
-- Symlinking: /home/alr/Desktop/new_perception/new_eufs_ws/install/eufs_msgs/share/eufs_msgs/environment/pythonpath.sh
-- Symlinking: /home/alr/Desktop/new_perception/new_eufs_ws/install/eufs_msgs/share/eufs_msgs/environment/pythonpath.dsv
-- Symlinking: /home/alr/Desktop/new_perception/new_eufs_ws/install/eufs_msgs/local/lib/python3.10/dist-packages/eufs_msgs-2.0.0-py3.10.egg-info/PKG-INFO
-- Symlinking: /home/alr/Desktop/new_perception/new_eufs_ws/install/eufs_msgs/local/lib/python3.10/dist-packages/eufs_msgs-2.0.0-py3.10.egg-info/SOURCES.txt
-- Symlinking: /home/alr/Desktop/new_perception/new_eufs_ws/install/eufs_msgs/local/lib/python3.10/dist-packages/eufs_msgs-2.0.0-py3.10.egg-info/dependency_links.txt
-- Symlinking: /home/alr/Desktop/new_perception/new_eufs_ws/install/eufs_msgs/local/lib/python3.10/dist-packages/eufs_msgs-2.0.0-py3.10.egg-info/top_level.txt
-- Symlinking: /home/alr/Desktop/new_perception/new_eufs_ws/install/eufs_msgs/local/lib/python3.10/dist-packages/eufs_msgs/__init__.py
-- Symlinking: /home/alr/Desktop/new_perception/new_eufs_ws/install/eufs_msgs/local/lib/python3.10/dist-packages/eufs_msgs/_eufs_msgs_s.ep.rosidl_typesupport_c.c
-- Symlinking: /home/alr/Desktop/new_perception/new_eufs_ws/install/eufs_msgs/local/lib/python3.10/dist-packages/eufs_msgs/_eufs_msgs_s.ep.rosidl_typesupport_fastrtps_c.c
-- Symlinking: /home/alr/Desktop/new_perception/new_eufs_ws/install/eufs_msgs/local/lib/python3.10/dist-packages/eufs_msgs/_eufs_msgs_s.ep.rosidl_typesupport_introspection_c.c
-- Symlinking: /home/alr/Desktop/new_perception/new_eufs_ws/install/eufs_msgs/local/lib/python3.10/dist-packages/eufs_msgs/action/__init__.py
-- Symlinking: /home/alr/Desktop/new_perception/new_eufs_ws/install/eufs_msgs/local/lib/python3.10/dist-packages/eufs_msgs/action/_check_for_objects.py
-- Symlinking: /home/alr/Desktop/new_perception/new_eufs_ws/install/eufs_msgs/local/lib/python3.10/dist-packages/eufs_msgs/action/_check_for_objects_s.c
-- Symlinking: /home/alr/Desktop/new_perception/new_eufs_ws/install/eufs_msgs/local/lib/python3.10/dist-packages/eufs_msgs/eufs_msgs_s__rosidl_typesupport_c.cpython-310-x86_64-linux-gnu.so
-- Symlinking: /home/alr/Desktop/new_perception/new_eufs_ws/install/eufs_msgs/local/lib/python3.10/dist-packages/eufs_msgs/eufs_msgs_s__rosidl_typesupport_fastrtps_c.cpython-310-x86_64-linux-gnu.so
-- Symlinking: /home/alr/Desktop/new_perception/new_eufs_ws/install/eufs_msgs/local/lib/python3.10/dist-packages/eufs_msgs/eufs_msgs_s__rosidl_typesupport_introspection_c.cpython-310-x86_64-linux-gnu.so
-- Symlinking: /home/alr/Desktop/new_perception/new_eufs_ws/install/eufs_msgs/local/lib/python3.10/dist-packages/eufs_msgs/libeufs_msgs__rosidl_generator_py.so
-- Symlinking: /home/alr/Desktop/new_perception/new_eufs_ws/install/eufs_msgs/local/lib/python3.10/dist-packages/eufs_msgs/msg/__init__.py
-- Symlinking: /home/alr/Desktop/new_perception/new_eufs_ws/install/eufs_msgs/local/lib/python3.10/dist-packages/eufs_msgs/msg/_bounding_box.py
-- Symlinking: /home/alr/Desktop/new_perception/new_eufs_ws/install/eufs_msgs/local/lib/python3.10/dist-packages/eufs_msgs/msg/_bounding_box_s.c
-- Symlinking: /home/alr/Desktop/new_perception/new_eufs_ws/install/eufs_msgs/local/lib/python3.10/dist-packages/eufs_msgs/msg/_bounding_boxes.py
-- Symlinking: /home/alr/Desktop/new_perception/new_eufs_ws/install/eufs_msgs/local/lib/python3.10/dist-packages/eufs_msgs/msg/_bounding_boxes_s.c
-- Symlinking: /home/alr/Desktop/new_perception/new_eufs_ws/install/eufs_msgs/local/lib/python3.10/dist-packages/eufs_msgs/msg/_can_state.py
-- Symlinking: /home/alr/Desktop/new_perception/new_eufs_ws/install/eufs_msgs/local/lib/python3.10/dist-packages/eufs_msgs/msg/_can_state_s.c
-- Symlinking: /home/alr/Desktop/new_perception/new_eufs_ws/install/eufs_msgs/local/lib/python3.10/dist-packages/eufs_msgs/msg/_car_forces.py
-- Symlinking: /home/alr/Desktop/new_perception/new_eufs_ws/install/eufs_msgs/local/lib/python3.10/dist-packages/eufs_msgs/msg/_car_forces_s.c
-- Symlinking: /home/alr/Desktop/new_perception/new_eufs_ws/install/eufs_msgs/local/lib/python3.10/dist-packages/eufs_msgs/msg/_car_state.py
-- Symlinking: /home/alr/Desktop/new_perception/new_eufs_ws/install/eufs_msgs/local/lib/python3.10/dist-packages/eufs_msgs/msg/_car_state_s.c
-- Symlinking: /home/alr/Desktop/new_perception/new_eufs_ws/install/eufs_msgs/local/lib/python3.10/dist-packages/eufs_msgs/msg/_chassis_command.py
-- Symlinking: /home/alr/Desktop/new_perception/new_eufs_ws/install/eufs_msgs/local/lib/python3.10/dist-packages/eufs_msgs/msg/_chassis_command_s.c
-- Symlinking: /home/alr/Desktop/new_perception/new_eufs_ws/install/eufs_msgs/local/lib/python3.10/dist-packages/eufs_msgs/msg/_chassis_state.py
-- Symlinking: /home/alr/Desktop/new_perception/new_eufs_ws/install/eufs_msgs/local/lib/python3.10/dist-packages/eufs_msgs/msg/_chassis_state_s.c
-- Symlinking: /home/alr/Desktop/new_perception/new_eufs_ws/install/eufs_msgs/local/lib/python3.10/dist-packages/eufs_msgs/msg/_cone_array.py
-- Symlinking: /home/alr/Desktop/new_perception/new_eufs_ws/install/eufs_msgs/local/lib/python3.10/dist-packages/eufs_msgs/msg/_cone_array_s.c
-- Symlinking: /home/alr/Desktop/new_perception/new_eufs_ws/install/eufs_msgs/local/lib/python3.10/dist-packages/eufs_msgs/msg/_cone_array_with_covariance.py
-- Symlinking: /home/alr/Desktop/new_perception/new_eufs_ws/install/eufs_msgs/local/lib/python3.10/dist-packages/eufs_msgs/msg/_cone_array_with_covariance_s.c
-- Symlinking: /home/alr/Desktop/new_perception/new_eufs_ws/install/eufs_msgs/local/lib/python3.10/dist-packages/eufs_msgs/msg/_cone_association.py
-- Symlinking: /home/alr/Desktop/new_perception/new_eufs_ws/install/eufs_msgs/local/lib/python3.10/dist-packages/eufs_msgs/msg/_cone_association_array.py
-- Symlinking: /home/alr/Desktop/new_perception/new_eufs_ws/install/eufs_msgs/local/lib/python3.10/dist-packages/eufs_msgs/msg/_cone_association_array_array_stamped.py
-- Symlinking: /home/alr/Desktop/new_perception/new_eufs_ws/install/eufs_msgs/local/lib/python3.10/dist-packages/eufs_msgs/msg/_cone_association_array_array_stamped_s.c
-- Symlinking: /home/alr/Desktop/new_perception/new_eufs_ws/install/eufs_msgs/local/lib/python3.10/dist-packages/eufs_msgs/msg/_cone_association_array_s.c
-- Symlinking: /home/alr/Desktop/new_perception/new_eufs_ws/install/eufs_msgs/local/lib/python3.10/dist-packages/eufs_msgs/msg/_cone_association_array_stamped.py
-- Symlinking: /home/alr/Desktop/new_perception/new_eufs_ws/install/eufs_msgs/local/lib/python3.10/dist-packages/eufs_msgs/msg/_cone_association_array_stamped_s.c
-- Symlinking: /home/alr/Desktop/new_perception/new_eufs_ws/install/eufs_msgs/local/lib/python3.10/dist-packages/eufs_msgs/msg/_cone_association_s.c
-- Symlinking: /home/alr/Desktop/new_perception/new_eufs_ws/install/eufs_msgs/local/lib/python3.10/dist-packages/eufs_msgs/msg/_cone_with_color_probability.py
-- Symlinking: /home/alr/Desktop/new_perception/new_eufs_ws/install/eufs_msgs/local/lib/python3.10/dist-packages/eufs_msgs/msg/_cone_with_color_probability_array.py
-- Symlinking: /home/alr/Desktop/new_perception/new_eufs_ws/install/eufs_msgs/local/lib/python3.10/dist-packages/eufs_msgs/msg/_cone_with_color_probability_array_s.c
-- Symlinking: /home/alr/Desktop/new_perception/new_eufs_ws/install/eufs_msgs/local/lib/python3.10/dist-packages/eufs_msgs/msg/_cone_with_color_probability_s.c
-- Symlinking: /home/alr/Desktop/new_perception/new_eufs_ws/install/eufs_msgs/local/lib/python3.10/dist-packages/eufs_msgs/msg/_cone_with_covariance.py
-- Symlinking: /home/alr/Desktop/new_perception/new_eufs_ws/install/eufs_msgs/local/lib/python3.10/dist-packages/eufs_msgs/msg/_cone_with_covariance_s.c
-- Symlinking: /home/alr/Desktop/new_perception/new_eufs_ws/install/eufs_msgs/local/lib/python3.10/dist-packages/eufs_msgs/msg/_costmap.py
-- Symlinking: /home/alr/Desktop/new_perception/new_eufs_ws/install/eufs_msgs/local/lib/python3.10/dist-packages/eufs_msgs/msg/_costmap_s.c
-- Symlinking: /home/alr/Desktop/new_perception/new_eufs_ws/install/eufs_msgs/local/lib/python3.10/dist-packages/eufs_msgs/msg/_cpu_status.py
-- Symlinking: /home/alr/Desktop/new_perception/new_eufs_ws/install/eufs_msgs/local/lib/python3.10/dist-packages/eufs_msgs/msg/_cpu_status_s.c
-- Symlinking: /home/alr/Desktop/new_perception/new_eufs_ws/install/eufs_msgs/local/lib/python3.10/dist-packages/eufs_msgs/msg/_cpu_usage.py
-- Symlinking: /home/alr/Desktop/new_perception/new_eufs_ws/install/eufs_msgs/local/lib/python3.10/dist-packages/eufs_msgs/msg/_cpu_usage_s.c
-- Symlinking: /home/alr/Desktop/new_perception/new_eufs_ws/install/eufs_msgs/local/lib/python3.10/dist-packages/eufs_msgs/msg/_ekf_err.py
-- Symlinking: /home/alr/Desktop/new_perception/new_eufs_ws/install/eufs_msgs/local/lib/python3.10/dist-packages/eufs_msgs/msg/_ekf_err_s.c
-- Symlinking: /home/alr/Desktop/new_perception/new_eufs_ws/install/eufs_msgs/local/lib/python3.10/dist-packages/eufs_msgs/msg/_ekf_state.py
-- Symlinking: /home/alr/Desktop/new_perception/new_eufs_ws/install/eufs_msgs/local/lib/python3.10/dist-packages/eufs_msgs/msg/_ekf_state_s.c
-- Symlinking: /home/alr/Desktop/new_perception/new_eufs_ws/install/eufs_msgs/local/lib/python3.10/dist-packages/eufs_msgs/msg/_full_state.py
-- Symlinking: /home/alr/Desktop/new_perception/new_eufs_ws/install/eufs_msgs/local/lib/python3.10/dist-packages/eufs_msgs/msg/_full_state_s.c
-- Symlinking: /home/alr/Desktop/new_perception/new_eufs_ws/install/eufs_msgs/local/lib/python3.10/dist-packages/eufs_msgs/msg/_heartbeat.py
-- Symlinking: /home/alr/Desktop/new_perception/new_eufs_ws/install/eufs_msgs/local/lib/python3.10/dist-packages/eufs_msgs/msg/_heartbeat_s.c
-- Symlinking: /home/alr/Desktop/new_perception/new_eufs_ws/install/eufs_msgs/local/lib/python3.10/dist-packages/eufs_msgs/msg/_integration_err.py
-- Symlinking: /home/alr/Desktop/new_perception/new_eufs_ws/install/eufs_msgs/local/lib/python3.10/dist-packages/eufs_msgs/msg/_integration_err_s.c
-- Symlinking: /home/alr/Desktop/new_perception/new_eufs_ws/install/eufs_msgs/local/lib/python3.10/dist-packages/eufs_msgs/msg/_lap_stats.py
-- Symlinking: /home/alr/Desktop/new_perception/new_eufs_ws/install/eufs_msgs/local/lib/python3.10/dist-packages/eufs_msgs/msg/_lap_stats_s.c
-- Symlinking: /home/alr/Desktop/new_perception/new_eufs_ws/install/eufs_msgs/local/lib/python3.10/dist-packages/eufs_msgs/msg/_mpc_state.py
-- Symlinking: /home/alr/Desktop/new_perception/new_eufs_ws/install/eufs_msgs/local/lib/python3.10/dist-packages/eufs_msgs/msg/_mpc_state_s.c
-- Symlinking: /home/alr/Desktop/new_perception/new_eufs_ws/install/eufs_msgs/local/lib/python3.10/dist-packages/eufs_msgs/msg/_node_state.py
-- Symlinking: /home/alr/Desktop/new_perception/new_eufs_ws/install/eufs_msgs/local/lib/python3.10/dist-packages/eufs_msgs/msg/_node_state_array.py
-- Symlinking: /home/alr/Desktop/new_perception/new_eufs_ws/install/eufs_msgs/local/lib/python3.10/dist-packages/eufs_msgs/msg/_node_state_array_s.c
-- Symlinking: /home/alr/Desktop/new_perception/new_eufs_ws/install/eufs_msgs/local/lib/python3.10/dist-packages/eufs_msgs/msg/_node_state_s.c
-- Symlinking: /home/alr/Desktop/new_perception/new_eufs_ws/install/eufs_msgs/local/lib/python3.10/dist-packages/eufs_msgs/msg/_oss.py
-- Symlinking: /home/alr/Desktop/new_perception/new_eufs_ws/install/eufs_msgs/local/lib/python3.10/dist-packages/eufs_msgs/msg/_oss_s.c
-- Symlinking: /home/alr/Desktop/new_perception/new_eufs_ws/install/eufs_msgs/local/lib/python3.10/dist-packages/eufs_msgs/msg/_particle.py
-- Symlinking: /home/alr/Desktop/new_perception/new_eufs_ws/install/eufs_msgs/local/lib/python3.10/dist-packages/eufs_msgs/msg/_particle_s.c
-- Symlinking: /home/alr/Desktop/new_perception/new_eufs_ws/install/eufs_msgs/local/lib/python3.10/dist-packages/eufs_msgs/msg/_particle_slam.py
-- Symlinking: /home/alr/Desktop/new_perception/new_eufs_ws/install/eufs_msgs/local/lib/python3.10/dist-packages/eufs_msgs/msg/_particle_slam_s.c
-- Symlinking: /home/alr/Desktop/new_perception/new_eufs_ws/install/eufs_msgs/local/lib/python3.10/dist-packages/eufs_msgs/msg/_particle_slam_stamped.py
-- Symlinking: /home/alr/Desktop/new_perception/new_eufs_ws/install/eufs_msgs/local/lib/python3.10/dist-packages/eufs_msgs/msg/_particle_slam_stamped_s.c
-- Symlinking: /home/alr/Desktop/new_perception/new_eufs_ws/install/eufs_msgs/local/lib/python3.10/dist-packages/eufs_msgs/msg/_particle_stamped.py
-- Symlinking: /home/alr/Desktop/new_perception/new_eufs_ws/install/eufs_msgs/local/lib/python3.10/dist-packages/eufs_msgs/msg/_particle_stamped_s.c
-- Symlinking: /home/alr/Desktop/new_perception/new_eufs_ws/install/eufs_msgs/local/lib/python3.10/dist-packages/eufs_msgs/msg/_path_integral_params.py
-- Symlinking: /home/alr/Desktop/new_perception/new_eufs_ws/install/eufs_msgs/local/lib/python3.10/dist-packages/eufs_msgs/msg/_path_integral_params_s.c
-- Symlinking: /home/alr/Desktop/new_perception/new_eufs_ws/install/eufs_msgs/local/lib/python3.10/dist-packages/eufs_msgs/msg/_path_integral_stats.py
-- Symlinking: /home/alr/Desktop/new_perception/new_eufs_ws/install/eufs_msgs/local/lib/python3.10/dist-packages/eufs_msgs/msg/_path_integral_stats_s.c
-- Symlinking: /home/alr/Desktop/new_perception/new_eufs_ws/install/eufs_msgs/local/lib/python3.10/dist-packages/eufs_msgs/msg/_path_integral_status.py
-- Symlinking: /home/alr/Desktop/new_perception/new_eufs_ws/install/eufs_msgs/local/lib/python3.10/dist-packages/eufs_msgs/msg/_path_integral_status_s.c
-- Symlinking: /home/alr/Desktop/new_perception/new_eufs_ws/install/eufs_msgs/local/lib/python3.10/dist-packages/eufs_msgs/msg/_path_integral_timing.py
-- Symlinking: /home/alr/Desktop/new_perception/new_eufs_ws/install/eufs_msgs/local/lib/python3.10/dist-packages/eufs_msgs/msg/_path_integral_timing_s.c
-- Symlinking: /home/alr/Desktop/new_perception/new_eufs_ws/install/eufs_msgs/local/lib/python3.10/dist-packages/eufs_msgs/msg/_planning_mode.py
-- Symlinking: /home/alr/Desktop/new_perception/new_eufs_ws/install/eufs_msgs/local/lib/python3.10/dist-packages/eufs_msgs/msg/_planning_mode_s.c
-- Symlinking: /home/alr/Desktop/new_perception/new_eufs_ws/install/eufs_msgs/local/lib/python3.10/dist-packages/eufs_msgs/msg/_point_array.py
-- Symlinking: /home/alr/Desktop/new_perception/new_eufs_ws/install/eufs_msgs/local/lib/python3.10/dist-packages/eufs_msgs/msg/_point_array_s.c
-- Symlinking: /home/alr/Desktop/new_perception/new_eufs_ws/install/eufs_msgs/local/lib/python3.10/dist-packages/eufs_msgs/msg/_point_array_stamped.py
-- Symlinking: /home/alr/Desktop/new_perception/new_eufs_ws/install/eufs_msgs/local/lib/python3.10/dist-packages/eufs_msgs/msg/_point_array_stamped_s.c
-- Symlinking: /home/alr/Desktop/new_perception/new_eufs_ws/install/eufs_msgs/local/lib/python3.10/dist-packages/eufs_msgs/msg/_pure_pursuit_checkpoint.py
-- Symlinking: /home/alr/Desktop/new_perception/new_eufs_ws/install/eufs_msgs/local/lib/python3.10/dist-packages/eufs_msgs/msg/_pure_pursuit_checkpoint_array_stamped.py
-- Symlinking: /home/alr/Desktop/new_perception/new_eufs_ws/install/eufs_msgs/local/lib/python3.10/dist-packages/eufs_msgs/msg/_pure_pursuit_checkpoint_array_stamped_s.c
-- Symlinking: /home/alr/Desktop/new_perception/new_eufs_ws/install/eufs_msgs/local/lib/python3.10/dist-packages/eufs_msgs/msg/_pure_pursuit_checkpoint_s.c
-- Symlinking: /home/alr/Desktop/new_perception/new_eufs_ws/install/eufs_msgs/local/lib/python3.10/dist-packages/eufs_msgs/msg/_runstop.py
-- Symlinking: /home/alr/Desktop/new_perception/new_eufs_ws/install/eufs_msgs/local/lib/python3.10/dist-packages/eufs_msgs/msg/_runstop_s.c
-- Symlinking: /home/alr/Desktop/new_perception/new_eufs_ws/install/eufs_msgs/local/lib/python3.10/dist-packages/eufs_msgs/msg/_slam_err.py
-- Symlinking: /home/alr/Desktop/new_perception/new_eufs_ws/install/eufs_msgs/local/lib/python3.10/dist-packages/eufs_msgs/msg/_slam_err_s.c
-- Symlinking: /home/alr/Desktop/new_perception/new_eufs_ws/install/eufs_msgs/local/lib/python3.10/dist-packages/eufs_msgs/msg/_slam_state.py
-- Symlinking: /home/alr/Desktop/new_perception/new_eufs_ws/install/eufs_msgs/local/lib/python3.10/dist-packages/eufs_msgs/msg/_slam_state_s.c
-- Symlinking: /home/alr/Desktop/new_perception/new_eufs_ws/install/eufs_msgs/local/lib/python3.10/dist-packages/eufs_msgs/msg/_state_machine_state.py
-- Symlinking: /home/alr/Desktop/new_perception/new_eufs_ws/install/eufs_msgs/local/lib/python3.10/dist-packages/eufs_msgs/msg/_state_machine_state_s.c
-- Symlinking: /home/alr/Desktop/new_perception/new_eufs_ws/install/eufs_msgs/local/lib/python3.10/dist-packages/eufs_msgs/msg/_stereo_image.py
-- Symlinking: /home/alr/Desktop/new_perception/new_eufs_ws/install/eufs_msgs/local/lib/python3.10/dist-packages/eufs_msgs/msg/_stereo_image_s.c
-- Symlinking: /home/alr/Desktop/new_perception/new_eufs_ws/install/eufs_msgs/local/lib/python3.10/dist-packages/eufs_msgs/msg/_system_status.py
-- Symlinking: /home/alr/Desktop/new_perception/new_eufs_ws/install/eufs_msgs/local/lib/python3.10/dist-packages/eufs_msgs/msg/_system_status_s.c
-- Symlinking: /home/alr/Desktop/new_perception/new_eufs_ws/install/eufs_msgs/local/lib/python3.10/dist-packages/eufs_msgs/msg/_topic_status.py
-- Symlinking: /home/alr/Desktop/new_perception/new_eufs_ws/install/eufs_msgs/local/lib/python3.10/dist-packages/eufs_msgs/msg/_topic_status_s.c
-- Symlinking: /home/alr/Desktop/new_perception/new_eufs_ws/install/eufs_msgs/local/lib/python3.10/dist-packages/eufs_msgs/msg/_vehicle_commands.py
-- Symlinking: /home/alr/Desktop/new_perception/new_eufs_ws/install/eufs_msgs/local/lib/python3.10/dist-packages/eufs_msgs/msg/_vehicle_commands_s.c
-- Symlinking: /home/alr/Desktop/new_perception/new_eufs_ws/install/eufs_msgs/local/lib/python3.10/dist-packages/eufs_msgs/msg/_vehicle_commands_stamped.py
-- Symlinking: /home/alr/Desktop/new_perception/new_eufs_ws/install/eufs_msgs/local/lib/python3.10/dist-packages/eufs_msgs/msg/_vehicle_commands_stamped_s.c
-- Symlinking: /home/alr/Desktop/new_perception/new_eufs_ws/install/eufs_msgs/local/lib/python3.10/dist-packages/eufs_msgs/msg/_waypoint.py
-- Symlinking: /home/alr/Desktop/new_perception/new_eufs_ws/install/eufs_msgs/local/lib/python3.10/dist-packages/eufs_msgs/msg/_waypoint_array_stamped.py
-- Symlinking: /home/alr/Desktop/new_perception/new_eufs_ws/install/eufs_msgs/local/lib/python3.10/dist-packages/eufs_msgs/msg/_waypoint_array_stamped_s.c
-- Symlinking: /home/alr/Desktop/new_perception/new_eufs_ws/install/eufs_msgs/local/lib/python3.10/dist-packages/eufs_msgs/msg/_waypoint_s.c
-- Symlinking: /home/alr/Desktop/new_perception/new_eufs_ws/install/eufs_msgs/local/lib/python3.10/dist-packages/eufs_msgs/msg/_wheel_odometry_err.py
-- Symlinking: /home/alr/Desktop/new_perception/new_eufs_ws/install/eufs_msgs/local/lib/python3.10/dist-packages/eufs_msgs/msg/_wheel_odometry_err_s.c
-- Symlinking: /home/alr/Desktop/new_perception/new_eufs_ws/install/eufs_msgs/local/lib/python3.10/dist-packages/eufs_msgs/msg/_wheel_speeds.py
-- Symlinking: /home/alr/Desktop/new_perception/new_eufs_ws/install/eufs_msgs/local/lib/python3.10/dist-packages/eufs_msgs/msg/_wheel_speeds_s.c
-- Symlinking: /home/alr/Desktop/new_perception/new_eufs_ws/install/eufs_msgs/local/lib/python3.10/dist-packages/eufs_msgs/msg/_wheel_speeds_stamped.py
-- Symlinking: /home/alr/Desktop/new_perception/new_eufs_ws/install/eufs_msgs/local/lib/python3.10/dist-packages/eufs_msgs/msg/_wheel_speeds_stamped_s.c
-- Symlinking: /home/alr/Desktop/new_perception/new_eufs_ws/install/eufs_msgs/local/lib/python3.10/dist-packages/eufs_msgs/srv/__init__.py
-- Symlinking: /home/alr/Desktop/new_perception/new_eufs_ws/install/eufs_msgs/local/lib/python3.10/dist-packages/eufs_msgs/srv/_get_map.py
-- Symlinking: /home/alr/Desktop/new_perception/new_eufs_ws/install/eufs_msgs/local/lib/python3.10/dist-packages/eufs_msgs/srv/_get_map_s.c
-- Symlinking: /home/alr/Desktop/new_perception/new_eufs_ws/install/eufs_msgs/local/lib/python3.10/dist-packages/eufs_msgs/srv/_record_start.py
-- Symlinking: /home/alr/Desktop/new_perception/new_eufs_ws/install/eufs_msgs/local/lib/python3.10/dist-packages/eufs_msgs/srv/_record_start_s.c
-- Symlinking: /home/alr/Desktop/new_perception/new_eufs_ws/install/eufs_msgs/local/lib/python3.10/dist-packages/eufs_msgs/srv/_record_stop.py
-- Symlinking: /home/alr/Desktop/new_perception/new_eufs_ws/install/eufs_msgs/local/lib/python3.10/dist-packages/eufs_msgs/srv/_record_stop_s.c
-- Symlinking: /home/alr/Desktop/new_perception/new_eufs_ws/install/eufs_msgs/local/lib/python3.10/dist-packages/eufs_msgs/srv/_register.py
-- Symlinking: /home/alr/Desktop/new_perception/new_eufs_ws/install/eufs_msgs/local/lib/python3.10/dist-packages/eufs_msgs/srv/_register_s.c
-- Symlinking: /home/alr/Desktop/new_perception/new_eufs_ws/install/eufs_msgs/local/lib/python3.10/dist-packages/eufs_msgs/srv/_set_can_state.py
-- Symlinking: /home/alr/Desktop/new_perception/new_eufs_ws/install/eufs_msgs/local/lib/python3.10/dist-packages/eufs_msgs/srv/_set_can_state_s.c
-- Symlinking: /home/alr/Desktop/new_perception/new_eufs_ws/install/eufs_msgs/local/lib/python3.10/dist-packages/eufs_msgs/srv/_set_mission.py
-- Symlinking: /home/alr/Desktop/new_perception/new_eufs_ws/install/eufs_msgs/local/lib/python3.10/dist-packages/eufs_msgs/srv/_set_mission_s.c
-- Symlinking: /home/alr/Desktop/new_perception/new_eufs_ws/install/eufs_msgs/local/lib/python3.10/dist-packages/eufs_msgs/srv/_set_string.py
-- Symlinking: /home/alr/Desktop/new_perception/new_eufs_ws/install/eufs_msgs/local/lib/python3.10/dist-packages/eufs_msgs/srv/_set_string_s.c
-- Symlinking: /home/alr/Desktop/new_perception/new_eufs_ws/install/eufs_msgs/local/lib/python3.10/dist-packages/eufs_msgs/srv/_set_track.py
-- Symlinking: /home/alr/Desktop/new_perception/new_eufs_ws/install/eufs_msgs/local/lib/python3.10/dist-packages/eufs_msgs/srv/_set_track_s.c
-- Up-to-date symlink: /home/alr/Desktop/new_perception/new_eufs_ws/install/eufs_msgs/local/lib/python3.10/dist-packages/eufs_msgs/eufs_msgs_s__rosidl_typesupport_fastrtps_c.cpython-310-x86_64-linux-gnu.so
-- Up-to-date symlink: /home/alr/Desktop/new_perception/new_eufs_ws/install/eufs_msgs/local/lib/python3.10/dist-packages/eufs_msgs/eufs_msgs_s__rosidl_typesupport_introspection_c.cpython-310-x86_64-linux-gnu.so
-- Up-to-date symlink: /home/alr/Desktop/new_perception/new_eufs_ws/install/eufs_msgs/local/lib/python3.10/dist-packages/eufs_msgs/eufs_msgs_s__rosidl_typesupport_c.cpython-310-x86_64-linux-gnu.so
-- Symlinking: /home/alr/Desktop/new_perception/new_eufs_ws/install/eufs_msgs/share/ament_index/resource_index/rust_packages/eufs_msgs
-- Symlinking: /home/alr/Desktop/new_perception/new_eufs_ws/install/eufs_msgs/share/eufs_msgs/rust/Cargo.toml
-- Symlinking: /home/alr/Desktop/new_perception/new_eufs_ws/install/eufs_msgs/share/eufs_msgs/rust/build.rs
-- Symlinking: /home/alr/Desktop/new_perception/new_eufs_ws/install/eufs_msgs/share/eufs_msgs/rust/src/action.rs
-- Symlinking: /home/alr/Desktop/new_perception/new_eufs_ws/install/eufs_msgs/share/eufs_msgs/rust/src/action/rmw.rs
-- Symlinking: /home/alr/Desktop/new_perception/new_eufs_ws/install/eufs_msgs/share/eufs_msgs/rust/src/lib.rs
-- Symlinking: /home/alr/Desktop/new_perception/new_eufs_ws/install/eufs_msgs/share/eufs_msgs/rust/src/msg.rs
-- Symlinking: /home/alr/Desktop/new_perception/new_eufs_ws/install/eufs_msgs/share/eufs_msgs/rust/src/msg/rmw.rs
-- Symlinking: /home/alr/Desktop/new_perception/new_eufs_ws/install/eufs_msgs/share/eufs_msgs/rust/src/srv.rs
-- Symlinking: /home/alr/Desktop/new_perception/new_eufs_ws/install/eufs_msgs/share/eufs_msgs/rust/src/srv/rmw.rs
-- Symlinking: /home/alr/Desktop/new_perception/new_eufs_ws/install/eufs_msgs/share/eufs_msgs/msg/BoundingBox.idl
-- Symlinking: /home/alr/Desktop/new_perception/new_eufs_ws/install/eufs_msgs/share/eufs_msgs/msg/BoundingBoxes.idl
-- Symlinking: /home/alr/Desktop/new_perception/new_eufs_ws/install/eufs_msgs/share/eufs_msgs/msg/CanState.idl
-- Symlinking: /home/alr/Desktop/new_perception/new_eufs_ws/install/eufs_msgs/share/eufs_msgs/msg/CarForces.idl
-- Symlinking: /home/alr/Desktop/new_perception/new_eufs_ws/install/eufs_msgs/share/eufs_msgs/msg/CarState.idl
-- Symlinking: /home/alr/Desktop/new_perception/new_eufs_ws/install/eufs_msgs/share/eufs_msgs/msg/ChassisCommand.idl
-- Symlinking: /home/alr/Desktop/new_perception/new_eufs_ws/install/eufs_msgs/share/eufs_msgs/msg/ChassisState.idl
-- Symlinking: /home/alr/Desktop/new_perception/new_eufs_ws/install/eufs_msgs/share/eufs_msgs/msg/ConeArray.idl
-- Symlinking: /home/alr/Desktop/new_perception/new_eufs_ws/install/eufs_msgs/share/eufs_msgs/msg/ConeArrayWithCovariance.idl
-- Symlinking: /home/alr/Desktop/new_perception/new_eufs_ws/install/eufs_msgs/share/eufs_msgs/msg/ConeWithColorProbability.idl
-- Symlinking: /home/alr/Desktop/new_perception/new_eufs_ws/install/eufs_msgs/share/eufs_msgs/msg/ConeWithColorProbabilityArray.idl
-- Symlinking: /home/alr/Desktop/new_perception/new_eufs_ws/install/eufs_msgs/share/eufs_msgs/msg/ConeWithCovariance.idl
-- Symlinking: /home/alr/Desktop/new_perception/new_eufs_ws/install/eufs_msgs/share/eufs_msgs/msg/ConeAssociation.idl
-- Symlinking: /home/alr/Desktop/new_perception/new_eufs_ws/install/eufs_msgs/share/eufs_msgs/msg/ConeAssociationArray.idl
-- Symlinking: /home/alr/Desktop/new_perception/new_eufs_ws/install/eufs_msgs/share/eufs_msgs/msg/ConeAssociationArrayArrayStamped.idl
-- Symlinking: /home/alr/Desktop/new_perception/new_eufs_ws/install/eufs_msgs/share/eufs_msgs/msg/ConeAssociationArrayStamped.idl
-- Symlinking: /home/alr/Desktop/new_perception/new_eufs_ws/install/eufs_msgs/share/eufs_msgs/msg/Costmap.idl
-- Symlinking: /home/alr/Desktop/new_perception/new_eufs_ws/install/eufs_msgs/share/eufs_msgs/msg/CpuStatus.idl
-- Symlinking: /home/alr/Desktop/new_perception/new_eufs_ws/install/eufs_msgs/share/eufs_msgs/msg/CpuUsage.idl
-- Symlinking: /home/alr/Desktop/new_perception/new_eufs_ws/install/eufs_msgs/share/eufs_msgs/msg/EKFErr.idl
-- Symlinking: /home/alr/Desktop/new_perception/new_eufs_ws/install/eufs_msgs/share/eufs_msgs/msg/EKFState.idl
-- Symlinking: /home/alr/Desktop/new_perception/new_eufs_ws/install/eufs_msgs/share/eufs_msgs/msg/FullState.idl
-- Symlinking: /home/alr/Desktop/new_perception/new_eufs_ws/install/eufs_msgs/share/eufs_msgs/msg/Heartbeat.idl
-- Symlinking: /home/alr/Desktop/new_perception/new_eufs_ws/install/eufs_msgs/share/eufs_msgs/msg/IntegrationErr.idl
-- Symlinking: /home/alr/Desktop/new_perception/new_eufs_ws/install/eufs_msgs/share/eufs_msgs/msg/LapStats.idl
-- Symlinking: /home/alr/Desktop/new_perception/new_eufs_ws/install/eufs_msgs/share/eufs_msgs/msg/MPCState.idl
-- Symlinking: /home/alr/Desktop/new_perception/new_eufs_ws/install/eufs_msgs/share/eufs_msgs/msg/NodeState.idl
-- Symlinking: /home/alr/Desktop/new_perception/new_eufs_ws/install/eufs_msgs/share/eufs_msgs/msg/NodeStateArray.idl
-- Symlinking: /home/alr/Desktop/new_perception/new_eufs_ws/install/eufs_msgs/share/eufs_msgs/msg/OSS.idl
-- Symlinking: /home/alr/Desktop/new_perception/new_eufs_ws/install/eufs_msgs/share/eufs_msgs/msg/Particle.idl
-- Symlinking: /home/alr/Desktop/new_perception/new_eufs_ws/install/eufs_msgs/share/eufs_msgs/msg/ParticleSLAM.idl
-- Symlinking: /home/alr/Desktop/new_perception/new_eufs_ws/install/eufs_msgs/share/eufs_msgs/msg/ParticleSLAMStamped.idl
-- Symlinking: /home/alr/Desktop/new_perception/new_eufs_ws/install/eufs_msgs/share/eufs_msgs/msg/ParticleStamped.idl
-- Symlinking: /home/alr/Desktop/new_perception/new_eufs_ws/install/eufs_msgs/share/eufs_msgs/msg/PathIntegralParams.idl
-- Symlinking: /home/alr/Desktop/new_perception/new_eufs_ws/install/eufs_msgs/share/eufs_msgs/msg/PathIntegralStats.idl
-- Symlinking: /home/alr/Desktop/new_perception/new_eufs_ws/install/eufs_msgs/share/eufs_msgs/msg/PathIntegralStatus.idl
-- Symlinking: /home/alr/Desktop/new_perception/new_eufs_ws/install/eufs_msgs/share/eufs_msgs/msg/PathIntegralTiming.idl
-- Symlinking: /home/alr/Desktop/new_perception/new_eufs_ws/install/eufs_msgs/share/eufs_msgs/msg/PlanningMode.idl
-- Symlinking: /home/alr/Desktop/new_perception/new_eufs_ws/install/eufs_msgs/share/eufs_msgs/msg/PointArray.idl
-- Symlinking: /home/alr/Desktop/new_perception/new_eufs_ws/install/eufs_msgs/share/eufs_msgs/msg/PointArrayStamped.idl
-- Symlinking: /home/alr/Desktop/new_perception/new_eufs_ws/install/eufs_msgs/share/eufs_msgs/msg/PurePursuitCheckpoint.idl
-- Symlinking: /home/alr/Desktop/new_perception/new_eufs_ws/install/eufs_msgs/share/eufs_msgs/msg/PurePursuitCheckpointArrayStamped.idl
-- Symlinking: /home/alr/Desktop/new_perception/new_eufs_ws/install/eufs_msgs/share/eufs_msgs/msg/Runstop.idl
-- Symlinking: /home/alr/Desktop/new_perception/new_eufs_ws/install/eufs_msgs/share/eufs_msgs/msg/SLAMErr.idl
-- Symlinking: /home/alr/Desktop/new_perception/new_eufs_ws/install/eufs_msgs/share/eufs_msgs/msg/SLAMState.idl
-- Symlinking: /home/alr/Desktop/new_perception/new_eufs_ws/install/eufs_msgs/share/eufs_msgs/msg/StateMachineState.idl
-- Symlinking: /home/alr/Desktop/new_perception/new_eufs_ws/install/eufs_msgs/share/eufs_msgs/msg/StereoImage.idl
-- Symlinking: /home/alr/Desktop/new_perception/new_eufs_ws/install/eufs_msgs/share/eufs_msgs/msg/SystemStatus.idl
-- Symlinking: /home/alr/Desktop/new_perception/new_eufs_ws/install/eufs_msgs/share/eufs_msgs/msg/TopicStatus.idl
-- Symlinking: /home/alr/Desktop/new_perception/new_eufs_ws/install/eufs_msgs/share/eufs_msgs/msg/VehicleCommands.idl
-- Symlinking: /home/alr/Desktop/new_perception/new_eufs_ws/install/eufs_msgs/share/eufs_msgs/msg/VehicleCommandsStamped.idl
-- Symlinking: /home/alr/Desktop/new_perception/new_eufs_ws/install/eufs_msgs/share/eufs_msgs/msg/Waypoint.idl
-- Symlinking: /home/alr/Desktop/new_perception/new_eufs_ws/install/eufs_msgs/share/eufs_msgs/msg/WaypointArrayStamped.idl
-- Symlinking: /home/alr/Desktop/new_perception/new_eufs_ws/install/eufs_msgs/share/eufs_msgs/msg/WheelOdometryErr.idl
-- Symlinking: /home/alr/Desktop/new_perception/new_eufs_ws/install/eufs_msgs/share/eufs_msgs/msg/WheelSpeeds.idl
-- Symlinking: /home/alr/Desktop/new_perception/new_eufs_ws/install/eufs_msgs/share/eufs_msgs/msg/WheelSpeedsStamped.idl
-- Symlinking: /home/alr/Desktop/new_perception/new_eufs_ws/install/eufs_msgs/share/eufs_msgs/action/CheckForObjects.idl
-- Symlinking: /home/alr/Desktop/new_perception/new_eufs_ws/install/eufs_msgs/share/eufs_msgs/srv/RecordStart.idl
-- Symlinking: /home/alr/Desktop/new_perception/new_eufs_ws/install/eufs_msgs/share/eufs_msgs/srv/RecordStop.idl
-- Symlinking: /home/alr/Desktop/new_perception/new_eufs_ws/install/eufs_msgs/share/eufs_msgs/srv/Register.idl
-- Symlinking: /home/alr/Desktop/new_perception/new_eufs_ws/install/eufs_msgs/share/eufs_msgs/srv/SetCanState.idl
-- Symlinking: /home/alr/Desktop/new_perception/new_eufs_ws/install/eufs_msgs/share/eufs_msgs/srv/SetString.idl
-- Symlinking: /home/alr/Desktop/new_perception/new_eufs_ws/install/eufs_msgs/share/eufs_msgs/srv/SetTrack.idl
-- Symlinking: /home/alr/Desktop/new_perception/new_eufs_ws/install/eufs_msgs/share/eufs_msgs/srv/SetMission.idl
-- Symlinking: /home/alr/Desktop/new_perception/new_eufs_ws/install/eufs_msgs/share/eufs_msgs/srv/GetMap.idl
-- Symlinking: /home/alr/Desktop/new_perception/new_eufs_ws/install/eufs_msgs/share/eufs_msgs/msg/BoundingBox.msg
-- Symlinking: /home/alr/Desktop/new_perception/new_eufs_ws/install/eufs_msgs/share/eufs_msgs/msg/BoundingBoxes.msg
-- Symlinking: /home/alr/Desktop/new_perception/new_eufs_ws/install/eufs_msgs/share/eufs_msgs/msg/CanState.msg
-- Symlinking: /home/alr/Desktop/new_perception/new_eufs_ws/install/eufs_msgs/share/eufs_msgs/msg/CarForces.msg
-- Symlinking: /home/alr/Desktop/new_perception/new_eufs_ws/install/eufs_msgs/share/eufs_msgs/msg/CarState.msg
-- Symlinking: /home/alr/Desktop/new_perception/new_eufs_ws/install/eufs_msgs/share/eufs_msgs/msg/ChassisCommand.msg
-- Symlinking: /home/alr/Desktop/new_perception/new_eufs_ws/install/eufs_msgs/share/eufs_msgs/msg/ChassisState.msg
-- Symlinking: /home/alr/Desktop/new_perception/new_eufs_ws/install/eufs_msgs/share/eufs_msgs/msg/ConeArray.msg
-- Symlinking: /home/alr/Desktop/new_perception/new_eufs_ws/install/eufs_msgs/share/eufs_msgs/msg/ConeArrayWithCovariance.msg
-- Symlinking: /home/alr/Desktop/new_perception/new_eufs_ws/install/eufs_msgs/share/eufs_msgs/msg/ConeWithColorProbability.msg
-- Symlinking: /home/alr/Desktop/new_perception/new_eufs_ws/install/eufs_msgs/share/eufs_msgs/msg/ConeWithColorProbabilityArray.msg
-- Symlinking: /home/alr/Desktop/new_perception/new_eufs_ws/install/eufs_msgs/share/eufs_msgs/msg/ConeWithCovariance.msg
-- Symlinking: /home/alr/Desktop/new_perception/new_eufs_ws/install/eufs_msgs/share/eufs_msgs/msg/ConeAssociation.msg
-- Symlinking: /home/alr/Desktop/new_perception/new_eufs_ws/install/eufs_msgs/share/eufs_msgs/msg/ConeAssociationArray.msg
-- Symlinking: /home/alr/Desktop/new_perception/new_eufs_ws/install/eufs_msgs/share/eufs_msgs/msg/ConeAssociationArrayArrayStamped.msg
-- Symlinking: /home/alr/Desktop/new_perception/new_eufs_ws/install/eufs_msgs/share/eufs_msgs/msg/ConeAssociationArrayStamped.msg
-- Symlinking: /home/alr/Desktop/new_perception/new_eufs_ws/install/eufs_msgs/share/eufs_msgs/msg/Costmap.msg
-- Symlinking: /home/alr/Desktop/new_perception/new_eufs_ws/install/eufs_msgs/share/eufs_msgs/msg/CpuStatus.msg
-- Symlinking: /home/alr/Desktop/new_perception/new_eufs_ws/install/eufs_msgs/share/eufs_msgs/msg/CpuUsage.msg
-- Symlinking: /home/alr/Desktop/new_perception/new_eufs_ws/install/eufs_msgs/share/eufs_msgs/msg/EKFErr.msg
-- Symlinking: /home/alr/Desktop/new_perception/new_eufs_ws/install/eufs_msgs/share/eufs_msgs/msg/EKFState.msg
-- Symlinking: /home/alr/Desktop/new_perception/new_eufs_ws/install/eufs_msgs/share/eufs_msgs/msg/FullState.msg
-- Symlinking: /home/alr/Desktop/new_perception/new_eufs_ws/install/eufs_msgs/share/eufs_msgs/msg/Heartbeat.msg
-- Symlinking: /home/alr/Desktop/new_perception/new_eufs_ws/install/eufs_msgs/share/eufs_msgs/msg/IntegrationErr.msg
-- Symlinking: /home/alr/Desktop/new_perception/new_eufs_ws/install/eufs_msgs/share/eufs_msgs/msg/LapStats.msg
-- Symlinking: /home/alr/Desktop/new_perception/new_eufs_ws/install/eufs_msgs/share/eufs_msgs/msg/MPCState.msg
-- Symlinking: /home/alr/Desktop/new_perception/new_eufs_ws/install/eufs_msgs/share/eufs_msgs/msg/NodeState.msg
-- Symlinking: /home/alr/Desktop/new_perception/new_eufs_ws/install/eufs_msgs/share/eufs_msgs/msg/NodeStateArray.msg
-- Symlinking: /home/alr/Desktop/new_perception/new_eufs_ws/install/eufs_msgs/share/eufs_msgs/msg/OSS.msg
-- Symlinking: /home/alr/Desktop/new_perception/new_eufs_ws/install/eufs_msgs/share/eufs_msgs/msg/Particle.msg
-- Symlinking: /home/alr/Desktop/new_perception/new_eufs_ws/install/eufs_msgs/share/eufs_msgs/msg/ParticleSLAM.msg
-- Symlinking: /home/alr/Desktop/new_perception/new_eufs_ws/install/eufs_msgs/share/eufs_msgs/msg/ParticleSLAMStamped.msg
-- Symlinking: /home/alr/Desktop/new_perception/new_eufs_ws/install/eufs_msgs/share/eufs_msgs/msg/ParticleStamped.msg
-- Symlinking: /home/alr/Desktop/new_perception/new_eufs_ws/install/eufs_msgs/share/eufs_msgs/msg/PathIntegralParams.msg
-- Symlinking: /home/alr/Desktop/new_perception/new_eufs_ws/install/eufs_msgs/share/eufs_msgs/msg/PathIntegralStats.msg
-- Symlinking: /home/alr/Desktop/new_perception/new_eufs_ws/install/eufs_msgs/share/eufs_msgs/msg/PathIntegralStatus.msg
-- Symlinking: /home/alr/Desktop/new_perception/new_eufs_ws/install/eufs_msgs/share/eufs_msgs/msg/PathIntegralTiming.msg
-- Symlinking: /home/alr/Desktop/new_perception/new_eufs_ws/install/eufs_msgs/share/eufs_msgs/msg/PlanningMode.msg
-- Symlinking: /home/alr/Desktop/new_perception/new_eufs_ws/install/eufs_msgs/share/eufs_msgs/msg/PointArray.msg
-- Symlinking: /home/alr/Desktop/new_perception/new_eufs_ws/install/eufs_msgs/share/eufs_msgs/msg/PointArrayStamped.msg
-- Symlinking: /home/alr/Desktop/new_perception/new_eufs_ws/install/eufs_msgs/share/eufs_msgs/msg/PurePursuitCheckpoint.msg
-- Symlinking: /home/alr/Desktop/new_perception/new_eufs_ws/install/eufs_msgs/share/eufs_msgs/msg/PurePursuitCheckpointArrayStamped.msg
-- Symlinking: /home/alr/Desktop/new_perception/new_eufs_ws/install/eufs_msgs/share/eufs_msgs/msg/Runstop.msg
-- Symlinking: /home/alr/Desktop/new_perception/new_eufs_ws/install/eufs_msgs/share/eufs_msgs/msg/SLAMErr.msg
-- Symlinking: /home/alr/Desktop/new_perception/new_eufs_ws/install/eufs_msgs/share/eufs_msgs/msg/SLAMState.msg
-- Symlinking: /home/alr/Desktop/new_perception/new_eufs_ws/install/eufs_msgs/share/eufs_msgs/msg/StateMachineState.msg
-- Symlinking: /home/alr/Desktop/new_perception/new_eufs_ws/install/eufs_msgs/share/eufs_msgs/msg/StereoImage.msg
-- Symlinking: /home/alr/Desktop/new_perception/new_eufs_ws/install/eufs_msgs/share/eufs_msgs/msg/SystemStatus.msg
-- Symlinking: /home/alr/Desktop/new_perception/new_eufs_ws/install/eufs_msgs/share/eufs_msgs/msg/TopicStatus.msg
-- Symlinking: /home/alr/Desktop/new_perception/new_eufs_ws/install/eufs_msgs/share/eufs_msgs/msg/VehicleCommands.msg
-- Symlinking: /home/alr/Desktop/new_perception/new_eufs_ws/install/eufs_msgs/share/eufs_msgs/msg/VehicleCommandsStamped.msg
-- Symlinking: /home/alr/Desktop/new_perception/new_eufs_ws/install/eufs_msgs/share/eufs_msgs/msg/Waypoint.msg
-- Symlinking: /home/alr/Desktop/new_perception/new_eufs_ws/install/eufs_msgs/share/eufs_msgs/msg/WaypointArrayStamped.msg
-- Symlinking: /home/alr/Desktop/new_perception/new_eufs_ws/install/eufs_msgs/share/eufs_msgs/msg/WheelOdometryErr.msg
-- Symlinking: /home/alr/Desktop/new_perception/new_eufs_ws/install/eufs_msgs/share/eufs_msgs/msg/WheelSpeeds.msg
-- Symlinking: /home/alr/Desktop/new_perception/new_eufs_ws/install/eufs_msgs/share/eufs_msgs/msg/WheelSpeedsStamped.msg
-- Symlinking: /home/alr/Desktop/new_perception/new_eufs_ws/install/eufs_msgs/share/eufs_msgs/action/CheckForObjects.action
-- Symlinking: /home/alr/Desktop/new_perception/new_eufs_ws/install/eufs_msgs/share/eufs_msgs/srv/RecordStart.srv
-- Symlinking: /home/alr/Desktop/new_perception/new_eufs_ws/install/eufs_msgs/share/eufs_msgs/srv/RecordStart_Request.msg
-- Symlinking: /home/alr/Desktop/new_perception/new_eufs_ws/install/eufs_msgs/share/eufs_msgs/srv/RecordStart_Response.msg
-- Symlinking: /home/alr/Desktop/new_perception/new_eufs_ws/install/eufs_msgs/share/eufs_msgs/srv/RecordStop.srv
-- Symlinking: /home/alr/Desktop/new_perception/new_eufs_ws/install/eufs_msgs/share/eufs_msgs/srv/RecordStop_Request.msg
-- Symlinking: /home/alr/Desktop/new_perception/new_eufs_ws/install/eufs_msgs/share/eufs_msgs/srv/RecordStop_Response.msg
-- Symlinking: /home/alr/Desktop/new_perception/new_eufs_ws/install/eufs_msgs/share/eufs_msgs/srv/Register.srv
-- Symlinking: /home/alr/Desktop/new_perception/new_eufs_ws/install/eufs_msgs/share/eufs_msgs/srv/Register_Request.msg
-- Symlinking: /home/alr/Desktop/new_perception/new_eufs_ws/install/eufs_msgs/share/eufs_msgs/srv/Register_Response.msg
-- Symlinking: /home/alr/Desktop/new_perception/new_eufs_ws/install/eufs_msgs/share/eufs_msgs/srv/SetCanState.srv
-- Symlinking: /home/alr/Desktop/new_perception/new_eufs_ws/install/eufs_msgs/share/eufs_msgs/srv/SetCanState_Request.msg
-- Symlinking: /home/alr/Desktop/new_perception/new_eufs_ws/install/eufs_msgs/share/eufs_msgs/srv/SetCanState_Response.msg
-- Symlinking: /home/alr/Desktop/new_perception/new_eufs_ws/install/eufs_msgs/share/eufs_msgs/srv/SetString.srv
-- Symlinking: /home/alr/Desktop/new_perception/new_eufs_ws/install/eufs_msgs/share/eufs_msgs/srv/SetString_Request.msg
-- Symlinking: /home/alr/Desktop/new_perception/new_eufs_ws/install/eufs_msgs/share/eufs_msgs/srv/SetString_Response.msg
-- Symlinking: /home/alr/Desktop/new_perception/new_eufs_ws/install/eufs_msgs/share/eufs_msgs/srv/SetTrack.srv
-- Symlinking: /home/alr/Desktop/new_perception/new_eufs_ws/install/eufs_msgs/share/eufs_msgs/srv/SetTrack_Request.msg
-- Symlinking: /home/alr/Desktop/new_perception/new_eufs_ws/install/eufs_msgs/share/eufs_msgs/srv/SetTrack_Response.msg
-- Symlinking: /home/alr/Desktop/new_perception/new_eufs_ws/install/eufs_msgs/share/eufs_msgs/srv/SetMission.srv
-- Symlinking: /home/alr/Desktop/new_perception/new_eufs_ws/install/eufs_msgs/share/eufs_msgs/srv/SetMission_Request.msg
-- Symlinking: /home/alr/Desktop/new_perception/new_eufs_ws/install/eufs_msgs/share/eufs_msgs/srv/SetMission_Response.msg
-- Symlinking: /home/alr/Desktop/new_perception/new_eufs_ws/install/eufs_msgs/share/eufs_msgs/srv/GetMap.srv
-- Symlinking: /home/alr/Desktop/new_perception/new_eufs_ws/install/eufs_msgs/share/eufs_msgs/srv/GetMap_Request.msg
-- Symlinking: /home/alr/Desktop/new_perception/new_eufs_ws/install/eufs_msgs/share/eufs_msgs/srv/GetMap_Response.msg
-- Symlinking: /home/alr/Desktop/new_perception/new_eufs_ws/install/eufs_msgs/share/ament_index/resource_index/package_run_dependencies/eufs_msgs
-- Symlinking: /home/alr/Desktop/new_perception/new_eufs_ws/install/eufs_msgs/share/ament_index/resource_index/parent_prefix_path/eufs_msgs
-- Symlinking: /home/alr/Desktop/new_perception/new_eufs_ws/install/eufs_msgs/share/eufs_msgs/environment/ament_prefix_path.sh
-- Symlinking: /home/alr/Desktop/new_perception/new_eufs_ws/install/eufs_msgs/share/eufs_msgs/environment/ament_prefix_path.dsv
-- Symlinking: /home/alr/Desktop/new_perception/new_eufs_ws/install/eufs_msgs/share/eufs_msgs/environment/path.sh
-- Symlinking: /home/alr/Desktop/new_perception/new_eufs_ws/install/eufs_msgs/share/eufs_msgs/environment/path.dsv
-- Symlinking: /home/alr/Desktop/new_perception/new_eufs_ws/install/eufs_msgs/share/eufs_msgs/local_setup.bash
-- Symlinking: /home/alr/Desktop/new_perception/new_eufs_ws/install/eufs_msgs/share/eufs_msgs/local_setup.sh
-- Symlinking: /home/alr/Desktop/new_perception/new_eufs_ws/install/eufs_msgs/share/eufs_msgs/local_setup.zsh
-- Symlinking: /home/alr/Desktop/new_perception/new_eufs_ws/install/eufs_msgs/share/eufs_msgs/local_setup.dsv
-- Symlinking: /home/alr/Desktop/new_perception/new_eufs_ws/install/eufs_msgs/share/eufs_msgs/package.dsv
-- Symlinking: /home/alr/Desktop/new_perception/new_eufs_ws/install/eufs_msgs/share/ament_index/resource_index/packages/eufs_msgs
-- Symlinking: /home/alr/Desktop/new_perception/new_eufs_ws/install/eufs_msgs/share/eufs_msgs/cmake/rosidl_cmake-extras.cmake
-- Symlinking: /home/alr/Desktop/new_perception/new_eufs_ws/install/eufs_msgs/share/eufs_msgs/cmake/ament_cmake_export_dependencies-extras.cmake
-- Symlinking: /home/alr/Desktop/new_perception/new_eufs_ws/install/eufs_msgs/share/eufs_msgs/cmake/ament_cmake_export_include_directories-extras.cmake
-- Symlinking: /home/alr/Desktop/new_perception/new_eufs_ws/install/eufs_msgs/share/eufs_msgs/cmake/ament_cmake_export_libraries-extras.cmake
-- Symlinking: /home/alr/Desktop/new_perception/new_eufs_ws/install/eufs_msgs/share/eufs_msgs/cmake/ament_cmake_export_targets-extras.cmake
-- Symlinking: /home/alr/Desktop/new_perception/new_eufs_ws/install/eufs_msgs/share/eufs_msgs/cmake/rosidl_cmake_export_typesupport_targets-extras.cmake
-- Symlinking: /home/alr/Desktop/new_perception/new_eufs_ws/install/eufs_msgs/share/eufs_msgs/cmake/rosidl_cmake_export_typesupport_libraries-extras.cmake
-- Symlinking: /home/alr/Desktop/new_perception/new_eufs_ws/install/eufs_msgs/share/eufs_msgs/cmake/eufs_msgsConfig.cmake
-- Symlinking: /home/alr/Desktop/new_perception/new_eufs_ws/install/eufs_msgs/share/eufs_msgs/cmake/eufs_msgsConfig-version.cmake
-- Symlinking: /home/alr/Desktop/new_perception/new_eufs_ws/install/eufs_msgs/share/eufs_msgs/package.xml
-- Installing: /home/alr/Desktop/new_perception/new_eufs_ws/install/eufs_msgs/lib/libeufs_msgs__rosidl_generator_c.so
-- Set runtime path of "/home/alr/Desktop/new_perception/new_eufs_ws/install/eufs_msgs/lib/libeufs_msgs__rosidl_generator_c.so" to ""
-- Installing: /home/alr/Desktop/new_perception/new_eufs_ws/install/eufs_msgs/lib/libeufs_msgs__rosidl_typesupport_fastrtps_c.so
-- Set runtime path of "/home/alr/Desktop/new_perception/new_eufs_ws/install/eufs_msgs/lib/libeufs_msgs__rosidl_typesupport_fastrtps_c.so" to ""
-- Installing: /home/alr/Desktop/new_perception/new_eufs_ws/install/eufs_msgs/lib/libeufs_msgs__rosidl_typesupport_introspection_c.so
-- Set runtime path of "/home/alr/Desktop/new_perception/new_eufs_ws/install/eufs_msgs/lib/libeufs_msgs__rosidl_typesupport_introspection_c.so" to ""
-- Installing: /home/alr/Desktop/new_perception/new_eufs_ws/install/eufs_msgs/lib/libeufs_msgs__rosidl_typesupport_c.so
-- Set runtime path of "/home/alr/Desktop/new_perception/new_eufs_ws/install/eufs_msgs/lib/libeufs_msgs__rosidl_typesupport_c.so" to ""
-- Installing: /home/alr/Desktop/new_perception/new_eufs_ws/install/eufs_msgs/lib/libeufs_msgs__rosidl_typesupport_fastrtps_cpp.so
-- Set runtime path of "/home/alr/Desktop/new_perception/new_eufs_ws/install/eufs_msgs/lib/libeufs_msgs__rosidl_typesupport_fastrtps_cpp.so" to ""
-- Installing: /home/alr/Desktop/new_perception/new_eufs_ws/install/eufs_msgs/lib/libeufs_msgs__rosidl_typesupport_introspection_cpp.so
-- Set runtime path of "/home/alr/Desktop/new_perception/new_eufs_ws/install/eufs_msgs/lib/libeufs_msgs__rosidl_typesupport_introspection_cpp.so" to ""
-- Installing: /home/alr/Desktop/new_perception/new_eufs_ws/install/eufs_msgs/lib/libeufs_msgs__rosidl_typesupport_cpp.so
-- Set runtime path of "/home/alr/Desktop/new_perception/new_eufs_ws/install/eufs_msgs/lib/libeufs_msgs__rosidl_typesupport_cpp.so" to ""
Listing '/home/alr/Desktop/new_perception/new_eufs_ws/install/eufs_msgs/local/lib/python3.10/dist-packages/eufs_msgs'...
Compiling '/home/alr/Desktop/new_perception/new_eufs_ws/install/eufs_msgs/local/lib/python3.10/dist-packages/eufs_msgs/__init__.py'...
Listing '/home/alr/Desktop/new_perception/new_eufs_ws/install/eufs_msgs/local/lib/python3.10/dist-packages/eufs_msgs/action'...
Compiling '/home/alr/Desktop/new_perception/new_eufs_ws/install/eufs_msgs/local/lib/python3.10/dist-packages/eufs_msgs/action/__init__.py'...
Compiling '/home/alr/Desktop/new_perception/new_eufs_ws/install/eufs_msgs/local/lib/python3.10/dist-packages/eufs_msgs/action/_check_for_objects.py'...
Listing '/home/alr/Desktop/new_perception/new_eufs_ws/install/eufs_msgs/local/lib/python3.10/dist-packages/eufs_msgs/msg'...
Compiling '/home/alr/Desktop/new_perception/new_eufs_ws/install/eufs_msgs/local/lib/python3.10/dist-packages/eufs_msgs/msg/__init__.py'...
Compiling '/home/alr/Desktop/new_perception/new_eufs_ws/install/eufs_msgs/local/lib/python3.10/dist-packages/eufs_msgs/msg/_bounding_box.py'...
Compiling '/home/alr/Desktop/new_perception/new_eufs_ws/install/eufs_msgs/local/lib/python3.10/dist-packages/eufs_msgs/msg/_bounding_boxes.py'...
Compiling '/home/alr/Desktop/new_perception/new_eufs_ws/install/eufs_msgs/local/lib/python3.10/dist-packages/eufs_msgs/msg/_can_state.py'...
Compiling '/home/alr/Desktop/new_perception/new_eufs_ws/install/eufs_msgs/local/lib/python3.10/dist-packages/eufs_msgs/msg/_car_forces.py'...
Compiling '/home/alr/Desktop/new_perception/new_eufs_ws/install/eufs_msgs/local/lib/python3.10/dist-packages/eufs_msgs/msg/_car_state.py'...
Compiling '/home/alr/Desktop/new_perception/new_eufs_ws/install/eufs_msgs/local/lib/python3.10/dist-packages/eufs_msgs/msg/_chassis_command.py'...
Compiling '/home/alr/Desktop/new_perception/new_eufs_ws/install/eufs_msgs/local/lib/python3.10/dist-packages/eufs_msgs/msg/_chassis_state.py'...
Compiling '/home/alr/Desktop/new_perception/new_eufs_ws/install/eufs_msgs/local/lib/python3.10/dist-packages/eufs_msgs/msg/_cone_array.py'...
Compiling '/home/alr/Desktop/new_perception/new_eufs_ws/install/eufs_msgs/local/lib/python3.10/dist-packages/eufs_msgs/msg/_cone_array_with_covariance.py'...
Compiling '/home/alr/Desktop/new_perception/new_eufs_ws/install/eufs_msgs/local/lib/python3.10/dist-packages/eufs_msgs/msg/_cone_association.py'...
Compiling '/home/alr/Desktop/new_perception/new_eufs_ws/install/eufs_msgs/local/lib/python3.10/dist-packages/eufs_msgs/msg/_cone_association_array.py'...
Compiling '/home/alr/Desktop/new_perception/new_eufs_ws/install/eufs_msgs/local/lib/python3.10/dist-packages/eufs_msgs/msg/_cone_association_array_array_stamped.py'...
Compiling '/home/alr/Desktop/new_perception/new_eufs_ws/install/eufs_msgs/local/lib/python3.10/dist-packages/eufs_msgs/msg/_cone_association_array_stamped.py'...
Compiling '/home/alr/Desktop/new_perception/new_eufs_ws/install/eufs_msgs/local/lib/python3.10/dist-packages/eufs_msgs/msg/_cone_with_color_probability.py'...
Compiling '/home/alr/Desktop/new_perception/new_eufs_ws/install/eufs_msgs/local/lib/python3.10/dist-packages/eufs_msgs/msg/_cone_with_color_probability_array.py'...
Compiling '/home/alr/Desktop/new_perception/new_eufs_ws/install/eufs_msgs/local/lib/python3.10/dist-packages/eufs_msgs/msg/_cone_with_covariance.py'...
Compiling '/home/alr/Desktop/new_perception/new_eufs_ws/install/eufs_msgs/local/lib/python3.10/dist-packages/eufs_msgs/msg/_costmap.py'...
Compiling '/home/alr/Desktop/new_perception/new_eufs_ws/install/eufs_msgs/local/lib/python3.10/dist-packages/eufs_msgs/msg/_cpu_status.py'...
Compiling '/home/alr/Desktop/new_perception/new_eufs_ws/install/eufs_msgs/local/lib/python3.10/dist-packages/eufs_msgs/msg/_cpu_usage.py'...
Compiling '/home/alr/Desktop/new_perception/new_eufs_ws/install/eufs_msgs/local/lib/python3.10/dist-packages/eufs_msgs/msg/_ekf_err.py'...
Compiling '/home/alr/Desktop/new_perception/new_eufs_ws/install/eufs_msgs/local/lib/python3.10/dist-packages/eufs_msgs/msg/_ekf_state.py'...
Compiling '/home/alr/Desktop/new_perception/new_eufs_ws/install/eufs_msgs/local/lib/python3.10/dist-packages/eufs_msgs/msg/_full_state.py'...
Compiling '/home/alr/Desktop/new_perception/new_eufs_ws/install/eufs_msgs/local/lib/python3.10/dist-packages/eufs_msgs/msg/_heartbeat.py'...
Compiling '/home/alr/Desktop/new_perception/new_eufs_ws/install/eufs_msgs/local/lib/python3.10/dist-packages/eufs_msgs/msg/_integration_err.py'...
Compiling '/home/alr/Desktop/new_perception/new_eufs_ws/install/eufs_msgs/local/lib/python3.10/dist-packages/eufs_msgs/msg/_lap_stats.py'...
Compiling '/home/alr/Desktop/new_perception/new_eufs_ws/install/eufs_msgs/local/lib/python3.10/dist-packages/eufs_msgs/msg/_mpc_state.py'...
Compiling '/home/alr/Desktop/new_perception/new_eufs_ws/install/eufs_msgs/local/lib/python3.10/dist-packages/eufs_msgs/msg/_node_state.py'...
Compiling '/home/alr/Desktop/new_perception/new_eufs_ws/install/eufs_msgs/local/lib/python3.10/dist-packages/eufs_msgs/msg/_node_state_array.py'...
Compiling '/home/alr/Desktop/new_perception/new_eufs_ws/install/eufs_msgs/local/lib/python3.10/dist-packages/eufs_msgs/msg/_oss.py'...
Compiling '/home/alr/Desktop/new_perception/new_eufs_ws/install/eufs_msgs/local/lib/python3.10/dist-packages/eufs_msgs/msg/_particle.py'...
Compiling '/home/alr/Desktop/new_perception/new_eufs_ws/install/eufs_msgs/local/lib/python3.10/dist-packages/eufs_msgs/msg/_particle_slam.py'...
Compiling '/home/alr/Desktop/new_perception/new_eufs_ws/install/eufs_msgs/local/lib/python3.10/dist-packages/eufs_msgs/msg/_particle_slam_stamped.py'...
Compiling '/home/alr/Desktop/new_perception/new_eufs_ws/install/eufs_msgs/local/lib/python3.10/dist-packages/eufs_msgs/msg/_particle_stamped.py'...
Compiling '/home/alr/Desktop/new_perception/new_eufs_ws/install/eufs_msgs/local/lib/python3.10/dist-packages/eufs_msgs/msg/_path_integral_params.py'...
Compiling '/home/alr/Desktop/new_perception/new_eufs_ws/install/eufs_msgs/local/lib/python3.10/dist-packages/eufs_msgs/msg/_path_integral_stats.py'...
Compiling '/home/alr/Desktop/new_perception/new_eufs_ws/install/eufs_msgs/local/lib/python3.10/dist-packages/eufs_msgs/msg/_path_integral_status.py'...
Compiling '/home/alr/Desktop/new_perception/new_eufs_ws/install/eufs_msgs/local/lib/python3.10/dist-packages/eufs_msgs/msg/_path_integral_timing.py'...
Compiling '/home/alr/Desktop/new_perception/new_eufs_ws/install/eufs_msgs/local/lib/python3.10/dist-packages/eufs_msgs/msg/_planning_mode.py'...
Compiling '/home/alr/Desktop/new_perception/new_eufs_ws/install/eufs_msgs/local/lib/python3.10/dist-packages/eufs_msgs/msg/_point_array.py'...
Compiling '/home/alr/Desktop/new_perception/new_eufs_ws/install/eufs_msgs/local/lib/python3.10/dist-packages/eufs_msgs/msg/_point_array_stamped.py'...
Compiling '/home/alr/Desktop/new_perception/new_eufs_ws/install/eufs_msgs/local/lib/python3.10/dist-packages/eufs_msgs/msg/_pure_pursuit_checkpoint.py'...
Compiling '/home/alr/Desktop/new_perception/new_eufs_ws/install/eufs_msgs/local/lib/python3.10/dist-packages/eufs_msgs/msg/_pure_pursuit_checkpoint_array_stamped.py'...
Compiling '/home/alr/Desktop/new_perception/new_eufs_ws/install/eufs_msgs/local/lib/python3.10/dist-packages/eufs_msgs/msg/_runstop.py'...
Compiling '/home/alr/Desktop/new_perception/new_eufs_ws/install/eufs_msgs/local/lib/python3.10/dist-packages/eufs_msgs/msg/_slam_err.py'...
Compiling '/home/alr/Desktop/new_perception/new_eufs_ws/install/eufs_msgs/local/lib/python3.10/dist-packages/eufs_msgs/msg/_slam_state.py'...
Compiling '/home/alr/Desktop/new_perception/new_eufs_ws/install/eufs_msgs/local/lib/python3.10/dist-packages/eufs_msgs/msg/_state_machine_state.py'...
Compiling '/home/alr/Desktop/new_perception/new_eufs_ws/install/eufs_msgs/local/lib/python3.10/dist-packages/eufs_msgs/msg/_stereo_image.py'...
Compiling '/home/alr/Desktop/new_perception/new_eufs_ws/install/eufs_msgs/local/lib/python3.10/dist-packages/eufs_msgs/msg/_system_status.py'...
Compiling '/home/alr/Desktop/new_perception/new_eufs_ws/install/eufs_msgs/local/lib/python3.10/dist-packages/eufs_msgs/msg/_topic_status.py'...
Compiling '/home/alr/Desktop/new_perception/new_eufs_ws/install/eufs_msgs/local/lib/python3.10/dist-packages/eufs_msgs/msg/_vehicle_commands.py'...
Compiling '/home/alr/Desktop/new_perception/new_eufs_ws/install/eufs_msgs/local/lib/python3.10/dist-packages/eufs_msgs/msg/_vehicle_commands_stamped.py'...
Compiling '/home/alr/Desktop/new_perception/new_eufs_ws/install/eufs_msgs/local/lib/python3.10/dist-packages/eufs_msgs/msg/_waypoint.py'...
Compiling '/home/alr/Desktop/new_perception/new_eufs_ws/install/eufs_msgs/local/lib/python3.10/dist-packages/eufs_msgs/msg/_waypoint_array_stamped.py'...
Compiling '/home/alr/Desktop/new_perception/new_eufs_ws/install/eufs_msgs/local/lib/python3.10/dist-packages/eufs_msgs/msg/_wheel_odometry_err.py'...
Compiling '/home/alr/Desktop/new_perception/new_eufs_ws/install/eufs_msgs/local/lib/python3.10/dist-packages/eufs_msgs/msg/_wheel_speeds.py'...
Compiling '/home/alr/Desktop/new_perception/new_eufs_ws/install/eufs_msgs/local/lib/python3.10/dist-packages/eufs_msgs/msg/_wheel_speeds_stamped.py'...
Listing '/home/alr/Desktop/new_perception/new_eufs_ws/install/eufs_msgs/local/lib/python3.10/dist-packages/eufs_msgs/srv'...
Compiling '/home/alr/Desktop/new_perception/new_eufs_ws/install/eufs_msgs/local/lib/python3.10/dist-packages/eufs_msgs/srv/__init__.py'...
Compiling '/home/alr/Desktop/new_perception/new_eufs_ws/install/eufs_msgs/local/lib/python3.10/dist-packages/eufs_msgs/srv/_get_map.py'...
Compiling '/home/alr/Desktop/new_perception/new_eufs_ws/install/eufs_msgs/local/lib/python3.10/dist-packages/eufs_msgs/srv/_record_start.py'...
Compiling '/home/alr/Desktop/new_perception/new_eufs_ws/install/eufs_msgs/local/lib/python3.10/dist-packages/eufs_msgs/srv/_record_stop.py'...
Compiling '/home/alr/Desktop/new_perception/new_eufs_ws/install/eufs_msgs/local/lib/python3.10/dist-packages/eufs_msgs/srv/_register.py'...
Compiling '/home/alr/Desktop/new_perception/new_eufs_ws/install/eufs_msgs/local/lib/python3.10/dist-packages/eufs_msgs/srv/_set_can_state.py'...
Compiling '/home/alr/Desktop/new_perception/new_eufs_ws/install/eufs_msgs/local/lib/python3.10/dist-packages/eufs_msgs/srv/_set_mission.py'...
Compiling '/home/alr/Desktop/new_perception/new_eufs_ws/install/eufs_msgs/local/lib/python3.10/dist-packages/eufs_msgs/srv/_set_string.py'...
Compiling '/home/alr/Desktop/new_perception/new_eufs_ws/install/eufs_msgs/local/lib/python3.10/dist-packages/eufs_msgs/srv/_set_track.py'...
-- Installing: /home/alr/Desktop/new_perception/new_eufs_ws/install/eufs_msgs/lib/libeufs_msgs__rosidl_generator_py.so
-- Set runtime path of "/home/alr/Desktop/new_perception/new_eufs_ws/install/eufs_msgs/lib/libeufs_msgs__rosidl_generator_py.so" to ""
-- Installing: /home/alr/Desktop/new_perception/new_eufs_ws/install/eufs_msgs/share/eufs_msgs/cmake/export_eufs_msgs__rosidl_generator_cExport.cmake
-- Installing: /home/alr/Desktop/new_perception/new_eufs_ws/install/eufs_msgs/share/eufs_msgs/cmake/export_eufs_msgs__rosidl_generator_cExport-noconfig.cmake
-- Installing: /home/alr/Desktop/new_perception/new_eufs_ws/install/eufs_msgs/share/eufs_msgs/cmake/export_eufs_msgs__rosidl_typesupport_fastrtps_cExport.cmake
-- Installing: /home/alr/Desktop/new_perception/new_eufs_ws/install/eufs_msgs/share/eufs_msgs/cmake/export_eufs_msgs__rosidl_typesupport_fastrtps_cExport-noconfig.cmake
-- Installing: /home/alr/Desktop/new_perception/new_eufs_ws/install/eufs_msgs/share/eufs_msgs/cmake/eufs_msgs__rosidl_typesupport_introspection_cExport.cmake
-- Installing: /home/alr/Desktop/new_perception/new_eufs_ws/install/eufs_msgs/share/eufs_msgs/cmake/eufs_msgs__rosidl_typesupport_introspection_cExport-noconfig.cmake
-- Installing: /home/alr/Desktop/new_perception/new_eufs_ws/install/eufs_msgs/share/eufs_msgs/cmake/eufs_msgs__rosidl_typesupport_cExport.cmake
-- Installing: /home/alr/Desktop/new_perception/new_eufs_ws/install/eufs_msgs/share/eufs_msgs/cmake/eufs_msgs__rosidl_typesupport_cExport-noconfig.cmake
-- Installing: /home/alr/Desktop/new_perception/new_eufs_ws/install/eufs_msgs/share/eufs_msgs/cmake/export_eufs_msgs__rosidl_generator_cppExport.cmake
-- Installing: /home/alr/Desktop/new_perception/new_eufs_ws/install/eufs_msgs/share/eufs_msgs/cmake/export_eufs_msgs__rosidl_typesupport_fastrtps_cppExport.cmake
-- Installing: /home/alr/Desktop/new_perception/new_eufs_ws/install/eufs_msgs/share/eufs_msgs/cmake/export_eufs_msgs__rosidl_typesupport_fastrtps_cppExport-noconfig.cmake
-- Installing: /home/alr/Desktop/new_perception/new_eufs_ws/install/eufs_msgs/share/eufs_msgs/cmake/eufs_msgs__rosidl_typesupport_introspection_cppExport.cmake
-- Installing: /home/alr/Desktop/new_perception/new_eufs_ws/install/eufs_msgs/share/eufs_msgs/cmake/eufs_msgs__rosidl_typesupport_introspection_cppExport-noconfig.cmake
-- Installing: /home/alr/Desktop/new_perception/new_eufs_ws/install/eufs_msgs/share/eufs_msgs/cmake/eufs_msgs__rosidl_typesupport_cppExport.cmake
-- Installing: /home/alr/Desktop/new_perception/new_eufs_ws/install/eufs_msgs/share/eufs_msgs/cmake/eufs_msgs__rosidl_typesupport_cppExport-noconfig.cmake
-- Installing: /home/alr/Desktop/new_perception/new_eufs_ws/install/eufs_msgs/share/eufs_msgs/cmake/export_eufs_msgs__rosidl_generator_pyExport.cmake
-- Installing: /home/alr/Desktop/new_perception/new_eufs_ws/install/eufs_msgs/share/eufs_msgs/cmake/export_eufs_msgs__rosidl_generator_pyExport-noconfig.cmake
