[0.015s] Invoking command in '/home/alr/Desktop/new_perception/new_eufs_ws/build/eufs_msgs': CMAKE_PREFIX_PATH=${CMAKE_PREFIX_PATH}:/home/alr/Desktop/new_perception/new_eufs_ws/install/opencv_tests:/home/alr/Desktop/new_perception/new_eufs_ws/install/fsd_planner:/home/alr/Desktop/new_perception/new_eufs_ws/install/eufs_launcher:/home/alr/Desktop/new_perception/new_eufs_ws/install/eufs_tracks:/home/alr/Desktop/new_perception/new_eufs_ws/install/eufs_rqt:/home/alr/Desktop/new_perception/new_eufs_ws/install/eufs_racecar:/opt/ros/humble /usr/bin/cmake /home/alr/Desktop/new_perception/new_eufs_ws/src/eufs_msgs -DAMENT_CMAKE_SYMLINK_INSTALL=1 -DCMAKE_INSTALL_PREFIX=/home/alr/Desktop/new_perception/new_eufs_ws/install/eufs_msgs
[0.344s] -- The C compiler identification is GNU 11.4.0
[0.344s] -- The CXX compiler identification is GNU 11.4.0
[0.344s] -- Detecting C compiler ABI info
[0.344s] -- Detecting C compiler ABI info - done
[0.344s] -- Check for working C compiler: /usr/bin/cc - skipped
[0.345s] -- Detecting C compile features
[0.345s] -- Detecting C compile features - done
[0.345s] -- Detecting CXX compiler ABI info
[0.345s] -- Detecting CXX compiler ABI info - done
[0.345s] -- Check for working CXX compiler: /usr/bin/c++ - skipped
[0.345s] -- Detecting CXX compile features
[0.345s] -- Detecting CXX compile features - done
[0.345s] -- Found ament_cmake: 1.3.14 (/opt/ros/humble/share/ament_cmake/cmake)
[0.593s] -- Found Python3: /usr/bin/python3 (found version "3.10.12") found components: Interpreter 
[0.645s] -- Override CMake install command with custom implementation using symlinks instead of copying resources
[0.666s] -- Found rosidl_default_generators: 1.2.1 (/opt/ros/humble/share/rosidl_default_generators/cmake)
[0.669s] -- Using all available rosidl_typesupport_c: rosidl_typesupport_fastrtps_c;rosidl_typesupport_introspection_c
[0.672s] -- Found rosidl_adapter: 3.1.8 (/opt/ros/humble/share/rosidl_adapter/cmake)
[0.697s] -- Using all available rosidl_typesupport_cpp: rosidl_typesupport_fastrtps_cpp;rosidl_typesupport_introspection_cpp
[0.722s] -- Found std_msgs: 4.9.1 (/opt/ros/humble/share/std_msgs/cmake)
[0.739s] -- Found geometry_msgs: 4.9.1 (/opt/ros/humble/share/geometry_msgs/cmake)
[0.747s] -- Found sensor_msgs: 4.9.1 (/opt/ros/humble/share/sensor_msgs/cmake)
[1.240s] -- Found ament_cmake_ros: 0.10.0 (/opt/ros/humble/share/ament_cmake_ros/cmake)
[1.614s] -- Using all available rosidl_typesupport_c: rosidl_typesupport_fastrtps_c;rosidl_typesupport_introspection_c
[2.037s] -- Using all available rosidl_typesupport_cpp: rosidl_typesupport_fastrtps_cpp;rosidl_typesupport_introspection_cpp
[2.064s] -- Found PythonInterp: /usr/bin/python3 (found suitable version "3.10.12", minimum required is "3.6") 
[2.066s] -- Found python_cmake_module: 0.10.0 (/opt/ros/humble/share/python_cmake_module/cmake)
[2.099s] -- Found PythonLibs: /usr/lib/x86_64-linux-gnu/libpython3.10.so (found suitable version "3.10.12", minimum required is "3.5") 
[2.099s] -- Using PYTHON_EXECUTABLE: /usr/bin/python3
[2.099s] -- Using PYTHON_INCLUDE_DIRS: /usr/include/python3.10
[2.099s] -- Using PYTHON_LIBRARIES: /usr/lib/x86_64-linux-gnu/libpython3.10.so
[2.117s] -- Found PythonExtra: .so  
[2.392s] -- Configuring done
[2.556s] -- Generating done
[2.571s] -- Build files have been written to: /home/alr/Desktop/new_perception/new_eufs_ws/build/eufs_msgs
[2.580s] Invoked command in '/home/alr/Desktop/new_perception/new_eufs_ws/build/eufs_msgs' returned '0': CMAKE_PREFIX_PATH=${CMAKE_PREFIX_PATH}:/home/alr/Desktop/new_perception/new_eufs_ws/install/opencv_tests:/home/alr/Desktop/new_perception/new_eufs_ws/install/fsd_planner:/home/alr/Desktop/new_perception/new_eufs_ws/install/eufs_launcher:/home/alr/Desktop/new_perception/new_eufs_ws/install/eufs_tracks:/home/alr/Desktop/new_perception/new_eufs_ws/install/eufs_rqt:/home/alr/Desktop/new_perception/new_eufs_ws/install/eufs_racecar:/opt/ros/humble /usr/bin/cmake /home/alr/Desktop/new_perception/new_eufs_ws/src/eufs_msgs -DAMENT_CMAKE_SYMLINK_INSTALL=1 -DCMAKE_INSTALL_PREFIX=/home/alr/Desktop/new_perception/new_eufs_ws/install/eufs_msgs
[2.582s] Invoking command in '/home/alr/Desktop/new_perception/new_eufs_ws/build/eufs_msgs': CMAKE_PREFIX_PATH=${CMAKE_PREFIX_PATH}:/home/alr/Desktop/new_perception/new_eufs_ws/install/opencv_tests:/home/alr/Desktop/new_perception/new_eufs_ws/install/fsd_planner:/home/alr/Desktop/new_perception/new_eufs_ws/install/eufs_launcher:/home/alr/Desktop/new_perception/new_eufs_ws/install/eufs_tracks:/home/alr/Desktop/new_perception/new_eufs_ws/install/eufs_rqt:/home/alr/Desktop/new_perception/new_eufs_ws/install/eufs_racecar:/opt/ros/humble /usr/bin/cmake --build /home/alr/Desktop/new_perception/new_eufs_ws/build/eufs_msgs -- -j20 -l20
[2.656s] [  0%] [34m[1mGenerating C code for ROS interfaces[0m
[2.663s] [  1%] [34m[1mGenerating Rust code for ROS interfaces[0m
[2.665s] [  1%] Built target ament_cmake_python_symlink_eufs_msgs
[2.667s] [  1%] [34m[1mGenerating C++ code for ROS interfaces[0m
[2.877s] running egg_info
[2.877s] creating eufs_msgs.egg-info
[2.878s] writing eufs_msgs.egg-info/PKG-INFO
[2.878s] writing dependency_links to eufs_msgs.egg-info/dependency_links.txt
[2.878s] writing top-level names to eufs_msgs.egg-info/top_level.txt
[2.878s] writing manifest file 'eufs_msgs.egg-info/SOURCES.txt'
[2.879s] reading manifest file 'eufs_msgs.egg-info/SOURCES.txt'
[2.879s] writing manifest file 'eufs_msgs.egg-info/SOURCES.txt'
[2.902s] [  1%] Built target ament_cmake_python_build_eufs_msgs_egg
[4.243s] [  1%] Built target eufs_msgs__rs
[5.537s] [  1%] Built target eufs_msgs__cpp
[5.550s] [  1%] [34m[1mGenerating C++ type support dispatch for ROS interfaces[0m
[5.554s] [  1%] [34m[1mGenerating C++ type support for eProsima Fast-RTPS[0m
[5.555s] [  1%] [34m[1mGenerating C++ introspection for ROS interfaces[0m
[5.771s] [  2%] [32mBuilding C object CMakeFiles/eufs_msgs__rosidl_generator_c.dir/rosidl_generator_c/eufs_msgs/msg/detail/can_state__functions.c.o[0m
[5.771s] [  2%] [32mBuilding C object CMakeFiles/eufs_msgs__rosidl_generator_c.dir/rosidl_generator_c/eufs_msgs/msg/detail/chassis_command__functions.c.o[0m
[5.772s] [  2%] [32mBuilding C object CMakeFiles/eufs_msgs__rosidl_generator_c.dir/rosidl_generator_c/eufs_msgs/msg/detail/bounding_boxes__functions.c.o[0m
[5.772s] [  2%] [32mBuilding C object CMakeFiles/eufs_msgs__rosidl_generator_c.dir/rosidl_generator_c/eufs_msgs/msg/detail/car_state__functions.c.o[0m
[5.772s] [  2%] [32mBuilding C object CMakeFiles/eufs_msgs__rosidl_generator_c.dir/rosidl_generator_c/eufs_msgs/msg/detail/car_forces__functions.c.o[0m
[5.773s] [  2%] [32mBuilding C object CMakeFiles/eufs_msgs__rosidl_generator_c.dir/rosidl_generator_c/eufs_msgs/msg/detail/cone_array_with_covariance__functions.c.o[0m
[5.773s] [  2%] [32mBuilding C object CMakeFiles/eufs_msgs__rosidl_generator_c.dir/rosidl_generator_c/eufs_msgs/msg/detail/chassis_state__functions.c.o[0m
[5.774s] [  3%] [32mBuilding C object CMakeFiles/eufs_msgs__rosidl_generator_c.dir/rosidl_generator_c/eufs_msgs/msg/detail/cone_with_color_probability_array__functions.c.o[0m
[5.774s] [  3%] [32mBuilding C object CMakeFiles/eufs_msgs__rosidl_generator_c.dir/rosidl_generator_c/eufs_msgs/msg/detail/cone_with_covariance__functions.c.o[0m
[5.774s] [  3%] [32mBuilding C object CMakeFiles/eufs_msgs__rosidl_generator_c.dir/rosidl_generator_c/eufs_msgs/msg/detail/cone_array__functions.c.o[0m
[5.774s] [  2%] [32mBuilding C object CMakeFiles/eufs_msgs__rosidl_generator_c.dir/rosidl_generator_c/eufs_msgs/msg/detail/bounding_box__functions.c.o[0m
[5.774s] [  3%] [32mBuilding C object CMakeFiles/eufs_msgs__rosidl_generator_c.dir/rosidl_generator_c/eufs_msgs/msg/detail/cone_association__functions.c.o[0m
[5.774s] [  3%] [32mBuilding C object CMakeFiles/eufs_msgs__rosidl_generator_c.dir/rosidl_generator_c/eufs_msgs/msg/detail/cone_with_color_probability__functions.c.o[0m
[5.774s] [  4%] [32mBuilding C object CMakeFiles/eufs_msgs__rosidl_generator_c.dir/rosidl_generator_c/eufs_msgs/msg/detail/cone_association_array__functions.c.o[0m
[5.778s] [  4%] [32mBuilding C object CMakeFiles/eufs_msgs__rosidl_generator_c.dir/rosidl_generator_c/eufs_msgs/msg/detail/cone_association_array_array_stamped__functions.c.o[0m
[5.778s] [  4%] [32mBuilding C object CMakeFiles/eufs_msgs__rosidl_generator_c.dir/rosidl_generator_c/eufs_msgs/msg/detail/cone_association_array_stamped__functions.c.o[0m
[5.779s] [  4%] [32mBuilding C object CMakeFiles/eufs_msgs__rosidl_generator_c.dir/rosidl_generator_c/eufs_msgs/msg/detail/costmap__functions.c.o[0m
[5.833s] [  4%] [32mBuilding C object CMakeFiles/eufs_msgs__rosidl_generator_c.dir/rosidl_generator_c/eufs_msgs/msg/detail/cpu_status__functions.c.o[0m
[5.836s] [  5%] [32mBuilding C object CMakeFiles/eufs_msgs__rosidl_generator_c.dir/rosidl_generator_c/eufs_msgs/msg/detail/cpu_usage__functions.c.o[0m
[5.839s] [  5%] [32mBuilding C object CMakeFiles/eufs_msgs__rosidl_generator_c.dir/rosidl_generator_c/eufs_msgs/msg/detail/full_state__functions.c.o[0m
[5.840s] [  5%] [32mBuilding C object CMakeFiles/eufs_msgs__rosidl_generator_c.dir/rosidl_generator_c/eufs_msgs/msg/detail/ekf_err__functions.c.o[0m
[5.840s] [  5%] [32mBuilding C object CMakeFiles/eufs_msgs__rosidl_generator_c.dir/rosidl_generator_c/eufs_msgs/msg/detail/heartbeat__functions.c.o[0m
[5.840s] [  5%] [32mBuilding C object CMakeFiles/eufs_msgs__rosidl_generator_c.dir/rosidl_generator_c/eufs_msgs/msg/detail/ekf_state__functions.c.o[0m
[5.843s] [  5%] [32mBuilding C object CMakeFiles/eufs_msgs__rosidl_generator_c.dir/rosidl_generator_c/eufs_msgs/msg/detail/integration_err__functions.c.o[0m
[5.843s] [  6%] [32mBuilding C object CMakeFiles/eufs_msgs__rosidl_generator_c.dir/rosidl_generator_c/eufs_msgs/msg/detail/lap_stats__functions.c.o[0m
[5.844s] [  6%] [32mBuilding C object CMakeFiles/eufs_msgs__rosidl_generator_c.dir/rosidl_generator_c/eufs_msgs/msg/detail/mpc_state__functions.c.o[0m
[5.846s] [  6%] [32mBuilding C object CMakeFiles/eufs_msgs__rosidl_generator_c.dir/rosidl_generator_c/eufs_msgs/msg/detail/node_state__functions.c.o[0m
[5.851s] [  6%] [32mBuilding C object CMakeFiles/eufs_msgs__rosidl_generator_c.dir/rosidl_generator_c/eufs_msgs/msg/detail/node_state_array__functions.c.o[0m
[5.851s] [  6%] [32mBuilding C object CMakeFiles/eufs_msgs__rosidl_generator_c.dir/rosidl_generator_c/eufs_msgs/msg/detail/oss__functions.c.o[0m
[5.860s] [  7%] [32mBuilding C object CMakeFiles/eufs_msgs__rosidl_generator_c.dir/rosidl_generator_c/eufs_msgs/msg/detail/particle__functions.c.o[0m
[5.861s] [  7%] [32mBuilding C object CMakeFiles/eufs_msgs__rosidl_generator_c.dir/rosidl_generator_c/eufs_msgs/msg/detail/particle_slam__functions.c.o[0m
[5.862s] [  7%] [32mBuilding C object CMakeFiles/eufs_msgs__rosidl_generator_c.dir/rosidl_generator_c/eufs_msgs/msg/detail/particle_slam_stamped__functions.c.o[0m
[5.867s] [  7%] [32mBuilding C object CMakeFiles/eufs_msgs__rosidl_generator_c.dir/rosidl_generator_c/eufs_msgs/msg/detail/particle_stamped__functions.c.o[0m
[5.875s] [  7%] [32mBuilding C object CMakeFiles/eufs_msgs__rosidl_generator_c.dir/rosidl_generator_c/eufs_msgs/msg/detail/path_integral_params__functions.c.o[0m
[5.892s] [  7%] [32mBuilding C object CMakeFiles/eufs_msgs__rosidl_generator_c.dir/rosidl_generator_c/eufs_msgs/msg/detail/path_integral_stats__functions.c.o[0m
[5.897s] [  8%] [32mBuilding C object CMakeFiles/eufs_msgs__rosidl_generator_c.dir/rosidl_generator_c/eufs_msgs/msg/detail/path_integral_status__functions.c.o[0m
[5.897s] [  8%] [32mBuilding C object CMakeFiles/eufs_msgs__rosidl_generator_c.dir/rosidl_generator_c/eufs_msgs/msg/detail/path_integral_timing__functions.c.o[0m
[5.898s] [  8%] [32mBuilding C object CMakeFiles/eufs_msgs__rosidl_generator_c.dir/rosidl_generator_c/eufs_msgs/msg/detail/planning_mode__functions.c.o[0m
[5.903s] [  8%] [32mBuilding C object CMakeFiles/eufs_msgs__rosidl_generator_c.dir/rosidl_generator_c/eufs_msgs/msg/detail/point_array__functions.c.o[0m
[5.904s] [  9%] [32mBuilding C object CMakeFiles/eufs_msgs__rosidl_generator_c.dir/rosidl_generator_c/eufs_msgs/msg/detail/pure_pursuit_checkpoint__functions.c.o[0m
[5.904s] [  9%] [32mBuilding C object CMakeFiles/eufs_msgs__rosidl_generator_c.dir/rosidl_generator_c/eufs_msgs/msg/detail/point_array_stamped__functions.c.o[0m
[5.911s] [  9%] [32mBuilding C object CMakeFiles/eufs_msgs__rosidl_generator_c.dir/rosidl_generator_c/eufs_msgs/msg/detail/pure_pursuit_checkpoint_array_stamped__functions.c.o[0m
[5.911s] [  9%] [32mBuilding C object CMakeFiles/eufs_msgs__rosidl_generator_c.dir/rosidl_generator_c/eufs_msgs/msg/detail/runstop__functions.c.o[0m
[5.912s] [  9%] [32mBuilding C object CMakeFiles/eufs_msgs__rosidl_generator_c.dir/rosidl_generator_c/eufs_msgs/msg/detail/slam_err__functions.c.o[0m
[5.922s] [  9%] [32mBuilding C object CMakeFiles/eufs_msgs__rosidl_generator_c.dir/rosidl_generator_c/eufs_msgs/msg/detail/slam_state__functions.c.o[0m
[5.926s] [  9%] [32mBuilding C object CMakeFiles/eufs_msgs__rosidl_generator_c.dir/rosidl_generator_c/eufs_msgs/msg/detail/stereo_image__functions.c.o[0m
[5.926s] [ 10%] [32mBuilding C object CMakeFiles/eufs_msgs__rosidl_generator_c.dir/rosidl_generator_c/eufs_msgs/msg/detail/state_machine_state__functions.c.o[0m
[5.927s] [ 10%] [32mBuilding C object CMakeFiles/eufs_msgs__rosidl_generator_c.dir/rosidl_generator_c/eufs_msgs/msg/detail/system_status__functions.c.o[0m
[5.946s] [ 10%] [32mBuilding C object CMakeFiles/eufs_msgs__rosidl_generator_c.dir/rosidl_generator_c/eufs_msgs/msg/detail/topic_status__functions.c.o[0m
[5.948s] [ 10%] [32mBuilding C object CMakeFiles/eufs_msgs__rosidl_generator_c.dir/rosidl_generator_c/eufs_msgs/msg/detail/vehicle_commands__functions.c.o[0m
[5.955s] [ 11%] [32mBuilding C object CMakeFiles/eufs_msgs__rosidl_generator_c.dir/rosidl_generator_c/eufs_msgs/msg/detail/waypoint__functions.c.o[0m
[5.958s] [ 11%] [32mBuilding C object CMakeFiles/eufs_msgs__rosidl_generator_c.dir/rosidl_generator_c/eufs_msgs/msg/detail/waypoint_array_stamped__functions.c.o[0m
[5.958s] [ 11%] [32mBuilding C object CMakeFiles/eufs_msgs__rosidl_generator_c.dir/rosidl_generator_c/eufs_msgs/msg/detail/vehicle_commands_stamped__functions.c.o[0m
[5.960s] [ 11%] [32mBuilding C object CMakeFiles/eufs_msgs__rosidl_generator_c.dir/rosidl_generator_c/eufs_msgs/msg/detail/wheel_odometry_err__functions.c.o[0m
[5.960s] [ 11%] [32mBuilding C object CMakeFiles/eufs_msgs__rosidl_generator_c.dir/rosidl_generator_c/eufs_msgs/msg/detail/wheel_speeds__functions.c.o[0m
[5.962s] [ 12%] [32mBuilding C object CMakeFiles/eufs_msgs__rosidl_generator_c.dir/rosidl_generator_c/eufs_msgs/action/detail/check_for_objects__functions.c.o[0m
[5.963s] [ 12%] [32mBuilding C object CMakeFiles/eufs_msgs__rosidl_generator_c.dir/rosidl_generator_c/eufs_msgs/msg/detail/wheel_speeds_stamped__functions.c.o[0m
[5.964s] [ 12%] [32mBuilding C object CMakeFiles/eufs_msgs__rosidl_generator_c.dir/rosidl_generator_c/eufs_msgs/srv/detail/record_stop__functions.c.o[0m
[5.965s] [ 12%] [32mBuilding C object CMakeFiles/eufs_msgs__rosidl_generator_c.dir/rosidl_generator_c/eufs_msgs/srv/detail/record_start__functions.c.o[0m
[5.979s] [ 12%] [32mBuilding C object CMakeFiles/eufs_msgs__rosidl_generator_c.dir/rosidl_generator_c/eufs_msgs/srv/detail/register__functions.c.o[0m
[5.980s] [ 12%] [32mBuilding C object CMakeFiles/eufs_msgs__rosidl_generator_c.dir/rosidl_generator_c/eufs_msgs/srv/detail/set_can_state__functions.c.o[0m
[5.991s] [ 12%] [32mBuilding C object CMakeFiles/eufs_msgs__rosidl_generator_c.dir/rosidl_generator_c/eufs_msgs/srv/detail/set_string__functions.c.o[0m
[5.999s] [ 13%] [32mBuilding C object CMakeFiles/eufs_msgs__rosidl_generator_c.dir/rosidl_generator_c/eufs_msgs/srv/detail/set_track__functions.c.o[0m
[6.004s] [ 13%] [32mBuilding C object CMakeFiles/eufs_msgs__rosidl_generator_c.dir/rosidl_generator_c/eufs_msgs/srv/detail/set_mission__functions.c.o[0m
[6.008s] [ 13%] [32mBuilding C object CMakeFiles/eufs_msgs__rosidl_generator_c.dir/rosidl_generator_c/eufs_msgs/srv/detail/get_map__functions.c.o[0m
[6.099s] [ 13%] [32m[1mLinking C shared library libeufs_msgs__rosidl_generator_c.so[0m
[6.138s] [ 13%] Built target eufs_msgs__rosidl_generator_c
[6.151s] [ 14%] [34m[1mGenerating C introspection for ROS interfaces[0m
[6.151s] [ 16%] [34m[1mGenerating C type support for eProsima Fast-RTPS[0m
[6.151s] [ 16%] [34m[1mGenerating C type support dispatch for ROS interfaces[0m
[7.656s] [ 16%] [32mBuilding CXX object CMakeFiles/eufs_msgs__rosidl_typesupport_cpp.dir/rosidl_typesupport_cpp/eufs_msgs/msg/bounding_box__type_support.cpp.o[0m
[7.656s] [ 16%] [32mBuilding CXX object CMakeFiles/eufs_msgs__rosidl_typesupport_cpp.dir/rosidl_typesupport_cpp/eufs_msgs/msg/can_state__type_support.cpp.o[0m
[7.656s] [ 16%] [32mBuilding CXX object CMakeFiles/eufs_msgs__rosidl_typesupport_cpp.dir/rosidl_typesupport_cpp/eufs_msgs/msg/car_forces__type_support.cpp.o[0m
[7.657s] [ 17%] [32mBuilding CXX object CMakeFiles/eufs_msgs__rosidl_typesupport_cpp.dir/rosidl_typesupport_cpp/eufs_msgs/msg/car_state__type_support.cpp.o[0m
[7.657s] [ 17%] [32mBuilding CXX object CMakeFiles/eufs_msgs__rosidl_typesupport_cpp.dir/rosidl_typesupport_cpp/eufs_msgs/msg/chassis_command__type_support.cpp.o[0m
[7.657s] [ 17%] [32mBuilding CXX object CMakeFiles/eufs_msgs__rosidl_typesupport_cpp.dir/rosidl_typesupport_cpp/eufs_msgs/msg/bounding_boxes__type_support.cpp.o[0m
[7.660s] [ 17%] [32mBuilding CXX object CMakeFiles/eufs_msgs__rosidl_typesupport_cpp.dir/rosidl_typesupport_cpp/eufs_msgs/msg/chassis_state__type_support.cpp.o[0m
[7.664s] [ 17%] [32mBuilding CXX object CMakeFiles/eufs_msgs__rosidl_typesupport_cpp.dir/rosidl_typesupport_cpp/eufs_msgs/msg/cone_with_color_probability_array__type_support.cpp.o[0m
[7.665s] [ 18%] [32mBuilding CXX object CMakeFiles/eufs_msgs__rosidl_typesupport_cpp.dir/rosidl_typesupport_cpp/eufs_msgs/msg/cone_association__type_support.cpp.o[0m
[7.670s] [ 18%] [32mBuilding CXX object CMakeFiles/eufs_msgs__rosidl_typesupport_cpp.dir/rosidl_typesupport_cpp/eufs_msgs/msg/cone_association_array__type_support.cpp.o[0m
[7.671s] [ 18%] [32mBuilding CXX object CMakeFiles/eufs_msgs__rosidl_typesupport_cpp.dir/rosidl_typesupport_cpp/eufs_msgs/msg/cone_array_with_covariance__type_support.cpp.o[0m
[7.672s] [ 19%] [32mBuilding CXX object CMakeFiles/eufs_msgs__rosidl_typesupport_cpp.dir/rosidl_typesupport_cpp/eufs_msgs/msg/cone_array__type_support.cpp.o[0m
[7.673s] [ 19%] [32mBuilding CXX object CMakeFiles/eufs_msgs__rosidl_typesupport_cpp.dir/rosidl_typesupport_cpp/eufs_msgs/msg/cone_association_array_array_stamped__type_support.cpp.o[0m
[7.674s] [ 19%] [32mBuilding CXX object CMakeFiles/eufs_msgs__rosidl_typesupport_cpp.dir/rosidl_typesupport_cpp/eufs_msgs/msg/cone_with_covariance__type_support.cpp.o[0m
[7.674s] [ 19%] [32mBuilding CXX object CMakeFiles/eufs_msgs__rosidl_typesupport_cpp.dir/rosidl_typesupport_cpp/eufs_msgs/msg/cone_with_color_probability__type_support.cpp.o[0m
[7.993s] [ 19%] [32mBuilding CXX object CMakeFiles/eufs_msgs__rosidl_typesupport_cpp.dir/rosidl_typesupport_cpp/eufs_msgs/msg/cone_association_array_stamped__type_support.cpp.o[0m
[8.003s] [ 19%] [32mBuilding CXX object CMakeFiles/eufs_msgs__rosidl_typesupport_cpp.dir/rosidl_typesupport_cpp/eufs_msgs/msg/costmap__type_support.cpp.o[0m
[8.025s] [ 19%] [32mBuilding CXX object CMakeFiles/eufs_msgs__rosidl_typesupport_cpp.dir/rosidl_typesupport_cpp/eufs_msgs/msg/cpu_status__type_support.cpp.o[0m
[8.040s] [ 20%] [32mBuilding CXX object CMakeFiles/eufs_msgs__rosidl_typesupport_cpp.dir/rosidl_typesupport_cpp/eufs_msgs/msg/cpu_usage__type_support.cpp.o[0m
[8.042s] [ 20%] [32mBuilding CXX object CMakeFiles/eufs_msgs__rosidl_typesupport_cpp.dir/rosidl_typesupport_cpp/eufs_msgs/msg/ekf_err__type_support.cpp.o[0m
[8.068s] [ 20%] [32mBuilding CXX object CMakeFiles/eufs_msgs__rosidl_typesupport_cpp.dir/rosidl_typesupport_cpp/eufs_msgs/msg/ekf_state__type_support.cpp.o[0m
[8.107s] [ 20%] [32mBuilding CXX object CMakeFiles/eufs_msgs__rosidl_typesupport_cpp.dir/rosidl_typesupport_cpp/eufs_msgs/msg/full_state__type_support.cpp.o[0m
[8.111s] [ 20%] [32mBuilding CXX object CMakeFiles/eufs_msgs__rosidl_typesupport_cpp.dir/rosidl_typesupport_cpp/eufs_msgs/msg/heartbeat__type_support.cpp.o[0m
[8.138s] [ 21%] [32mBuilding CXX object CMakeFiles/eufs_msgs__rosidl_typesupport_cpp.dir/rosidl_typesupport_cpp/eufs_msgs/msg/integration_err__type_support.cpp.o[0m
[8.153s] [ 21%] [32mBuilding CXX object CMakeFiles/eufs_msgs__rosidl_typesupport_cpp.dir/rosidl_typesupport_cpp/eufs_msgs/msg/lap_stats__type_support.cpp.o[0m
[8.154s] [ 21%] [32mBuilding CXX object CMakeFiles/eufs_msgs__rosidl_typesupport_cpp.dir/rosidl_typesupport_cpp/eufs_msgs/msg/mpc_state__type_support.cpp.o[0m
[8.156s] [ 21%] [32mBuilding CXX object CMakeFiles/eufs_msgs__rosidl_typesupport_cpp.dir/rosidl_typesupport_cpp/eufs_msgs/msg/node_state__type_support.cpp.o[0m
[8.165s] [ 21%] [32mBuilding CXX object CMakeFiles/eufs_msgs__rosidl_typesupport_cpp.dir/rosidl_typesupport_cpp/eufs_msgs/msg/node_state_array__type_support.cpp.o[0m
[8.251s] [ 22%] [32mBuilding CXX object CMakeFiles/eufs_msgs__rosidl_typesupport_cpp.dir/rosidl_typesupport_cpp/eufs_msgs/msg/oss__type_support.cpp.o[0m
[8.264s] [ 22%] [32mBuilding CXX object CMakeFiles/eufs_msgs__rosidl_typesupport_cpp.dir/rosidl_typesupport_cpp/eufs_msgs/msg/particle__type_support.cpp.o[0m
[8.347s] [ 22%] [32mBuilding CXX object CMakeFiles/eufs_msgs__rosidl_typesupport_cpp.dir/rosidl_typesupport_cpp/eufs_msgs/msg/particle_slam__type_support.cpp.o[0m
[8.428s] [ 22%] [32mBuilding CXX object CMakeFiles/eufs_msgs__rosidl_typesupport_cpp.dir/rosidl_typesupport_cpp/eufs_msgs/msg/particle_slam_stamped__type_support.cpp.o[0m
[8.433s] [ 22%] [32mBuilding CXX object CMakeFiles/eufs_msgs__rosidl_typesupport_cpp.dir/rosidl_typesupport_cpp/eufs_msgs/msg/particle_stamped__type_support.cpp.o[0m
[8.454s] [ 22%] [32mBuilding CXX object CMakeFiles/eufs_msgs__rosidl_typesupport_cpp.dir/rosidl_typesupport_cpp/eufs_msgs/msg/path_integral_params__type_support.cpp.o[0m
[8.466s] [ 23%] [32mBuilding CXX object CMakeFiles/eufs_msgs__rosidl_typesupport_cpp.dir/rosidl_typesupport_cpp/eufs_msgs/msg/path_integral_stats__type_support.cpp.o[0m
[8.467s] [ 23%] [32mBuilding CXX object CMakeFiles/eufs_msgs__rosidl_typesupport_cpp.dir/rosidl_typesupport_cpp/eufs_msgs/msg/path_integral_timing__type_support.cpp.o[0m
[8.480s] [ 23%] [32mBuilding CXX object CMakeFiles/eufs_msgs__rosidl_typesupport_cpp.dir/rosidl_typesupport_cpp/eufs_msgs/msg/path_integral_status__type_support.cpp.o[0m
[8.480s] [ 23%] [32mBuilding CXX object CMakeFiles/eufs_msgs__rosidl_typesupport_cpp.dir/rosidl_typesupport_cpp/eufs_msgs/msg/planning_mode__type_support.cpp.o[0m
[8.500s] [ 23%] [32mBuilding CXX object CMakeFiles/eufs_msgs__rosidl_typesupport_cpp.dir/rosidl_typesupport_cpp/eufs_msgs/msg/point_array__type_support.cpp.o[0m
[8.581s] [ 24%] [32mBuilding CXX object CMakeFiles/eufs_msgs__rosidl_typesupport_cpp.dir/rosidl_typesupport_cpp/eufs_msgs/msg/point_array_stamped__type_support.cpp.o[0m
[8.602s] [ 24%] [32mBuilding CXX object CMakeFiles/eufs_msgs__rosidl_typesupport_cpp.dir/rosidl_typesupport_cpp/eufs_msgs/msg/pure_pursuit_checkpoint__type_support.cpp.o[0m
[8.657s] [ 24%] [32mBuilding CXX object CMakeFiles/eufs_msgs__rosidl_typesupport_cpp.dir/rosidl_typesupport_cpp/eufs_msgs/msg/pure_pursuit_checkpoint_array_stamped__type_support.cpp.o[0m
[8.668s] [ 24%] [32mBuilding CXX object CMakeFiles/eufs_msgs__rosidl_typesupport_cpp.dir/rosidl_typesupport_cpp/eufs_msgs/msg/runstop__type_support.cpp.o[0m
[8.678s] [ 24%] [32mBuilding CXX object CMakeFiles/eufs_msgs__rosidl_typesupport_cpp.dir/rosidl_typesupport_cpp/eufs_msgs/msg/slam_err__type_support.cpp.o[0m
[8.790s] [ 24%] [32mBuilding CXX object CMakeFiles/eufs_msgs__rosidl_typesupport_cpp.dir/rosidl_typesupport_cpp/eufs_msgs/msg/slam_state__type_support.cpp.o[0m
[8.793s] [ 25%] [32mBuilding CXX object CMakeFiles/eufs_msgs__rosidl_typesupport_cpp.dir/rosidl_typesupport_cpp/eufs_msgs/msg/state_machine_state__type_support.cpp.o[0m
[8.802s] [ 25%] [32mBuilding CXX object CMakeFiles/eufs_msgs__rosidl_typesupport_cpp.dir/rosidl_typesupport_cpp/eufs_msgs/msg/stereo_image__type_support.cpp.o[0m
[8.847s] [ 25%] [32mBuilding CXX object CMakeFiles/eufs_msgs__rosidl_typesupport_cpp.dir/rosidl_typesupport_cpp/eufs_msgs/msg/system_status__type_support.cpp.o[0m
[8.851s] [ 25%] [32mBuilding CXX object CMakeFiles/eufs_msgs__rosidl_typesupport_cpp.dir/rosidl_typesupport_cpp/eufs_msgs/msg/vehicle_commands__type_support.cpp.o[0m
[8.853s] [ 25%] [32mBuilding CXX object CMakeFiles/eufs_msgs__rosidl_typesupport_cpp.dir/rosidl_typesupport_cpp/eufs_msgs/msg/topic_status__type_support.cpp.o[0m
[8.856s] [ 26%] [32mBuilding CXX object CMakeFiles/eufs_msgs__rosidl_typesupport_cpp.dir/rosidl_typesupport_cpp/eufs_msgs/msg/vehicle_commands_stamped__type_support.cpp.o[0m
[8.863s] [ 26%] [32mBuilding CXX object CMakeFiles/eufs_msgs__rosidl_typesupport_cpp.dir/rosidl_typesupport_cpp/eufs_msgs/msg/waypoint__type_support.cpp.o[0m
[8.888s] [ 26%] [32mBuilding CXX object CMakeFiles/eufs_msgs__rosidl_typesupport_cpp.dir/rosidl_typesupport_cpp/eufs_msgs/msg/waypoint_array_stamped__type_support.cpp.o[0m
[8.952s] [ 26%] [32mBuilding CXX object CMakeFiles/eufs_msgs__rosidl_typesupport_cpp.dir/rosidl_typesupport_cpp/eufs_msgs/msg/wheel_odometry_err__type_support.cpp.o[0m
[8.983s] [ 26%] [32mBuilding CXX object CMakeFiles/eufs_msgs__rosidl_typesupport_cpp.dir/rosidl_typesupport_cpp/eufs_msgs/msg/wheel_speeds_stamped__type_support.cpp.o[0m
[8.985s] [ 26%] [32mBuilding CXX object CMakeFiles/eufs_msgs__rosidl_typesupport_cpp.dir/rosidl_typesupport_cpp/eufs_msgs/msg/wheel_speeds__type_support.cpp.o[0m
[9.070s] [ 27%] [32mBuilding CXX object CMakeFiles/eufs_msgs__rosidl_typesupport_cpp.dir/rosidl_typesupport_cpp/eufs_msgs/action/check_for_objects__type_support.cpp.o[0m
[9.129s] [ 27%] [32mBuilding CXX object CMakeFiles/eufs_msgs__rosidl_typesupport_cpp.dir/rosidl_typesupport_cpp/eufs_msgs/srv/record_start__type_support.cpp.o[0m
[9.151s] [ 27%] [32mBuilding CXX object CMakeFiles/eufs_msgs__rosidl_typesupport_cpp.dir/rosidl_typesupport_cpp/eufs_msgs/srv/record_stop__type_support.cpp.o[0m
[9.165s] [ 27%] [32mBuilding CXX object CMakeFiles/eufs_msgs__rosidl_typesupport_cpp.dir/rosidl_typesupport_cpp/eufs_msgs/srv/register__type_support.cpp.o[0m
[9.171s] [ 27%] [32mBuilding CXX object CMakeFiles/eufs_msgs__rosidl_typesupport_cpp.dir/rosidl_typesupport_cpp/eufs_msgs/srv/set_can_state__type_support.cpp.o[0m
[9.182s] [ 28%] [32mBuilding CXX object CMakeFiles/eufs_msgs__rosidl_typesupport_cpp.dir/rosidl_typesupport_cpp/eufs_msgs/srv/set_string__type_support.cpp.o[0m
[9.188s] [ 28%] [32mBuilding CXX object CMakeFiles/eufs_msgs__rosidl_typesupport_cpp.dir/rosidl_typesupport_cpp/eufs_msgs/srv/set_track__type_support.cpp.o[0m
[9.188s] [ 28%] [32mBuilding CXX object CMakeFiles/eufs_msgs__rosidl_typesupport_cpp.dir/rosidl_typesupport_cpp/eufs_msgs/srv/set_mission__type_support.cpp.o[0m
[9.198s] [ 28%] [32mBuilding CXX object CMakeFiles/eufs_msgs__rosidl_typesupport_cpp.dir/rosidl_typesupport_cpp/eufs_msgs/srv/get_map__type_support.cpp.o[0m
[9.561s] [ 28%] [32mBuilding CXX object CMakeFiles/eufs_msgs__rosidl_typesupport_introspection_cpp.dir/rosidl_typesupport_introspection_cpp/eufs_msgs/msg/detail/bounding_box__type_support.cpp.o[0m
[9.567s] [ 28%] [32mBuilding CXX object CMakeFiles/eufs_msgs__rosidl_typesupport_introspection_cpp.dir/rosidl_typesupport_introspection_cpp/eufs_msgs/msg/detail/can_state__type_support.cpp.o[0m
[9.569s] [ 28%] [32mBuilding CXX object CMakeFiles/eufs_msgs__rosidl_typesupport_introspection_cpp.dir/rosidl_typesupport_introspection_cpp/eufs_msgs/msg/detail/car_state__type_support.cpp.o[0m
[9.570s] [ 29%] [32mBuilding CXX object CMakeFiles/eufs_msgs__rosidl_typesupport_introspection_cpp.dir/rosidl_typesupport_introspection_cpp/eufs_msgs/msg/detail/bounding_boxes__type_support.cpp.o[0m
[9.572s] [ 29%] [32mBuilding CXX object CMakeFiles/eufs_msgs__rosidl_typesupport_introspection_cpp.dir/rosidl_typesupport_introspection_cpp/eufs_msgs/msg/detail/car_forces__type_support.cpp.o[0m
[9.578s] [ 29%] [32mBuilding CXX object CMakeFiles/eufs_msgs__rosidl_typesupport_introspection_cpp.dir/rosidl_typesupport_introspection_cpp/eufs_msgs/msg/detail/chassis_command__type_support.cpp.o[0m
[9.595s] [ 29%] [32mBuilding CXX object CMakeFiles/eufs_msgs__rosidl_typesupport_introspection_cpp.dir/rosidl_typesupport_introspection_cpp/eufs_msgs/msg/detail/chassis_state__type_support.cpp.o[0m
[9.597s] [ 30%] [32mBuilding CXX object CMakeFiles/eufs_msgs__rosidl_typesupport_introspection_cpp.dir/rosidl_typesupport_introspection_cpp/eufs_msgs/msg/detail/cone_array__type_support.cpp.o[0m
[9.601s] [ 30%] [32mBuilding CXX object CMakeFiles/eufs_msgs__rosidl_typesupport_introspection_cpp.dir/rosidl_typesupport_introspection_cpp/eufs_msgs/msg/detail/cone_array_with_covariance__type_support.cpp.o[0m
[9.607s] [ 30%] [32mBuilding CXX object CMakeFiles/eufs_msgs__rosidl_typesupport_introspection_cpp.dir/rosidl_typesupport_introspection_cpp/eufs_msgs/msg/detail/cone_with_color_probability_array__type_support.cpp.o[0m
[9.608s] [ 30%] [32mBuilding CXX object CMakeFiles/eufs_msgs__rosidl_typesupport_introspection_cpp.dir/rosidl_typesupport_introspection_cpp/eufs_msgs/msg/detail/cone_with_color_probability__type_support.cpp.o[0m
[9.614s] [ 30%] [32mBuilding CXX object CMakeFiles/eufs_msgs__rosidl_typesupport_introspection_cpp.dir/rosidl_typesupport_introspection_cpp/eufs_msgs/msg/detail/cone_with_covariance__type_support.cpp.o[0m
[9.637s] [ 30%] [32mBuilding CXX object CMakeFiles/eufs_msgs__rosidl_typesupport_c.dir/rosidl_typesupport_c/eufs_msgs/msg/bounding_boxes__type_support.cpp.o[0m
[9.640s] [ 30%] [32mBuilding CXX object CMakeFiles/eufs_msgs__rosidl_typesupport_c.dir/rosidl_typesupport_c/eufs_msgs/msg/bounding_box__type_support.cpp.o[0m
[9.642s] [ 31%] [32mBuilding CXX object CMakeFiles/eufs_msgs__rosidl_typesupport_introspection_cpp.dir/rosidl_typesupport_introspection_cpp/eufs_msgs/msg/detail/cone_association__type_support.cpp.o[0m
[9.646s] [ 31%] [32mBuilding CXX object CMakeFiles/eufs_msgs__rosidl_typesupport_introspection_cpp.dir/rosidl_typesupport_introspection_cpp/eufs_msgs/msg/detail/cone_association_array__type_support.cpp.o[0m
[9.673s] [ 31%] [32m[1mLinking CXX shared library libeufs_msgs__rosidl_typesupport_cpp.so[0m
[9.699s] [ 31%] [32mBuilding CXX object CMakeFiles/eufs_msgs__rosidl_typesupport_c.dir/rosidl_typesupport_c/eufs_msgs/msg/can_state__type_support.cpp.o[0m
[9.707s] [ 31%] [32mBuilding CXX object CMakeFiles/eufs_msgs__rosidl_typesupport_c.dir/rosidl_typesupport_c/eufs_msgs/msg/car_forces__type_support.cpp.o[0m
[9.748s] [ 31%] [32mBuilding CXX object CMakeFiles/eufs_msgs__rosidl_typesupport_c.dir/rosidl_typesupport_c/eufs_msgs/msg/car_state__type_support.cpp.o[0m
[9.758s] [ 31%] [32mBuilding CXX object CMakeFiles/eufs_msgs__rosidl_typesupport_introspection_cpp.dir/rosidl_typesupport_introspection_cpp/eufs_msgs/msg/detail/cone_association_array_array_stamped__type_support.cpp.o[0m
[9.789s] [ 32%] [32mBuilding CXX object CMakeFiles/eufs_msgs__rosidl_typesupport_c.dir/rosidl_typesupport_c/eufs_msgs/msg/chassis_command__type_support.cpp.o[0m
[9.820s] [ 32%] Built target eufs_msgs__rosidl_typesupport_cpp
[9.849s] [ 32%] [32mBuilding CXX object CMakeFiles/eufs_msgs__rosidl_typesupport_introspection_cpp.dir/rosidl_typesupport_introspection_cpp/eufs_msgs/msg/detail/cone_association_array_stamped__type_support.cpp.o[0m
[9.849s] [ 32%] [32mBuilding CXX object CMakeFiles/eufs_msgs__rosidl_typesupport_c.dir/rosidl_typesupport_c/eufs_msgs/msg/chassis_state__type_support.cpp.o[0m
[9.894s] [ 32%] [32mBuilding CXX object CMakeFiles/eufs_msgs__rosidl_typesupport_c.dir/rosidl_typesupport_c/eufs_msgs/msg/cone_array__type_support.cpp.o[0m
[9.935s] [ 32%] [32mBuilding CXX object CMakeFiles/eufs_msgs__rosidl_typesupport_c.dir/rosidl_typesupport_c/eufs_msgs/msg/cone_array_with_covariance__type_support.cpp.o[0m
[9.976s] [ 32%] [32mBuilding CXX object CMakeFiles/eufs_msgs__rosidl_typesupport_c.dir/rosidl_typesupport_c/eufs_msgs/msg/cone_with_color_probability__type_support.cpp.o[0m
[10.014s] [ 33%] [32mBuilding CXX object CMakeFiles/eufs_msgs__rosidl_typesupport_c.dir/rosidl_typesupport_c/eufs_msgs/msg/cone_with_color_probability_array__type_support.cpp.o[0m
[10.026s] [ 33%] [32mBuilding CXX object CMakeFiles/eufs_msgs__rosidl_typesupport_introspection_cpp.dir/rosidl_typesupport_introspection_cpp/eufs_msgs/msg/detail/costmap__type_support.cpp.o[0m
[10.030s] [ 33%] [32mBuilding CXX object CMakeFiles/eufs_msgs__rosidl_typesupport_fastrtps_cpp.dir/rosidl_typesupport_fastrtps_cpp/eufs_msgs/msg/detail/dds_fastrtps/bounding_box__type_support.cpp.o[0m
[10.052s] [ 33%] [32mBuilding CXX object CMakeFiles/eufs_msgs__rosidl_typesupport_c.dir/rosidl_typesupport_c/eufs_msgs/msg/cone_with_covariance__type_support.cpp.o[0m
[10.068s] [ 33%] [32mBuilding CXX object CMakeFiles/eufs_msgs__rosidl_typesupport_c.dir/rosidl_typesupport_c/eufs_msgs/msg/cone_association_array__type_support.cpp.o[0m
[10.068s] [ 33%] [32mBuilding CXX object CMakeFiles/eufs_msgs__rosidl_typesupport_c.dir/rosidl_typesupport_c/eufs_msgs/msg/cone_association__type_support.cpp.o[0m
[10.090s] [ 34%] [32mBuilding CXX object CMakeFiles/eufs_msgs__rosidl_typesupport_fastrtps_cpp.dir/rosidl_typesupport_fastrtps_cpp/eufs_msgs/msg/detail/dds_fastrtps/bounding_boxes__type_support.cpp.o[0m
[10.095s] [ 34%] [32mBuilding CXX object CMakeFiles/eufs_msgs__rosidl_typesupport_c.dir/rosidl_typesupport_c/eufs_msgs/msg/cone_association_array_array_stamped__type_support.cpp.o[0m
[10.104s] [ 34%] [32mBuilding CXX object CMakeFiles/eufs_msgs__rosidl_typesupport_fastrtps_cpp.dir/rosidl_typesupport_fastrtps_cpp/eufs_msgs/msg/detail/dds_fastrtps/can_state__type_support.cpp.o[0m
[10.105s] [ 34%] [32mBuilding CXX object CMakeFiles/eufs_msgs__rosidl_typesupport_introspection_cpp.dir/rosidl_typesupport_introspection_cpp/eufs_msgs/msg/detail/cpu_status__type_support.cpp.o[0m
[10.125s] [ 34%] [32mBuilding CXX object CMakeFiles/eufs_msgs__rosidl_typesupport_c.dir/rosidl_typesupport_c/eufs_msgs/msg/cone_association_array_stamped__type_support.cpp.o[0m
[10.125s] [ 35%] [32mBuilding CXX object CMakeFiles/eufs_msgs__rosidl_typesupport_introspection_cpp.dir/rosidl_typesupport_introspection_cpp/eufs_msgs/msg/detail/cpu_usage__type_support.cpp.o[0m
[10.126s] [ 35%] [32mBuilding CXX object CMakeFiles/eufs_msgs__rosidl_typesupport_fastrtps_cpp.dir/rosidl_typesupport_fastrtps_cpp/eufs_msgs/msg/detail/dds_fastrtps/car_forces__type_support.cpp.o[0m
[10.131s] [ 35%] [32mBuilding CXX object CMakeFiles/eufs_msgs__rosidl_typesupport_c.dir/rosidl_typesupport_c/eufs_msgs/msg/cpu_status__type_support.cpp.o[0m
[10.134s] [ 35%] [32mBuilding CXX object CMakeFiles/eufs_msgs__rosidl_typesupport_fastrtps_cpp.dir/rosidl_typesupport_fastrtps_cpp/eufs_msgs/msg/detail/dds_fastrtps/car_state__type_support.cpp.o[0m
[10.134s] [ 35%] [32mBuilding CXX object CMakeFiles/eufs_msgs__rosidl_typesupport_introspection_cpp.dir/rosidl_typesupport_introspection_cpp/eufs_msgs/msg/detail/ekf_err__type_support.cpp.o[0m
[10.135s] [ 36%] [32mBuilding CXX object CMakeFiles/eufs_msgs__rosidl_typesupport_c.dir/rosidl_typesupport_c/eufs_msgs/msg/costmap__type_support.cpp.o[0m
[10.145s] [ 36%] [32mBuilding CXX object CMakeFiles/eufs_msgs__rosidl_typesupport_fastrtps_cpp.dir/rosidl_typesupport_fastrtps_cpp/eufs_msgs/msg/detail/dds_fastrtps/chassis_command__type_support.cpp.o[0m
[10.170s] [ 36%] [32mBuilding CXX object CMakeFiles/eufs_msgs__rosidl_typesupport_c.dir/rosidl_typesupport_c/eufs_msgs/msg/cpu_usage__type_support.cpp.o[0m
[10.181s] [ 36%] [32mBuilding CXX object CMakeFiles/eufs_msgs__rosidl_typesupport_c.dir/rosidl_typesupport_c/eufs_msgs/msg/ekf_err__type_support.cpp.o[0m
[10.187s] [ 36%] [32mBuilding CXX object CMakeFiles/eufs_msgs__rosidl_typesupport_introspection_cpp.dir/rosidl_typesupport_introspection_cpp/eufs_msgs/msg/detail/ekf_state__type_support.cpp.o[0m
[10.188s] [ 36%] [32mBuilding CXX object CMakeFiles/eufs_msgs__rosidl_typesupport_c.dir/rosidl_typesupport_c/eufs_msgs/msg/ekf_state__type_support.cpp.o[0m
[10.194s] [ 36%] [32mBuilding CXX object CMakeFiles/eufs_msgs__rosidl_typesupport_introspection_cpp.dir/rosidl_typesupport_introspection_cpp/eufs_msgs/msg/detail/full_state__type_support.cpp.o[0m
[10.210s] [ 37%] [32mBuilding CXX object CMakeFiles/eufs_msgs__rosidl_typesupport_c.dir/rosidl_typesupport_c/eufs_msgs/msg/full_state__type_support.cpp.o[0m
[10.239s] [ 37%] [32mBuilding CXX object CMakeFiles/eufs_msgs__rosidl_typesupport_fastrtps_cpp.dir/rosidl_typesupport_fastrtps_cpp/eufs_msgs/msg/detail/dds_fastrtps/chassis_state__type_support.cpp.o[0m
[10.249s] [ 37%] [32mBuilding CXX object CMakeFiles/eufs_msgs__rosidl_typesupport_fastrtps_cpp.dir/rosidl_typesupport_fastrtps_cpp/eufs_msgs/msg/detail/dds_fastrtps/cone_array_with_covariance__type_support.cpp.o[0m
[10.249s] [ 37%] [32mBuilding CXX object CMakeFiles/eufs_msgs__rosidl_typesupport_c.dir/rosidl_typesupport_c/eufs_msgs/msg/heartbeat__type_support.cpp.o[0m
[10.258s] [ 38%] [32mBuilding CXX object CMakeFiles/eufs_msgs__rosidl_typesupport_fastrtps_cpp.dir/rosidl_typesupport_fastrtps_cpp/eufs_msgs/msg/detail/dds_fastrtps/cone_array__type_support.cpp.o[0m
[10.293s] [ 38%] [32mBuilding CXX object CMakeFiles/eufs_msgs__rosidl_typesupport_c.dir/rosidl_typesupport_c/eufs_msgs/msg/integration_err__type_support.cpp.o[0m
[10.335s] [ 38%] [32mBuilding CXX object CMakeFiles/eufs_msgs__rosidl_typesupport_c.dir/rosidl_typesupport_c/eufs_msgs/msg/lap_stats__type_support.cpp.o[0m
[10.377s] [ 38%] [32mBuilding CXX object CMakeFiles/eufs_msgs__rosidl_typesupport_c.dir/rosidl_typesupport_c/eufs_msgs/msg/mpc_state__type_support.cpp.o[0m
[10.416s] [ 38%] [32mBuilding CXX object CMakeFiles/eufs_msgs__rosidl_typesupport_c.dir/rosidl_typesupport_c/eufs_msgs/msg/node_state__type_support.cpp.o[0m
[10.437s] [ 38%] [32mBuilding CXX object CMakeFiles/eufs_msgs__rosidl_typesupport_fastrtps_cpp.dir/rosidl_typesupport_fastrtps_cpp/eufs_msgs/msg/detail/dds_fastrtps/cone_with_color_probability_array__type_support.cpp.o[0m
[10.438s] [ 38%] [32mBuilding CXX object CMakeFiles/eufs_msgs__rosidl_typesupport_fastrtps_cpp.dir/rosidl_typesupport_fastrtps_cpp/eufs_msgs/msg/detail/dds_fastrtps/cone_with_color_probability__type_support.cpp.o[0m
[10.476s] [ 39%] [32mBuilding CXX object CMakeFiles/eufs_msgs__rosidl_typesupport_c.dir/rosidl_typesupport_c/eufs_msgs/msg/node_state_array__type_support.cpp.o[0m
[10.522s] [ 39%] [32mBuilding CXX object CMakeFiles/eufs_msgs__rosidl_typesupport_c.dir/rosidl_typesupport_c/eufs_msgs/msg/oss__type_support.cpp.o[0m
[10.541s] [ 39%] [32mBuilding CXX object CMakeFiles/eufs_msgs__rosidl_typesupport_c.dir/rosidl_typesupport_c/eufs_msgs/msg/particle__type_support.cpp.o[0m
[10.550s] [ 39%] [32mBuilding CXX object CMakeFiles/eufs_msgs__rosidl_typesupport_fastrtps_cpp.dir/rosidl_typesupport_fastrtps_cpp/eufs_msgs/msg/detail/dds_fastrtps/cone_with_covariance__type_support.cpp.o[0m
[10.559s] [ 39%] [32mBuilding CXX object CMakeFiles/eufs_msgs__rosidl_typesupport_c.dir/rosidl_typesupport_c/eufs_msgs/msg/particle_slam__type_support.cpp.o[0m
[10.560s] [ 39%] [32mBuilding CXX object CMakeFiles/eufs_msgs__rosidl_typesupport_introspection_cpp.dir/rosidl_typesupport_introspection_cpp/eufs_msgs/msg/detail/heartbeat__type_support.cpp.o[0m
[10.583s] [ 40%] [32mBuilding CXX object CMakeFiles/eufs_msgs__rosidl_typesupport_introspection_cpp.dir/rosidl_typesupport_introspection_cpp/eufs_msgs/msg/detail/integration_err__type_support.cpp.o[0m
[10.602s] [ 40%] [32mBuilding CXX object CMakeFiles/eufs_msgs__rosidl_typesupport_c.dir/rosidl_typesupport_c/eufs_msgs/msg/particle_slam_stamped__type_support.cpp.o[0m
[10.612s] [ 42%] [32mBuilding CXX object CMakeFiles/eufs_msgs__rosidl_typesupport_fastrtps_cpp.dir/rosidl_typesupport_fastrtps_cpp/eufs_msgs/msg/detail/dds_fastrtps/cone_association__type_support.cpp.o[0m
[10.612s] [ 42%] [32mBuilding CXX object CMakeFiles/eufs_msgs__rosidl_typesupport_c.dir/rosidl_typesupport_c/eufs_msgs/msg/particle_stamped__type_support.cpp.o[0m
[10.630s] [ 42%] [32mBuilding CXX object CMakeFiles/eufs_msgs__rosidl_typesupport_introspection_cpp.dir/rosidl_typesupport_introspection_cpp/eufs_msgs/msg/detail/lap_stats__type_support.cpp.o[0m
[10.648s] [ 42%] [32mBuilding CXX object CMakeFiles/eufs_msgs__rosidl_typesupport_fastrtps_cpp.dir/rosidl_typesupport_fastrtps_cpp/eufs_msgs/msg/detail/dds_fastrtps/cone_association_array__type_support.cpp.o[0m
[10.654s] [ 42%] [32mBuilding CXX object CMakeFiles/eufs_msgs__rosidl_typesupport_c.dir/rosidl_typesupport_c/eufs_msgs/msg/path_integral_params__type_support.cpp.o[0m
[10.656s] [ 42%] [32mBuilding CXX object CMakeFiles/eufs_msgs__rosidl_typesupport_introspection_cpp.dir/rosidl_typesupport_introspection_cpp/eufs_msgs/msg/detail/mpc_state__type_support.cpp.o[0m
[10.666s] [ 42%] [32mBuilding CXX object CMakeFiles/eufs_msgs__rosidl_typesupport_c.dir/rosidl_typesupport_c/eufs_msgs/msg/path_integral_stats__type_support.cpp.o[0m
[10.677s] [ 42%] [32mBuilding CXX object CMakeFiles/eufs_msgs__rosidl_typesupport_c.dir/rosidl_typesupport_c/eufs_msgs/msg/path_integral_status__type_support.cpp.o[0m
[10.679s] [ 42%] [32mBuilding CXX object CMakeFiles/eufs_msgs__rosidl_typesupport_introspection_cpp.dir/rosidl_typesupport_introspection_cpp/eufs_msgs/msg/detail/node_state__type_support.cpp.o[0m
[10.702s] [ 42%] [32mBuilding CXX object CMakeFiles/eufs_msgs__rosidl_typesupport_introspection_cpp.dir/rosidl_typesupport_introspection_cpp/eufs_msgs/msg/detail/node_state_array__type_support.cpp.o[0m
[10.703s] [ 42%] [32mBuilding CXX object CMakeFiles/eufs_msgs__rosidl_typesupport_c.dir/rosidl_typesupport_c/eufs_msgs/msg/path_integral_timing__type_support.cpp.o[0m
[10.731s] [ 42%] [32mBuilding CXX object CMakeFiles/eufs_msgs__rosidl_typesupport_fastrtps_cpp.dir/rosidl_typesupport_fastrtps_cpp/eufs_msgs/msg/detail/dds_fastrtps/cone_association_array_array_stamped__type_support.cpp.o[0m
[10.737s] [ 42%] [32mBuilding CXX object CMakeFiles/eufs_msgs__rosidl_typesupport_c.dir/rosidl_typesupport_c/eufs_msgs/msg/planning_mode__type_support.cpp.o[0m
[10.743s] [ 42%] [32mBuilding CXX object CMakeFiles/eufs_msgs__rosidl_typesupport_fastrtps_cpp.dir/rosidl_typesupport_fastrtps_cpp/eufs_msgs/msg/detail/dds_fastrtps/cone_association_array_stamped__type_support.cpp.o[0m
[10.747s] [ 43%] [32mBuilding CXX object CMakeFiles/eufs_msgs__rosidl_typesupport_introspection_cpp.dir/rosidl_typesupport_introspection_cpp/eufs_msgs/msg/detail/oss__type_support.cpp.o[0m
[10.783s] [ 44%] [32mBuilding CXX object CMakeFiles/eufs_msgs__rosidl_typesupport_c.dir/rosidl_typesupport_c/eufs_msgs/msg/point_array__type_support.cpp.o[0m
[10.814s] [ 44%] [32mBuilding CXX object CMakeFiles/eufs_msgs__rosidl_typesupport_introspection_cpp.dir/rosidl_typesupport_introspection_cpp/eufs_msgs/msg/detail/particle__type_support.cpp.o[0m
[10.836s] [ 44%] [32mBuilding CXX object CMakeFiles/eufs_msgs__rosidl_typesupport_c.dir/rosidl_typesupport_c/eufs_msgs/msg/point_array_stamped__type_support.cpp.o[0m
[10.892s] [ 44%] [32mBuilding CXX object CMakeFiles/eufs_msgs__rosidl_typesupport_c.dir/rosidl_typesupport_c/eufs_msgs/msg/pure_pursuit_checkpoint__type_support.cpp.o[0m
[10.893s] [ 44%] [32mBuilding CXX object CMakeFiles/eufs_msgs__rosidl_typesupport_c.dir/rosidl_typesupport_c/eufs_msgs/msg/pure_pursuit_checkpoint_array_stamped__type_support.cpp.o[0m
[10.899s] [ 44%] [32mBuilding CXX object CMakeFiles/eufs_msgs__rosidl_typesupport_introspection_cpp.dir/rosidl_typesupport_introspection_cpp/eufs_msgs/msg/detail/particle_slam__type_support.cpp.o[0m
[10.949s] [ 44%] [32mBuilding CXX object CMakeFiles/eufs_msgs__rosidl_typesupport_fastrtps_cpp.dir/rosidl_typesupport_fastrtps_cpp/eufs_msgs/msg/detail/dds_fastrtps/costmap__type_support.cpp.o[0m
[10.954s] [ 44%] [32mBuilding CXX object CMakeFiles/eufs_msgs__rosidl_typesupport_c.dir/rosidl_typesupport_c/eufs_msgs/msg/runstop__type_support.cpp.o[0m
[10.969s] [ 45%] [32mBuilding CXX object CMakeFiles/eufs_msgs__rosidl_typesupport_c.dir/rosidl_typesupport_c/eufs_msgs/msg/slam_err__type_support.cpp.o[0m
[10.986s] [ 45%] [32mBuilding CXX object CMakeFiles/eufs_msgs__rosidl_typesupport_introspection_cpp.dir/rosidl_typesupport_introspection_cpp/eufs_msgs/msg/detail/particle_slam_stamped__type_support.cpp.o[0m
[11.011s] [ 45%] [32mBuilding CXX object CMakeFiles/eufs_msgs__rosidl_typesupport_fastrtps_cpp.dir/rosidl_typesupport_fastrtps_cpp/eufs_msgs/msg/detail/dds_fastrtps/cpu_status__type_support.cpp.o[0m
[11.019s] [ 45%] [32mBuilding CXX object CMakeFiles/eufs_msgs__rosidl_typesupport_c.dir/rosidl_typesupport_c/eufs_msgs/msg/slam_state__type_support.cpp.o[0m
[11.021s] [ 45%] [32mBuilding CXX object CMakeFiles/eufs_msgs__rosidl_typesupport_introspection_cpp.dir/rosidl_typesupport_introspection_cpp/eufs_msgs/msg/detail/particle_stamped__type_support.cpp.o[0m
[11.046s] [ 46%] [32mBuilding CXX object CMakeFiles/eufs_msgs__rosidl_typesupport_fastrtps_cpp.dir/rosidl_typesupport_fastrtps_cpp/eufs_msgs/msg/detail/dds_fastrtps/cpu_usage__type_support.cpp.o[0m
[11.062s] [ 46%] [32mBuilding CXX object CMakeFiles/eufs_msgs__rosidl_typesupport_c.dir/rosidl_typesupport_c/eufs_msgs/msg/state_machine_state__type_support.cpp.o[0m
[11.071s] [ 46%] [32mBuilding CXX object CMakeFiles/eufs_msgs__rosidl_typesupport_fastrtps_cpp.dir/rosidl_typesupport_fastrtps_cpp/eufs_msgs/msg/detail/dds_fastrtps/ekf_err__type_support.cpp.o[0m
[11.091s] [ 46%] [32mBuilding CXX object CMakeFiles/eufs_msgs__rosidl_typesupport_fastrtps_cpp.dir/rosidl_typesupport_fastrtps_cpp/eufs_msgs/msg/detail/dds_fastrtps/ekf_state__type_support.cpp.o[0m
[11.107s] [ 46%] [32mBuilding CXX object CMakeFiles/eufs_msgs__rosidl_typesupport_c.dir/rosidl_typesupport_c/eufs_msgs/msg/stereo_image__type_support.cpp.o[0m
[11.116s] [ 46%] [32mBuilding CXX object CMakeFiles/eufs_msgs__rosidl_typesupport_fastrtps_cpp.dir/rosidl_typesupport_fastrtps_cpp/eufs_msgs/msg/detail/dds_fastrtps/full_state__type_support.cpp.o[0m
[11.145s] [ 46%] [32mBuilding CXX object CMakeFiles/eufs_msgs__rosidl_typesupport_c.dir/rosidl_typesupport_c/eufs_msgs/msg/system_status__type_support.cpp.o[0m
[11.175s] [ 47%] [32mBuilding CXX object CMakeFiles/eufs_msgs__rosidl_typesupport_c.dir/rosidl_typesupport_c/eufs_msgs/msg/topic_status__type_support.cpp.o[0m
[11.200s] [ 47%] [32mBuilding CXX object CMakeFiles/eufs_msgs__rosidl_typesupport_introspection_cpp.dir/rosidl_typesupport_introspection_cpp/eufs_msgs/msg/detail/path_integral_params__type_support.cpp.o[0m
[11.209s] [ 47%] [32mBuilding CXX object CMakeFiles/eufs_msgs__rosidl_typesupport_c.dir/rosidl_typesupport_c/eufs_msgs/msg/vehicle_commands__type_support.cpp.o[0m
[11.218s] [ 47%] [32mBuilding CXX object CMakeFiles/eufs_msgs__rosidl_typesupport_c.dir/rosidl_typesupport_c/eufs_msgs/msg/vehicle_commands_stamped__type_support.cpp.o[0m
[11.220s] [ 48%] [32mBuilding CXX object CMakeFiles/eufs_msgs__rosidl_typesupport_introspection_cpp.dir/rosidl_typesupport_introspection_cpp/eufs_msgs/msg/detail/path_integral_stats__type_support.cpp.o[0m
[11.247s] [ 48%] [32mBuilding CXX object CMakeFiles/eufs_msgs__rosidl_typesupport_c.dir/rosidl_typesupport_c/eufs_msgs/msg/waypoint__type_support.cpp.o[0m
[11.272s] [ 48%] [32mBuilding CXX object CMakeFiles/eufs_msgs__rosidl_typesupport_c.dir/rosidl_typesupport_c/eufs_msgs/msg/waypoint_array_stamped__type_support.cpp.o[0m
[11.276s] [ 48%] [32mBuilding CXX object CMakeFiles/eufs_msgs__rosidl_typesupport_introspection_cpp.dir/rosidl_typesupport_introspection_cpp/eufs_msgs/msg/detail/path_integral_timing__type_support.cpp.o[0m
[11.279s] [ 48%] [32mBuilding CXX object CMakeFiles/eufs_msgs__rosidl_typesupport_introspection_cpp.dir/rosidl_typesupport_introspection_cpp/eufs_msgs/msg/detail/path_integral_status__type_support.cpp.o[0m
[11.292s] [ 49%] [32mBuilding CXX object CMakeFiles/eufs_msgs__rosidl_typesupport_c.dir/rosidl_typesupport_c/eufs_msgs/msg/wheel_speeds__type_support.cpp.o[0m
[11.300s] [ 49%] [32mBuilding CXX object CMakeFiles/eufs_msgs__rosidl_typesupport_c.dir/rosidl_typesupport_c/eufs_msgs/msg/wheel_odometry_err__type_support.cpp.o[0m
[11.311s] [ 49%] [32mBuilding CXX object CMakeFiles/eufs_msgs__rosidl_typesupport_c.dir/rosidl_typesupport_c/eufs_msgs/msg/wheel_speeds_stamped__type_support.cpp.o[0m
[11.337s] [ 49%] [32mBuilding CXX object CMakeFiles/eufs_msgs__rosidl_typesupport_introspection_cpp.dir/rosidl_typesupport_introspection_cpp/eufs_msgs/msg/detail/planning_mode__type_support.cpp.o[0m
[11.351s] [ 49%] [32mBuilding CXX object CMakeFiles/eufs_msgs__rosidl_typesupport_fastrtps_cpp.dir/rosidl_typesupport_fastrtps_cpp/eufs_msgs/msg/detail/dds_fastrtps/heartbeat__type_support.cpp.o[0m
[11.358s] [ 49%] [32mBuilding CXX object CMakeFiles/eufs_msgs__rosidl_typesupport_c.dir/rosidl_typesupport_c/eufs_msgs/action/check_for_objects__type_support.cpp.o[0m
[11.377s] [ 49%] [32mBuilding CXX object CMakeFiles/eufs_msgs__rosidl_typesupport_introspection_cpp.dir/rosidl_typesupport_introspection_cpp/eufs_msgs/msg/detail/point_array__type_support.cpp.o[0m
[11.455s] [ 49%] [32mBuilding CXX object CMakeFiles/eufs_msgs__rosidl_typesupport_c.dir/rosidl_typesupport_c/eufs_msgs/srv/record_start__type_support.cpp.o[0m
[11.473s] [ 50%] [32mBuilding CXX object CMakeFiles/eufs_msgs__rosidl_typesupport_introspection_cpp.dir/rosidl_typesupport_introspection_cpp/eufs_msgs/msg/detail/point_array_stamped__type_support.cpp.o[0m
[11.475s] [ 51%] [32mBuilding CXX object CMakeFiles/eufs_msgs__rosidl_typesupport_fastrtps_cpp.dir/rosidl_typesupport_fastrtps_cpp/eufs_msgs/msg/detail/dds_fastrtps/integration_err__type_support.cpp.o[0m
[11.496s] [ 51%] [32mBuilding CXX object CMakeFiles/eufs_msgs__rosidl_typesupport_c.dir/rosidl_typesupport_c/eufs_msgs/srv/record_stop__type_support.cpp.o[0m
[11.497s] [ 52%] [32mBuilding CXX object CMakeFiles/eufs_msgs__rosidl_typesupport_c.dir/rosidl_typesupport_c/eufs_msgs/srv/register__type_support.cpp.o[0m
[11.520s] [ 52%] [32mBuilding CXX object CMakeFiles/eufs_msgs__rosidl_typesupport_c.dir/rosidl_typesupport_c/eufs_msgs/srv/set_can_state__type_support.cpp.o[0m
[11.546s] [ 52%] [32mBuilding CXX object CMakeFiles/eufs_msgs__rosidl_typesupport_introspection_cpp.dir/rosidl_typesupport_introspection_cpp/eufs_msgs/msg/detail/pure_pursuit_checkpoint__type_support.cpp.o[0m
[11.557s] [ 52%] [32mBuilding CXX object CMakeFiles/eufs_msgs__rosidl_typesupport_c.dir/rosidl_typesupport_c/eufs_msgs/srv/set_string__type_support.cpp.o[0m
[11.558s] [ 52%] [32mBuilding CXX object CMakeFiles/eufs_msgs__rosidl_typesupport_introspection_cpp.dir/rosidl_typesupport_introspection_cpp/eufs_msgs/msg/detail/pure_pursuit_checkpoint_array_stamped__type_support.cpp.o[0m
[11.558s] [ 52%] [32mBuilding CXX object CMakeFiles/eufs_msgs__rosidl_typesupport_fastrtps_cpp.dir/rosidl_typesupport_fastrtps_cpp/eufs_msgs/msg/detail/dds_fastrtps/lap_stats__type_support.cpp.o[0m
[11.564s] [ 52%] [32mBuilding CXX object CMakeFiles/eufs_msgs__rosidl_typesupport_introspection_cpp.dir/rosidl_typesupport_introspection_cpp/eufs_msgs/msg/detail/runstop__type_support.cpp.o[0m
[11.578s] [ 52%] [32mBuilding CXX object CMakeFiles/eufs_msgs__rosidl_typesupport_introspection_cpp.dir/rosidl_typesupport_introspection_cpp/eufs_msgs/msg/detail/slam_err__type_support.cpp.o[0m
[11.601s] [ 52%] [32mBuilding CXX object CMakeFiles/eufs_msgs__rosidl_typesupport_fastrtps_cpp.dir/rosidl_typesupport_fastrtps_cpp/eufs_msgs/msg/detail/dds_fastrtps/mpc_state__type_support.cpp.o[0m
[11.603s] [ 52%] [32mBuilding CXX object CMakeFiles/eufs_msgs__rosidl_typesupport_c.dir/rosidl_typesupport_c/eufs_msgs/srv/set_track__type_support.cpp.o[0m
[11.615s] [ 52%] [32mBuilding CXX object CMakeFiles/eufs_msgs__rosidl_typesupport_c.dir/rosidl_typesupport_c/eufs_msgs/srv/set_mission__type_support.cpp.o[0m
[11.628s] [ 52%] [32mBuilding CXX object CMakeFiles/eufs_msgs__rosidl_typesupport_introspection_cpp.dir/rosidl_typesupport_introspection_cpp/eufs_msgs/msg/detail/slam_state__type_support.cpp.o[0m
[11.656s] [ 53%] [32mBuilding CXX object CMakeFiles/eufs_msgs__rosidl_typesupport_introspection_cpp.dir/rosidl_typesupport_introspection_cpp/eufs_msgs/msg/detail/state_machine_state__type_support.cpp.o[0m
[11.688s] [ 53%] [32mBuilding CXX object CMakeFiles/eufs_msgs__rosidl_typesupport_c.dir/rosidl_typesupport_c/eufs_msgs/srv/get_map__type_support.cpp.o[0m
[11.736s] [ 54%] [32m[1mLinking CXX shared library libeufs_msgs__rosidl_typesupport_c.so[0m
[11.786s] [ 54%] [32mBuilding CXX object CMakeFiles/eufs_msgs__rosidl_typesupport_fastrtps_cpp.dir/rosidl_typesupport_fastrtps_cpp/eufs_msgs/msg/detail/dds_fastrtps/node_state__type_support.cpp.o[0m
[11.791s] [ 54%] [32mBuilding CXX object CMakeFiles/eufs_msgs__rosidl_typesupport_introspection_cpp.dir/rosidl_typesupport_introspection_cpp/eufs_msgs/msg/detail/stereo_image__type_support.cpp.o[0m
[11.794s] [ 54%] [32mBuilding CXX object CMakeFiles/eufs_msgs__rosidl_typesupport_fastrtps_cpp.dir/rosidl_typesupport_fastrtps_cpp/eufs_msgs/msg/detail/dds_fastrtps/node_state_array__type_support.cpp.o[0m
[11.832s] [ 54%] [32mBuilding CXX object CMakeFiles/eufs_msgs__rosidl_typesupport_introspection_cpp.dir/rosidl_typesupport_introspection_cpp/eufs_msgs/msg/detail/system_status__type_support.cpp.o[0m
[11.836s] [ 54%] Built target eufs_msgs__rosidl_typesupport_c
[11.836s] [ 54%] [32mBuilding CXX object CMakeFiles/eufs_msgs__rosidl_typesupport_introspection_cpp.dir/rosidl_typesupport_introspection_cpp/eufs_msgs/msg/detail/topic_status__type_support.cpp.o[0m
[11.837s] [ 55%] [32mBuilding CXX object CMakeFiles/eufs_msgs__rosidl_typesupport_fastrtps_cpp.dir/rosidl_typesupport_fastrtps_cpp/eufs_msgs/msg/detail/dds_fastrtps/oss__type_support.cpp.o[0m
[11.853s] [ 55%] [32mBuilding CXX object CMakeFiles/eufs_msgs__rosidl_typesupport_fastrtps_cpp.dir/rosidl_typesupport_fastrtps_cpp/eufs_msgs/msg/detail/dds_fastrtps/particle_slam__type_support.cpp.o[0m
[11.860s] [ 55%] [32mBuilding CXX object CMakeFiles/eufs_msgs__rosidl_typesupport_fastrtps_cpp.dir/rosidl_typesupport_fastrtps_cpp/eufs_msgs/msg/detail/dds_fastrtps/particle__type_support.cpp.o[0m
[11.988s] [ 55%] [32mBuilding C object CMakeFiles/eufs_msgs__rosidl_typesupport_introspection_c.dir/rosidl_typesupport_introspection_c/eufs_msgs/msg/detail/bounding_box__type_support.c.o[0m
[11.990s] [ 55%] [32mBuilding CXX object CMakeFiles/eufs_msgs__rosidl_typesupport_introspection_cpp.dir/rosidl_typesupport_introspection_cpp/eufs_msgs/msg/detail/vehicle_commands__type_support.cpp.o[0m
[12.029s] [ 55%] [32mBuilding C object CMakeFiles/eufs_msgs__rosidl_typesupport_introspection_c.dir/rosidl_typesupport_introspection_c/eufs_msgs/msg/detail/bounding_boxes__type_support.c.o[0m
[12.038s] [ 55%] [32mBuilding CXX object CMakeFiles/eufs_msgs__rosidl_typesupport_fastrtps_cpp.dir/rosidl_typesupport_fastrtps_cpp/eufs_msgs/msg/detail/dds_fastrtps/particle_slam_stamped__type_support.cpp.o[0m
[12.044s] [ 55%] [32mBuilding C object CMakeFiles/eufs_msgs__rosidl_typesupport_introspection_c.dir/rosidl_typesupport_introspection_c/eufs_msgs/msg/detail/can_state__type_support.c.o[0m
[12.049s] [ 56%] [32mBuilding CXX object CMakeFiles/eufs_msgs__rosidl_typesupport_introspection_cpp.dir/rosidl_typesupport_introspection_cpp/eufs_msgs/msg/detail/vehicle_commands_stamped__type_support.cpp.o[0m
[12.049s] [ 56%] [32mBuilding C object CMakeFiles/eufs_msgs__rosidl_typesupport_introspection_c.dir/rosidl_typesupport_introspection_c/eufs_msgs/msg/detail/car_forces__type_support.c.o[0m
[12.068s] [ 56%] [32mBuilding CXX object CMakeFiles/eufs_msgs__rosidl_typesupport_introspection_cpp.dir/rosidl_typesupport_introspection_cpp/eufs_msgs/msg/detail/waypoint__type_support.cpp.o[0m
[12.097s] [ 56%] [32mBuilding C object CMakeFiles/eufs_msgs__rosidl_typesupport_introspection_c.dir/rosidl_typesupport_introspection_c/eufs_msgs/msg/detail/car_state__type_support.c.o[0m
[12.104s] [ 56%] [32mBuilding CXX object CMakeFiles/eufs_msgs__rosidl_typesupport_fastrtps_cpp.dir/rosidl_typesupport_fastrtps_cpp/eufs_msgs/msg/detail/dds_fastrtps/particle_stamped__type_support.cpp.o[0m
[12.111s] [ 56%] [32mBuilding CXX object CMakeFiles/eufs_msgs__rosidl_typesupport_introspection_cpp.dir/rosidl_typesupport_introspection_cpp/eufs_msgs/msg/detail/waypoint_array_stamped__type_support.cpp.o[0m
[12.206s] [ 57%] [32mBuilding C object CMakeFiles/eufs_msgs__rosidl_typesupport_introspection_c.dir/rosidl_typesupport_introspection_c/eufs_msgs/msg/detail/chassis_command__type_support.c.o[0m
[12.206s] [ 57%] [32mBuilding CXX object CMakeFiles/eufs_msgs__rosidl_typesupport_fastrtps_cpp.dir/rosidl_typesupport_fastrtps_cpp/eufs_msgs/msg/detail/dds_fastrtps/path_integral_params__type_support.cpp.o[0m
[12.216s] [ 57%] [32mBuilding C object CMakeFiles/eufs_msgs__rosidl_typesupport_introspection_c.dir/rosidl_typesupport_introspection_c/eufs_msgs/msg/detail/chassis_state__type_support.c.o[0m
[12.229s] [ 58%] [32mBuilding CXX object CMakeFiles/eufs_msgs__rosidl_typesupport_fastrtps_cpp.dir/rosidl_typesupport_fastrtps_cpp/eufs_msgs/msg/detail/dds_fastrtps/path_integral_stats__type_support.cpp.o[0m
[12.249s] [ 58%] [32mBuilding C object CMakeFiles/eufs_msgs__rosidl_typesupport_introspection_c.dir/rosidl_typesupport_introspection_c/eufs_msgs/msg/detail/cone_array__type_support.c.o[0m
[12.267s] [ 58%] [32mBuilding CXX object CMakeFiles/eufs_msgs__rosidl_typesupport_fastrtps_cpp.dir/rosidl_typesupport_fastrtps_cpp/eufs_msgs/msg/detail/dds_fastrtps/path_integral_status__type_support.cpp.o[0m
[12.284s] [ 58%] [32mBuilding C object CMakeFiles/eufs_msgs__rosidl_typesupport_introspection_c.dir/rosidl_typesupport_introspection_c/eufs_msgs/msg/detail/cone_array_with_covariance__type_support.c.o[0m
[12.299s] [ 58%] [32mBuilding CXX object CMakeFiles/eufs_msgs__rosidl_typesupport_introspection_cpp.dir/rosidl_typesupport_introspection_cpp/eufs_msgs/msg/detail/wheel_odometry_err__type_support.cpp.o[0m
[12.331s] [ 58%] [32mBuilding C object CMakeFiles/eufs_msgs__rosidl_typesupport_introspection_c.dir/rosidl_typesupport_introspection_c/eufs_msgs/msg/detail/cone_with_color_probability__type_support.c.o[0m
[12.338s] [ 58%] [32mBuilding CXX object CMakeFiles/eufs_msgs__rosidl_typesupport_fastrtps_cpp.dir/rosidl_typesupport_fastrtps_cpp/eufs_msgs/msg/detail/dds_fastrtps/path_integral_timing__type_support.cpp.o[0m
[12.357s] [ 58%] [32mBuilding CXX object CMakeFiles/eufs_msgs__rosidl_typesupport_fastrtps_cpp.dir/rosidl_typesupport_fastrtps_cpp/eufs_msgs/msg/detail/dds_fastrtps/planning_mode__type_support.cpp.o[0m
[12.375s] [ 59%] [32mBuilding C object CMakeFiles/eufs_msgs__rosidl_typesupport_introspection_c.dir/rosidl_typesupport_introspection_c/eufs_msgs/msg/detail/cone_with_color_probability_array__type_support.c.o[0m
[12.386s] [ 59%] [32mBuilding C object CMakeFiles/eufs_msgs__rosidl_typesupport_introspection_c.dir/rosidl_typesupport_introspection_c/eufs_msgs/msg/detail/cone_with_covariance__type_support.c.o[0m
[12.447s] [ 59%] [32mBuilding CXX object CMakeFiles/eufs_msgs__rosidl_typesupport_introspection_cpp.dir/rosidl_typesupport_introspection_cpp/eufs_msgs/msg/detail/wheel_speeds__type_support.cpp.o[0m
[12.455s] [ 59%] [32mBuilding CXX object CMakeFiles/eufs_msgs__rosidl_typesupport_fastrtps_cpp.dir/rosidl_typesupport_fastrtps_cpp/eufs_msgs/msg/detail/dds_fastrtps/point_array__type_support.cpp.o[0m
[12.456s] [ 59%] [32mBuilding C object CMakeFiles/eufs_msgs__rosidl_typesupport_introspection_c.dir/rosidl_typesupport_introspection_c/eufs_msgs/msg/detail/cone_association__type_support.c.o[0m
[12.467s] [ 60%] [32mBuilding CXX object CMakeFiles/eufs_msgs__rosidl_typesupport_fastrtps_cpp.dir/rosidl_typesupport_fastrtps_cpp/eufs_msgs/msg/detail/dds_fastrtps/point_array_stamped__type_support.cpp.o[0m
[12.470s] [ 60%] [32mBuilding C object CMakeFiles/eufs_msgs__rosidl_typesupport_introspection_c.dir/rosidl_typesupport_introspection_c/eufs_msgs/msg/detail/cone_association_array__type_support.c.o[0m
[12.472s] [ 60%] [32mBuilding CXX object CMakeFiles/eufs_msgs__rosidl_typesupport_introspection_cpp.dir/rosidl_typesupport_introspection_cpp/eufs_msgs/msg/detail/wheel_speeds_stamped__type_support.cpp.o[0m
[12.483s] [ 60%] [32mBuilding CXX object CMakeFiles/eufs_msgs__rosidl_typesupport_fastrtps_c.dir/rosidl_typesupport_fastrtps_c/eufs_msgs/msg/detail/bounding_box__type_support_c.cpp.o[0m
[12.483s] [ 60%] [32mBuilding CXX object CMakeFiles/eufs_msgs__rosidl_typesupport_fastrtps_cpp.dir/rosidl_typesupport_fastrtps_cpp/eufs_msgs/msg/detail/dds_fastrtps/pure_pursuit_checkpoint__type_support.cpp.o[0m
[12.509s] [ 60%] [32mBuilding CXX object CMakeFiles/eufs_msgs__rosidl_typesupport_fastrtps_c.dir/rosidl_typesupport_fastrtps_c/eufs_msgs/msg/detail/bounding_boxes__type_support_c.cpp.o[0m
[12.525s] [ 60%] [32mBuilding CXX object CMakeFiles/eufs_msgs__rosidl_typesupport_fastrtps_cpp.dir/rosidl_typesupport_fastrtps_cpp/eufs_msgs/msg/detail/dds_fastrtps/pure_pursuit_checkpoint_array_stamped__type_support.cpp.o[0m
[12.530s] [ 60%] [32mBuilding CXX object CMakeFiles/eufs_msgs__rosidl_typesupport_fastrtps_cpp.dir/rosidl_typesupport_fastrtps_cpp/eufs_msgs/msg/detail/dds_fastrtps/runstop__type_support.cpp.o[0m
[12.542s] [ 60%] [32mBuilding C object CMakeFiles/eufs_msgs__rosidl_typesupport_introspection_c.dir/rosidl_typesupport_introspection_c/eufs_msgs/msg/detail/cone_association_array_array_stamped__type_support.c.o[0m
[12.615s] [ 60%] [32mBuilding CXX object CMakeFiles/eufs_msgs__rosidl_typesupport_fastrtps_c.dir/rosidl_typesupport_fastrtps_c/eufs_msgs/msg/detail/can_state__type_support_c.cpp.o[0m
[12.618s] [ 60%] [32mBuilding C object CMakeFiles/eufs_msgs__rosidl_typesupport_introspection_c.dir/rosidl_typesupport_introspection_c/eufs_msgs/msg/detail/cone_association_array_stamped__type_support.c.o[0m
[12.623s] [ 61%] [32mBuilding CXX object CMakeFiles/eufs_msgs__rosidl_typesupport_introspection_cpp.dir/rosidl_typesupport_introspection_cpp/eufs_msgs/action/detail/check_for_objects__type_support.cpp.o[0m
[12.632s] [ 61%] [32mBuilding CXX object CMakeFiles/eufs_msgs__rosidl_typesupport_introspection_cpp.dir/rosidl_typesupport_introspection_cpp/eufs_msgs/srv/detail/record_start__type_support.cpp.o[0m
[12.661s] [ 61%] [32mBuilding CXX object CMakeFiles/eufs_msgs__rosidl_typesupport_introspection_cpp.dir/rosidl_typesupport_introspection_cpp/eufs_msgs/srv/detail/record_stop__type_support.cpp.o[0m
[12.712s] [ 62%] [32mBuilding C object CMakeFiles/eufs_msgs__rosidl_typesupport_introspection_c.dir/rosidl_typesupport_introspection_c/eufs_msgs/msg/detail/costmap__type_support.c.o[0m
[12.749s] [ 62%] [32mBuilding CXX object CMakeFiles/eufs_msgs__rosidl_typesupport_introspection_cpp.dir/rosidl_typesupport_introspection_cpp/eufs_msgs/srv/detail/register__type_support.cpp.o[0m
[12.760s] [ 62%] [32mBuilding C object CMakeFiles/eufs_msgs__rosidl_typesupport_introspection_c.dir/rosidl_typesupport_introspection_c/eufs_msgs/msg/detail/cpu_status__type_support.c.o[0m
[12.799s] [ 62%] [32mBuilding CXX object CMakeFiles/eufs_msgs__rosidl_typesupport_fastrtps_c.dir/rosidl_typesupport_fastrtps_c/eufs_msgs/msg/detail/car_forces__type_support_c.cpp.o[0m
[12.813s] [ 62%] [32mBuilding CXX object CMakeFiles/eufs_msgs__rosidl_typesupport_introspection_cpp.dir/rosidl_typesupport_introspection_cpp/eufs_msgs/srv/detail/set_can_state__type_support.cpp.o[0m
[12.822s] [ 63%] [32mBuilding CXX object CMakeFiles/eufs_msgs__rosidl_typesupport_introspection_cpp.dir/rosidl_typesupport_introspection_cpp/eufs_msgs/srv/detail/set_string__type_support.cpp.o[0m
[12.822s] [ 63%] [32mBuilding C object CMakeFiles/eufs_msgs__rosidl_typesupport_introspection_c.dir/rosidl_typesupport_introspection_c/eufs_msgs/msg/detail/cpu_usage__type_support.c.o[0m
[12.839s] [ 63%] [32mBuilding CXX object CMakeFiles/eufs_msgs__rosidl_typesupport_introspection_cpp.dir/rosidl_typesupport_introspection_cpp/eufs_msgs/srv/detail/set_track__type_support.cpp.o[0m
[12.877s] [ 63%] [32mBuilding CXX object CMakeFiles/eufs_msgs__rosidl_typesupport_fastrtps_c.dir/rosidl_typesupport_fastrtps_c/eufs_msgs/msg/detail/car_state__type_support_c.cpp.o[0m
[12.914s] [ 63%] [32mBuilding C object CMakeFiles/eufs_msgs__rosidl_typesupport_introspection_c.dir/rosidl_typesupport_introspection_c/eufs_msgs/msg/detail/ekf_err__type_support.c.o[0m
[12.949s] [ 63%] [32mBuilding CXX object CMakeFiles/eufs_msgs__rosidl_typesupport_fastrtps_cpp.dir/rosidl_typesupport_fastrtps_cpp/eufs_msgs/msg/detail/dds_fastrtps/slam_err__type_support.cpp.o[0m
[12.968s] [ 63%] [32mBuilding CXX object CMakeFiles/eufs_msgs__rosidl_typesupport_introspection_cpp.dir/rosidl_typesupport_introspection_cpp/eufs_msgs/srv/detail/set_mission__type_support.cpp.o[0m
[12.998s] [ 63%] [32mBuilding CXX object CMakeFiles/eufs_msgs__rosidl_typesupport_introspection_cpp.dir/rosidl_typesupport_introspection_cpp/eufs_msgs/srv/detail/get_map__type_support.cpp.o[0m
[12.999s] [ 63%] [32mBuilding C object CMakeFiles/eufs_msgs__rosidl_typesupport_introspection_c.dir/rosidl_typesupport_introspection_c/eufs_msgs/msg/detail/ekf_state__type_support.c.o[0m
[13.036s] [ 64%] [32mBuilding C object CMakeFiles/eufs_msgs__rosidl_typesupport_introspection_c.dir/rosidl_typesupport_introspection_c/eufs_msgs/msg/detail/full_state__type_support.c.o[0m
[13.049s] [ 64%] [32mBuilding CXX object CMakeFiles/eufs_msgs__rosidl_typesupport_fastrtps_cpp.dir/rosidl_typesupport_fastrtps_cpp/eufs_msgs/msg/detail/dds_fastrtps/slam_state__type_support.cpp.o[0m
[13.057s] [ 65%] [32mBuilding CXX object CMakeFiles/eufs_msgs__rosidl_typesupport_fastrtps_c.dir/rosidl_typesupport_fastrtps_c/eufs_msgs/msg/detail/chassis_command__type_support_c.cpp.o[0m
[13.058s] [ 65%] [32mBuilding C object CMakeFiles/eufs_msgs__rosidl_typesupport_introspection_c.dir/rosidl_typesupport_introspection_c/eufs_msgs/msg/detail/heartbeat__type_support.c.o[0m
[13.071s] [ 66%] [32mBuilding CXX object CMakeFiles/eufs_msgs__rosidl_typesupport_fastrtps_c.dir/rosidl_typesupport_fastrtps_c/eufs_msgs/msg/detail/chassis_state__type_support_c.cpp.o[0m
[13.071s] [ 66%] [32mBuilding CXX object CMakeFiles/eufs_msgs__rosidl_typesupport_fastrtps_cpp.dir/rosidl_typesupport_fastrtps_cpp/eufs_msgs/msg/detail/dds_fastrtps/state_machine_state__type_support.cpp.o[0m
[13.078s] [ 66%] [32mBuilding CXX object CMakeFiles/eufs_msgs__rosidl_typesupport_fastrtps_c.dir/rosidl_typesupport_fastrtps_c/eufs_msgs/msg/detail/cone_array__type_support_c.cpp.o[0m
[13.084s] [ 66%] [32mBuilding C object CMakeFiles/eufs_msgs__rosidl_typesupport_introspection_c.dir/rosidl_typesupport_introspection_c/eufs_msgs/msg/detail/integration_err__type_support.c.o[0m
[13.084s] [ 66%] [32mBuilding CXX object CMakeFiles/eufs_msgs__rosidl_typesupport_fastrtps_c.dir/rosidl_typesupport_fastrtps_c/eufs_msgs/msg/detail/cone_array_with_covariance__type_support_c.cpp.o[0m
[13.112s] [ 66%] [32mBuilding CXX object CMakeFiles/eufs_msgs__rosidl_typesupport_fastrtps_cpp.dir/rosidl_typesupport_fastrtps_cpp/eufs_msgs/msg/detail/dds_fastrtps/stereo_image__type_support.cpp.o[0m
[13.134s] [ 66%] [32mBuilding C object CMakeFiles/eufs_msgs__rosidl_typesupport_introspection_c.dir/rosidl_typesupport_introspection_c/eufs_msgs/msg/detail/lap_stats__type_support.c.o[0m
[13.182s] [ 66%] [32mBuilding C object CMakeFiles/eufs_msgs__rosidl_typesupport_introspection_c.dir/rosidl_typesupport_introspection_c/eufs_msgs/msg/detail/mpc_state__type_support.c.o[0m
[13.184s] [ 66%] [32mBuilding CXX object CMakeFiles/eufs_msgs__rosidl_typesupport_fastrtps_cpp.dir/rosidl_typesupport_fastrtps_cpp/eufs_msgs/msg/detail/dds_fastrtps/system_status__type_support.cpp.o[0m
[13.190s] [ 66%] [32mBuilding CXX object CMakeFiles/eufs_msgs__rosidl_typesupport_fastrtps_c.dir/rosidl_typesupport_fastrtps_c/eufs_msgs/msg/detail/cone_with_color_probability__type_support_c.cpp.o[0m
[13.202s] [ 66%] [32mBuilding CXX object CMakeFiles/eufs_msgs__rosidl_typesupport_fastrtps_cpp.dir/rosidl_typesupport_fastrtps_cpp/eufs_msgs/msg/detail/dds_fastrtps/topic_status__type_support.cpp.o[0m
[13.234s] [ 66%] [32mBuilding C object CMakeFiles/eufs_msgs__rosidl_typesupport_introspection_c.dir/rosidl_typesupport_introspection_c/eufs_msgs/msg/detail/node_state__type_support.c.o[0m
[13.249s] [ 66%] [32mBuilding CXX object CMakeFiles/eufs_msgs__rosidl_typesupport_fastrtps_cpp.dir/rosidl_typesupport_fastrtps_cpp/eufs_msgs/msg/detail/dds_fastrtps/vehicle_commands__type_support.cpp.o[0m
[13.274s] [ 67%] [32mBuilding CXX object CMakeFiles/eufs_msgs__rosidl_typesupport_fastrtps_cpp.dir/rosidl_typesupport_fastrtps_cpp/eufs_msgs/msg/detail/dds_fastrtps/vehicle_commands_stamped__type_support.cpp.o[0m
[13.282s] [ 68%] [32mBuilding C object CMakeFiles/eufs_msgs__rosidl_typesupport_introspection_c.dir/rosidl_typesupport_introspection_c/eufs_msgs/msg/detail/node_state_array__type_support.c.o[0m
[13.297s] [ 68%] [32mBuilding CXX object CMakeFiles/eufs_msgs__rosidl_typesupport_fastrtps_cpp.dir/rosidl_typesupport_fastrtps_cpp/eufs_msgs/msg/detail/dds_fastrtps/waypoint__type_support.cpp.o[0m
[13.324s] [ 68%] [32mBuilding CXX object CMakeFiles/eufs_msgs__rosidl_typesupport_fastrtps_cpp.dir/rosidl_typesupport_fastrtps_cpp/eufs_msgs/msg/detail/dds_fastrtps/waypoint_array_stamped__type_support.cpp.o[0m
[13.338s] [ 68%] [32mBuilding C object CMakeFiles/eufs_msgs__rosidl_typesupport_introspection_c.dir/rosidl_typesupport_introspection_c/eufs_msgs/msg/detail/oss__type_support.c.o[0m
[13.359s] [ 68%] [32mBuilding C object CMakeFiles/eufs_msgs__rosidl_typesupport_introspection_c.dir/rosidl_typesupport_introspection_c/eufs_msgs/msg/detail/particle__type_support.c.o[0m
[13.389s] [ 68%] [32mBuilding C object CMakeFiles/eufs_msgs__rosidl_typesupport_introspection_c.dir/rosidl_typesupport_introspection_c/eufs_msgs/msg/detail/particle_slam__type_support.c.o[0m
[13.419s] [ 69%] [32mBuilding CXX object CMakeFiles/eufs_msgs__rosidl_typesupport_fastrtps_c.dir/rosidl_typesupport_fastrtps_c/eufs_msgs/msg/detail/cone_with_color_probability_array__type_support_c.cpp.o[0m
[13.447s] [ 69%] [32mBuilding C object CMakeFiles/eufs_msgs__rosidl_typesupport_introspection_c.dir/rosidl_typesupport_introspection_c/eufs_msgs/msg/detail/particle_slam_stamped__type_support.c.o[0m
[13.462s] [ 69%] [32mBuilding CXX object CMakeFiles/eufs_msgs__rosidl_typesupport_fastrtps_cpp.dir/rosidl_typesupport_fastrtps_cpp/eufs_msgs/msg/detail/dds_fastrtps/wheel_odometry_err__type_support.cpp.o[0m
[13.480s] [ 70%] [32mBuilding C object CMakeFiles/eufs_msgs__rosidl_typesupport_introspection_c.dir/rosidl_typesupport_introspection_c/eufs_msgs/msg/detail/particle_stamped__type_support.c.o[0m
[13.490s] [ 70%] [32mBuilding C object CMakeFiles/eufs_msgs__rosidl_typesupport_introspection_c.dir/rosidl_typesupport_introspection_c/eufs_msgs/msg/detail/path_integral_params__type_support.c.o[0m
[13.496s] [ 70%] [32mBuilding CXX object CMakeFiles/eufs_msgs__rosidl_typesupport_fastrtps_cpp.dir/rosidl_typesupport_fastrtps_cpp/eufs_msgs/msg/detail/dds_fastrtps/wheel_speeds__type_support.cpp.o[0m
[13.507s] [ 70%] [32mBuilding CXX object CMakeFiles/eufs_msgs__rosidl_typesupport_fastrtps_c.dir/rosidl_typesupport_fastrtps_c/eufs_msgs/msg/detail/cone_with_covariance__type_support_c.cpp.o[0m
[13.527s] [ 70%] [32mBuilding CXX object CMakeFiles/eufs_msgs__rosidl_typesupport_fastrtps_c.dir/rosidl_typesupport_fastrtps_c/eufs_msgs/msg/detail/cone_association__type_support_c.cpp.o[0m
[13.531s] [ 70%] [32mBuilding C object CMakeFiles/eufs_msgs__rosidl_typesupport_introspection_c.dir/rosidl_typesupport_introspection_c/eufs_msgs/msg/detail/path_integral_stats__type_support.c.o[0m
[13.540s] [ 70%] [32mBuilding CXX object CMakeFiles/eufs_msgs__rosidl_typesupport_fastrtps_cpp.dir/rosidl_typesupport_fastrtps_cpp/eufs_msgs/msg/detail/dds_fastrtps/wheel_speeds_stamped__type_support.cpp.o[0m
[13.564s] [ 70%] [32mBuilding C object CMakeFiles/eufs_msgs__rosidl_typesupport_introspection_c.dir/rosidl_typesupport_introspection_c/eufs_msgs/msg/detail/path_integral_status__type_support.c.o[0m
[13.584s] [ 70%] [32mBuilding CXX object CMakeFiles/eufs_msgs__rosidl_typesupport_fastrtps_c.dir/rosidl_typesupport_fastrtps_c/eufs_msgs/msg/detail/cone_association_array__type_support_c.cpp.o[0m
[13.584s] [ 70%] [32mBuilding CXX object CMakeFiles/eufs_msgs__rosidl_typesupport_fastrtps_c.dir/rosidl_typesupport_fastrtps_c/eufs_msgs/msg/detail/cone_association_array_array_stamped__type_support_c.cpp.o[0m
[13.585s] [ 70%] [32mBuilding CXX object CMakeFiles/eufs_msgs__rosidl_typesupport_fastrtps_c.dir/rosidl_typesupport_fastrtps_c/eufs_msgs/msg/detail/cone_association_array_stamped__type_support_c.cpp.o[0m
[13.595s] [ 70%] [32mBuilding C object CMakeFiles/eufs_msgs__rosidl_typesupport_introspection_c.dir/rosidl_typesupport_introspection_c/eufs_msgs/msg/detail/path_integral_timing__type_support.c.o[0m
[13.595s] [ 71%] [32mBuilding CXX object CMakeFiles/eufs_msgs__rosidl_typesupport_fastrtps_cpp.dir/rosidl_typesupport_fastrtps_cpp/eufs_msgs/action/detail/dds_fastrtps/check_for_objects__type_support.cpp.o[0m
[13.623s] [ 71%] [32mBuilding C object CMakeFiles/eufs_msgs__rosidl_typesupport_introspection_c.dir/rosidl_typesupport_introspection_c/eufs_msgs/msg/detail/planning_mode__type_support.c.o[0m
[13.641s] [ 72%] [32mBuilding C object CMakeFiles/eufs_msgs__rosidl_typesupport_introspection_c.dir/rosidl_typesupport_introspection_c/eufs_msgs/msg/detail/point_array__type_support.c.o[0m
[13.659s] [ 72%] [32mBuilding C object CMakeFiles/eufs_msgs__rosidl_typesupport_introspection_c.dir/rosidl_typesupport_introspection_c/eufs_msgs/msg/detail/point_array_stamped__type_support.c.o[0m
[13.668s] [ 72%] [32mBuilding CXX object CMakeFiles/eufs_msgs__rosidl_typesupport_fastrtps_cpp.dir/rosidl_typesupport_fastrtps_cpp/eufs_msgs/srv/detail/dds_fastrtps/record_start__type_support.cpp.o[0m
[13.685s] [ 72%] [32m[1mLinking CXX shared library libeufs_msgs__rosidl_typesupport_introspection_cpp.so[0m
[13.687s] [ 72%] [32mBuilding CXX object CMakeFiles/eufs_msgs__rosidl_typesupport_fastrtps_cpp.dir/rosidl_typesupport_fastrtps_cpp/eufs_msgs/srv/detail/dds_fastrtps/record_stop__type_support.cpp.o[0m
[13.694s] [ 73%] [32mBuilding CXX object CMakeFiles/eufs_msgs__rosidl_typesupport_fastrtps_c.dir/rosidl_typesupport_fastrtps_c/eufs_msgs/msg/detail/costmap__type_support_c.cpp.o[0m
[13.704s] [ 73%] [32mBuilding C object CMakeFiles/eufs_msgs__rosidl_typesupport_introspection_c.dir/rosidl_typesupport_introspection_c/eufs_msgs/msg/detail/pure_pursuit_checkpoint__type_support.c.o[0m
[13.723s] [ 73%] [32mBuilding CXX object CMakeFiles/eufs_msgs__rosidl_typesupport_fastrtps_cpp.dir/rosidl_typesupport_fastrtps_cpp/eufs_msgs/srv/detail/dds_fastrtps/register__type_support.cpp.o[0m
[13.731s] [ 73%] [32mBuilding CXX object CMakeFiles/eufs_msgs__rosidl_typesupport_fastrtps_cpp.dir/rosidl_typesupport_fastrtps_cpp/eufs_msgs/srv/detail/dds_fastrtps/set_can_state__type_support.cpp.o[0m
[13.741s] [ 73%] [32mBuilding CXX object CMakeFiles/eufs_msgs__rosidl_typesupport_fastrtps_c.dir/rosidl_typesupport_fastrtps_c/eufs_msgs/msg/detail/cpu_status__type_support_c.cpp.o[0m
[13.750s] [ 73%] [32mBuilding C object CMakeFiles/eufs_msgs__rosidl_typesupport_introspection_c.dir/rosidl_typesupport_introspection_c/eufs_msgs/msg/detail/pure_pursuit_checkpoint_array_stamped__type_support.c.o[0m
[13.801s] [ 73%] [32mBuilding C object CMakeFiles/eufs_msgs__rosidl_typesupport_introspection_c.dir/rosidl_typesupport_introspection_c/eufs_msgs/msg/detail/runstop__type_support.c.o[0m
[13.847s] [ 73%] Built target eufs_msgs__rosidl_typesupport_introspection_cpp
[13.848s] [ 74%] [32mBuilding C object CMakeFiles/eufs_msgs__rosidl_typesupport_introspection_c.dir/rosidl_typesupport_introspection_c/eufs_msgs/msg/detail/slam_err__type_support.c.o[0m
[13.854s] [ 74%] [32mBuilding CXX object CMakeFiles/eufs_msgs__rosidl_typesupport_fastrtps_c.dir/rosidl_typesupport_fastrtps_c/eufs_msgs/msg/detail/cpu_usage__type_support_c.cpp.o[0m
[13.855s] [ 74%] [32mBuilding CXX object CMakeFiles/eufs_msgs__rosidl_typesupport_fastrtps_c.dir/rosidl_typesupport_fastrtps_c/eufs_msgs/msg/detail/ekf_err__type_support_c.cpp.o[0m
[13.869s] [ 74%] [32mBuilding C object CMakeFiles/eufs_msgs__rosidl_typesupport_introspection_c.dir/rosidl_typesupport_introspection_c/eufs_msgs/msg/detail/slam_state__type_support.c.o[0m
[13.893s] [ 74%] [32mBuilding C object CMakeFiles/eufs_msgs__rosidl_typesupport_introspection_c.dir/rosidl_typesupport_introspection_c/eufs_msgs/msg/detail/state_machine_state__type_support.c.o[0m
[13.912s] [ 75%] [32mBuilding CXX object CMakeFiles/eufs_msgs__rosidl_typesupport_fastrtps_cpp.dir/rosidl_typesupport_fastrtps_cpp/eufs_msgs/srv/detail/dds_fastrtps/set_string__type_support.cpp.o[0m
[13.918s] [ 75%] [32mBuilding C object CMakeFiles/eufs_msgs__rosidl_typesupport_introspection_c.dir/rosidl_typesupport_introspection_c/eufs_msgs/msg/detail/stereo_image__type_support.c.o[0m
[13.945s] [ 75%] [32mBuilding C object CMakeFiles/eufs_msgs__rosidl_typesupport_introspection_c.dir/rosidl_typesupport_introspection_c/eufs_msgs/msg/detail/system_status__type_support.c.o[0m
[13.965s] [ 75%] [32mBuilding CXX object CMakeFiles/eufs_msgs__rosidl_typesupport_fastrtps_c.dir/rosidl_typesupport_fastrtps_c/eufs_msgs/msg/detail/ekf_state__type_support_c.cpp.o[0m
[13.979s] [ 76%] [32mBuilding C object CMakeFiles/eufs_msgs__rosidl_typesupport_introspection_c.dir/rosidl_typesupport_introspection_c/eufs_msgs/msg/detail/topic_status__type_support.c.o[0m
[13.986s] [ 76%] [32mBuilding CXX object CMakeFiles/eufs_msgs__rosidl_typesupport_fastrtps_cpp.dir/rosidl_typesupport_fastrtps_cpp/eufs_msgs/srv/detail/dds_fastrtps/set_mission__type_support.cpp.o[0m
[13.990s] [ 76%] [32mBuilding CXX object CMakeFiles/eufs_msgs__rosidl_typesupport_fastrtps_cpp.dir/rosidl_typesupport_fastrtps_cpp/eufs_msgs/srv/detail/dds_fastrtps/set_track__type_support.cpp.o[0m
[13.991s] [ 77%] [32mBuilding CXX object CMakeFiles/eufs_msgs__rosidl_typesupport_fastrtps_c.dir/rosidl_typesupport_fastrtps_c/eufs_msgs/msg/detail/full_state__type_support_c.cpp.o[0m
[13.995s] [ 77%] [32mBuilding CXX object CMakeFiles/eufs_msgs__rosidl_typesupport_fastrtps_c.dir/rosidl_typesupport_fastrtps_c/eufs_msgs/msg/detail/heartbeat__type_support_c.cpp.o[0m
[13.995s] [ 77%] [32mBuilding CXX object CMakeFiles/eufs_msgs__rosidl_typesupport_fastrtps_cpp.dir/rosidl_typesupport_fastrtps_cpp/eufs_msgs/srv/detail/dds_fastrtps/get_map__type_support.cpp.o[0m
[14.017s] [ 77%] [32mBuilding CXX object CMakeFiles/eufs_msgs__rosidl_typesupport_fastrtps_c.dir/rosidl_typesupport_fastrtps_c/eufs_msgs/msg/detail/integration_err__type_support_c.cpp.o[0m
[14.021s] [ 77%] [32mBuilding C object CMakeFiles/eufs_msgs__rosidl_typesupport_introspection_c.dir/rosidl_typesupport_introspection_c/eufs_msgs/msg/detail/vehicle_commands__type_support.c.o[0m
[14.028s] [ 77%] [32mBuilding C object CMakeFiles/eufs_msgs__rosidl_typesupport_introspection_c.dir/rosidl_typesupport_introspection_c/eufs_msgs/msg/detail/vehicle_commands_stamped__type_support.c.o[0m
[14.036s] [ 77%] [32mBuilding C object CMakeFiles/eufs_msgs__rosidl_typesupport_introspection_c.dir/rosidl_typesupport_introspection_c/eufs_msgs/msg/detail/waypoint__type_support.c.o[0m
[14.072s] [ 77%] [32mBuilding C object CMakeFiles/eufs_msgs__rosidl_typesupport_introspection_c.dir/rosidl_typesupport_introspection_c/eufs_msgs/msg/detail/waypoint_array_stamped__type_support.c.o[0m
[14.076s] [ 77%] [32mBuilding C object CMakeFiles/eufs_msgs__rosidl_typesupport_introspection_c.dir/rosidl_typesupport_introspection_c/eufs_msgs/msg/detail/wheel_odometry_err__type_support.c.o[0m
[14.084s] [ 78%] [32mBuilding C object CMakeFiles/eufs_msgs__rosidl_typesupport_introspection_c.dir/rosidl_typesupport_introspection_c/eufs_msgs/msg/detail/wheel_speeds__type_support.c.o[0m
[14.102s] [ 78%] [32mBuilding CXX object CMakeFiles/eufs_msgs__rosidl_typesupport_fastrtps_c.dir/rosidl_typesupport_fastrtps_c/eufs_msgs/msg/detail/lap_stats__type_support_c.cpp.o[0m
[14.121s] [ 78%] [32mBuilding CXX object CMakeFiles/eufs_msgs__rosidl_typesupport_fastrtps_c.dir/rosidl_typesupport_fastrtps_c/eufs_msgs/msg/detail/mpc_state__type_support_c.cpp.o[0m
[14.123s] [ 78%] [32mBuilding CXX object CMakeFiles/eufs_msgs__rosidl_typesupport_fastrtps_c.dir/rosidl_typesupport_fastrtps_c/eufs_msgs/msg/detail/node_state__type_support_c.cpp.o[0m
[14.133s] [ 78%] [32mBuilding C object CMakeFiles/eufs_msgs__rosidl_typesupport_introspection_c.dir/rosidl_typesupport_introspection_c/eufs_msgs/msg/detail/wheel_speeds_stamped__type_support.c.o[0m
[14.145s] [ 79%] [32mBuilding CXX object CMakeFiles/eufs_msgs__rosidl_typesupport_fastrtps_c.dir/rosidl_typesupport_fastrtps_c/eufs_msgs/msg/detail/node_state_array__type_support_c.cpp.o[0m
[14.169s] [ 79%] [32mBuilding C object CMakeFiles/eufs_msgs__rosidl_typesupport_introspection_c.dir/rosidl_typesupport_introspection_c/eufs_msgs/action/detail/check_for_objects__type_support.c.o[0m
[14.172s] [ 79%] [32mBuilding CXX object CMakeFiles/eufs_msgs__rosidl_typesupport_fastrtps_c.dir/rosidl_typesupport_fastrtps_c/eufs_msgs/msg/detail/oss__type_support_c.cpp.o[0m
[14.186s] [ 79%] [32mBuilding C object CMakeFiles/eufs_msgs__rosidl_typesupport_introspection_c.dir/rosidl_typesupport_introspection_c/eufs_msgs/srv/detail/record_start__type_support.c.o[0m
[14.195s] [ 79%] [32mBuilding C object CMakeFiles/eufs_msgs__rosidl_typesupport_introspection_c.dir/rosidl_typesupport_introspection_c/eufs_msgs/srv/detail/record_stop__type_support.c.o[0m
[14.235s] [ 80%] [32mBuilding CXX object CMakeFiles/eufs_msgs__rosidl_typesupport_fastrtps_c.dir/rosidl_typesupport_fastrtps_c/eufs_msgs/msg/detail/particle__type_support_c.cpp.o[0m
[14.236s] [ 80%] [32mBuilding C object CMakeFiles/eufs_msgs__rosidl_typesupport_introspection_c.dir/rosidl_typesupport_introspection_c/eufs_msgs/srv/detail/register__type_support.c.o[0m
[14.238s] [ 80%] [32mBuilding C object CMakeFiles/eufs_msgs__rosidl_typesupport_introspection_c.dir/rosidl_typesupport_introspection_c/eufs_msgs/srv/detail/set_can_state__type_support.c.o[0m
[14.256s] [ 80%] [32mBuilding C object CMakeFiles/eufs_msgs__rosidl_typesupport_introspection_c.dir/rosidl_typesupport_introspection_c/eufs_msgs/srv/detail/set_string__type_support.c.o[0m
[14.276s] [ 80%] [32mBuilding C object CMakeFiles/eufs_msgs__rosidl_typesupport_introspection_c.dir/rosidl_typesupport_introspection_c/eufs_msgs/srv/detail/set_track__type_support.c.o[0m
[14.280s] [ 80%] [32mBuilding C object CMakeFiles/eufs_msgs__rosidl_typesupport_introspection_c.dir/rosidl_typesupport_introspection_c/eufs_msgs/srv/detail/set_mission__type_support.c.o[0m
[14.282s] [ 80%] [32mBuilding CXX object CMakeFiles/eufs_msgs__rosidl_typesupport_fastrtps_c.dir/rosidl_typesupport_fastrtps_c/eufs_msgs/msg/detail/particle_slam__type_support_c.cpp.o[0m
[14.288s] [ 80%] [32mBuilding CXX object CMakeFiles/eufs_msgs__rosidl_typesupport_fastrtps_c.dir/rosidl_typesupport_fastrtps_c/eufs_msgs/msg/detail/particle_slam_stamped__type_support_c.cpp.o[0m
[14.297s] [ 80%] [32mBuilding C object CMakeFiles/eufs_msgs__rosidl_typesupport_introspection_c.dir/rosidl_typesupport_introspection_c/eufs_msgs/srv/detail/get_map__type_support.c.o[0m
[14.317s] [ 81%] [32mBuilding CXX object CMakeFiles/eufs_msgs__rosidl_typesupport_fastrtps_c.dir/rosidl_typesupport_fastrtps_c/eufs_msgs/msg/detail/particle_stamped__type_support_c.cpp.o[0m
[14.322s] [ 81%] [32mBuilding CXX object CMakeFiles/eufs_msgs__rosidl_typesupport_fastrtps_c.dir/rosidl_typesupport_fastrtps_c/eufs_msgs/msg/detail/path_integral_stats__type_support_c.cpp.o[0m
[14.323s] [ 81%] [32mBuilding CXX object CMakeFiles/eufs_msgs__rosidl_typesupport_fastrtps_c.dir/rosidl_typesupport_fastrtps_c/eufs_msgs/msg/detail/path_integral_params__type_support_c.cpp.o[0m
[14.346s] [ 82%] [32m[1mLinking C shared library libeufs_msgs__rosidl_typesupport_introspection_c.so[0m
[14.385s] [ 82%] [32mBuilding CXX object CMakeFiles/eufs_msgs__rosidl_typesupport_fastrtps_c.dir/rosidl_typesupport_fastrtps_c/eufs_msgs/msg/detail/path_integral_status__type_support_c.cpp.o[0m
[14.392s] [ 82%] [32mBuilding CXX object CMakeFiles/eufs_msgs__rosidl_typesupport_fastrtps_c.dir/rosidl_typesupport_fastrtps_c/eufs_msgs/msg/detail/path_integral_timing__type_support_c.cpp.o[0m
[14.410s] [ 82%] [32mBuilding CXX object CMakeFiles/eufs_msgs__rosidl_typesupport_fastrtps_c.dir/rosidl_typesupport_fastrtps_c/eufs_msgs/msg/detail/planning_mode__type_support_c.cpp.o[0m
[14.414s] [ 82%] Built target eufs_msgs__rosidl_typesupport_introspection_c
[14.418s] [ 83%] [32mBuilding CXX object CMakeFiles/eufs_msgs__rosidl_typesupport_fastrtps_c.dir/rosidl_typesupport_fastrtps_c/eufs_msgs/msg/detail/point_array__type_support_c.cpp.o[0m
[14.426s] [ 83%] [32mBuilding CXX object CMakeFiles/eufs_msgs__rosidl_typesupport_fastrtps_c.dir/rosidl_typesupport_fastrtps_c/eufs_msgs/msg/detail/point_array_stamped__type_support_c.cpp.o[0m
[14.433s] [ 83%] [32mBuilding CXX object CMakeFiles/eufs_msgs__rosidl_typesupport_fastrtps_c.dir/rosidl_typesupport_fastrtps_c/eufs_msgs/msg/detail/pure_pursuit_checkpoint__type_support_c.cpp.o[0m
[14.504s] [ 83%] [32mBuilding CXX object CMakeFiles/eufs_msgs__rosidl_typesupport_fastrtps_c.dir/rosidl_typesupport_fastrtps_c/eufs_msgs/msg/detail/pure_pursuit_checkpoint_array_stamped__type_support_c.cpp.o[0m
[14.537s] [ 83%] [32mBuilding CXX object CMakeFiles/eufs_msgs__rosidl_typesupport_fastrtps_c.dir/rosidl_typesupport_fastrtps_c/eufs_msgs/msg/detail/runstop__type_support_c.cpp.o[0m
[14.538s] [ 83%] [32mBuilding CXX object CMakeFiles/eufs_msgs__rosidl_typesupport_fastrtps_c.dir/rosidl_typesupport_fastrtps_c/eufs_msgs/msg/detail/slam_state__type_support_c.cpp.o[0m
[14.538s] [ 84%] [32mBuilding CXX object CMakeFiles/eufs_msgs__rosidl_typesupport_fastrtps_c.dir/rosidl_typesupport_fastrtps_c/eufs_msgs/msg/detail/slam_err__type_support_c.cpp.o[0m
[14.571s] [ 84%] [32mBuilding CXX object CMakeFiles/eufs_msgs__rosidl_typesupport_fastrtps_c.dir/rosidl_typesupport_fastrtps_c/eufs_msgs/msg/detail/stereo_image__type_support_c.cpp.o[0m
[14.571s] [ 84%] [32mBuilding CXX object CMakeFiles/eufs_msgs__rosidl_typesupport_fastrtps_c.dir/rosidl_typesupport_fastrtps_c/eufs_msgs/msg/detail/state_machine_state__type_support_c.cpp.o[0m
[14.628s] [ 84%] [32m[1mLinking CXX shared library libeufs_msgs__rosidl_typesupport_fastrtps_cpp.so[0m
[14.628s] [ 84%] [32mBuilding CXX object CMakeFiles/eufs_msgs__rosidl_typesupport_fastrtps_c.dir/rosidl_typesupport_fastrtps_c/eufs_msgs/msg/detail/system_status__type_support_c.cpp.o[0m
[14.648s] [ 85%] [32mBuilding CXX object CMakeFiles/eufs_msgs__rosidl_typesupport_fastrtps_c.dir/rosidl_typesupport_fastrtps_c/eufs_msgs/msg/detail/topic_status__type_support_c.cpp.o[0m
[14.664s] [ 85%] [32mBuilding CXX object CMakeFiles/eufs_msgs__rosidl_typesupport_fastrtps_c.dir/rosidl_typesupport_fastrtps_c/eufs_msgs/msg/detail/vehicle_commands__type_support_c.cpp.o[0m
[14.715s] [ 85%] [32mBuilding CXX object CMakeFiles/eufs_msgs__rosidl_typesupport_fastrtps_c.dir/rosidl_typesupport_fastrtps_c/eufs_msgs/msg/detail/vehicle_commands_stamped__type_support_c.cpp.o[0m
[14.728s] [ 85%] [32mBuilding CXX object CMakeFiles/eufs_msgs__rosidl_typesupport_fastrtps_c.dir/rosidl_typesupport_fastrtps_c/eufs_msgs/msg/detail/waypoint__type_support_c.cpp.o[0m
[14.742s] [ 85%] [32mBuilding CXX object CMakeFiles/eufs_msgs__rosidl_typesupport_fastrtps_c.dir/rosidl_typesupport_fastrtps_c/eufs_msgs/msg/detail/waypoint_array_stamped__type_support_c.cpp.o[0m
[14.748s] [ 85%] [32mBuilding CXX object CMakeFiles/eufs_msgs__rosidl_typesupport_fastrtps_c.dir/rosidl_typesupport_fastrtps_c/eufs_msgs/msg/detail/wheel_odometry_err__type_support_c.cpp.o[0m
[14.782s] [ 86%] [32mBuilding CXX object CMakeFiles/eufs_msgs__rosidl_typesupport_fastrtps_c.dir/rosidl_typesupport_fastrtps_c/eufs_msgs/msg/detail/wheel_speeds__type_support_c.cpp.o[0m
[14.788s] [ 86%] Built target eufs_msgs__rosidl_typesupport_fastrtps_cpp
[14.800s] [ 86%] [32mBuilding CXX object CMakeFiles/eufs_msgs__rosidl_typesupport_fastrtps_c.dir/rosidl_typesupport_fastrtps_c/eufs_msgs/msg/detail/wheel_speeds_stamped__type_support_c.cpp.o[0m
[14.811s] [ 86%] [32mBuilding CXX object CMakeFiles/eufs_msgs__rosidl_typesupport_fastrtps_c.dir/rosidl_typesupport_fastrtps_c/eufs_msgs/action/detail/check_for_objects__type_support_c.cpp.o[0m
[14.811s] [ 86%] [32mBuilding CXX object CMakeFiles/eufs_msgs__rosidl_typesupport_fastrtps_c.dir/rosidl_typesupport_fastrtps_c/eufs_msgs/srv/detail/record_start__type_support_c.cpp.o[0m
[14.841s] [ 86%] [32mBuilding CXX object CMakeFiles/eufs_msgs__rosidl_typesupport_fastrtps_c.dir/rosidl_typesupport_fastrtps_c/eufs_msgs/srv/detail/record_stop__type_support_c.cpp.o[0m
[14.871s] [ 87%] [32mBuilding CXX object CMakeFiles/eufs_msgs__rosidl_typesupport_fastrtps_c.dir/rosidl_typesupport_fastrtps_c/eufs_msgs/srv/detail/register__type_support_c.cpp.o[0m
[14.874s] [ 87%] [32mBuilding CXX object CMakeFiles/eufs_msgs__rosidl_typesupport_fastrtps_c.dir/rosidl_typesupport_fastrtps_c/eufs_msgs/srv/detail/set_can_state__type_support_c.cpp.o[0m
[14.915s] [ 87%] [32mBuilding CXX object CMakeFiles/eufs_msgs__rosidl_typesupport_fastrtps_c.dir/rosidl_typesupport_fastrtps_c/eufs_msgs/srv/detail/set_string__type_support_c.cpp.o[0m
[14.922s] [ 87%] [32mBuilding CXX object CMakeFiles/eufs_msgs__rosidl_typesupport_fastrtps_c.dir/rosidl_typesupport_fastrtps_c/eufs_msgs/srv/detail/set_track__type_support_c.cpp.o[0m
[14.936s] [ 87%] [32mBuilding CXX object CMakeFiles/eufs_msgs__rosidl_typesupport_fastrtps_c.dir/rosidl_typesupport_fastrtps_c/eufs_msgs/srv/detail/set_mission__type_support_c.cpp.o[0m
[14.989s] [ 87%] [32mBuilding CXX object CMakeFiles/eufs_msgs__rosidl_typesupport_fastrtps_c.dir/rosidl_typesupport_fastrtps_c/eufs_msgs/srv/detail/get_map__type_support_c.cpp.o[0m
[15.279s] [ 88%] [32m[1mLinking CXX shared library libeufs_msgs__rosidl_typesupport_fastrtps_c.so[0m
[15.340s] [ 88%] Built target eufs_msgs__rosidl_typesupport_fastrtps_c
[15.358s] [ 88%] Built target eufs_msgs
[15.381s] [ 88%] [34m[1mGenerating Python code for ROS interfaces[0m
[19.363s] [ 88%] Built target eufs_msgs__py
[19.387s] [ 89%] [32mBuilding C object CMakeFiles/eufs_msgs__rosidl_generator_py.dir/rosidl_generator_py/eufs_msgs/msg/_bounding_boxes_s.c.o[0m
[19.388s] [ 89%] [32mBuilding C object CMakeFiles/eufs_msgs__rosidl_generator_py.dir/rosidl_generator_py/eufs_msgs/msg/_car_state_s.c.o[0m
[19.388s] [ 89%] [32mBuilding C object CMakeFiles/eufs_msgs__rosidl_generator_py.dir/rosidl_generator_py/eufs_msgs/msg/_chassis_command_s.c.o[0m
[19.388s] [ 89%] [32mBuilding C object CMakeFiles/eufs_msgs__rosidl_generator_py.dir/rosidl_generator_py/eufs_msgs/msg/_bounding_box_s.c.o[0m
[19.388s] [ 89%] [32mBuilding C object CMakeFiles/eufs_msgs__rosidl_generator_py.dir/rosidl_generator_py/eufs_msgs/msg/_chassis_state_s.c.o[0m
[19.388s] [ 89%] [32mBuilding C object CMakeFiles/eufs_msgs__rosidl_generator_py.dir/rosidl_generator_py/eufs_msgs/msg/_can_state_s.c.o[0m
[19.390s] [ 89%] [32mBuilding C object CMakeFiles/eufs_msgs__rosidl_generator_py.dir/rosidl_generator_py/eufs_msgs/msg/_car_forces_s.c.o[0m
[19.391s] [ 89%] [32mBuilding C object CMakeFiles/eufs_msgs__rosidl_generator_py.dir/rosidl_generator_py/eufs_msgs/msg/_cone_with_color_probability_array_s.c.o[0m
[19.391s] [ 89%] [32mBuilding C object CMakeFiles/eufs_msgs__rosidl_generator_py.dir/rosidl_generator_py/eufs_msgs/msg/_cone_array_with_covariance_s.c.o[0m
[19.392s] [ 89%] [32mBuilding C object CMakeFiles/eufs_msgs__rosidl_generator_py.dir/rosidl_generator_py/eufs_msgs/msg/_cone_with_covariance_s.c.o[0m
[19.392s] [ 89%] [32mBuilding C object CMakeFiles/eufs_msgs__rosidl_generator_py.dir/rosidl_generator_py/eufs_msgs/msg/_cone_with_color_probability_s.c.o[0m
[19.393s] [ 90%] [32mBuilding C object CMakeFiles/eufs_msgs__rosidl_generator_py.dir/rosidl_generator_py/eufs_msgs/msg/_cone_association_s.c.o[0m
[19.393s] [ 90%] [32mBuilding C object CMakeFiles/eufs_msgs__rosidl_generator_py.dir/rosidl_generator_py/eufs_msgs/msg/_cone_association_array_array_stamped_s.c.o[0m
[19.393s] [ 90%] [32mBuilding C object CMakeFiles/eufs_msgs__rosidl_generator_py.dir/rosidl_generator_py/eufs_msgs/msg/_cone_association_array_stamped_s.c.o[0m
[19.396s] [ 90%] [32mBuilding C object CMakeFiles/eufs_msgs__rosidl_generator_py.dir/rosidl_generator_py/eufs_msgs/msg/_costmap_s.c.o[0m
[19.396s] [ 90%] [32mBuilding C object CMakeFiles/eufs_msgs__rosidl_generator_py.dir/rosidl_generator_py/eufs_msgs/msg/_cone_association_array_s.c.o[0m
[19.396s] [ 91%] [32mBuilding C object CMakeFiles/eufs_msgs__rosidl_generator_py.dir/rosidl_generator_py/eufs_msgs/msg/_cpu_usage_s.c.o[0m
[19.396s] [ 91%] [32mBuilding C object CMakeFiles/eufs_msgs__rosidl_generator_py.dir/rosidl_generator_py/eufs_msgs/msg/_cpu_status_s.c.o[0m
[19.397s] [ 92%] [32mBuilding C object CMakeFiles/eufs_msgs__rosidl_generator_py.dir/rosidl_generator_py/eufs_msgs/msg/_cone_array_s.c.o[0m
[19.400s] [ 92%] [32mBuilding C object CMakeFiles/eufs_msgs__rosidl_generator_py.dir/rosidl_generator_py/eufs_msgs/msg/_ekf_err_s.c.o[0m
[19.513s] [ 92%] [32mBuilding C object CMakeFiles/eufs_msgs__rosidl_generator_py.dir/rosidl_generator_py/eufs_msgs/msg/_full_state_s.c.o[0m
[19.516s] [ 92%] [32mBuilding C object CMakeFiles/eufs_msgs__rosidl_generator_py.dir/rosidl_generator_py/eufs_msgs/msg/_ekf_state_s.c.o[0m
[19.516s] [ 93%] [32mBuilding C object CMakeFiles/eufs_msgs__rosidl_generator_py.dir/rosidl_generator_py/eufs_msgs/msg/_integration_err_s.c.o[0m
[19.516s] [ 93%] [32mBuilding C object CMakeFiles/eufs_msgs__rosidl_generator_py.dir/rosidl_generator_py/eufs_msgs/msg/_heartbeat_s.c.o[0m
[19.516s] [ 93%] [32mBuilding C object CMakeFiles/eufs_msgs__rosidl_generator_py.dir/rosidl_generator_py/eufs_msgs/msg/_lap_stats_s.c.o[0m
[19.521s] [ 93%] [32mBuilding C object CMakeFiles/eufs_msgs__rosidl_generator_py.dir/rosidl_generator_py/eufs_msgs/msg/_mpc_state_s.c.o[0m
[19.521s] [ 94%] [32mBuilding C object CMakeFiles/eufs_msgs__rosidl_generator_py.dir/rosidl_generator_py/eufs_msgs/msg/_oss_s.c.o[0m
[19.522s] [ 94%] [32mBuilding C object CMakeFiles/eufs_msgs__rosidl_generator_py.dir/rosidl_generator_py/eufs_msgs/msg/_node_state_s.c.o[0m
[19.522s] [ 94%] [32mBuilding C object CMakeFiles/eufs_msgs__rosidl_generator_py.dir/rosidl_generator_py/eufs_msgs/msg/_node_state_array_s.c.o[0m
[19.522s] [ 94%] [32mBuilding C object CMakeFiles/eufs_msgs__rosidl_generator_py.dir/rosidl_generator_py/eufs_msgs/msg/_particle_s.c.o[0m
[19.523s] [ 94%] [32mBuilding C object CMakeFiles/eufs_msgs__rosidl_generator_py.dir/rosidl_generator_py/eufs_msgs/msg/_particle_slam_s.c.o[0m
[19.526s] [ 94%] [32mBuilding C object CMakeFiles/eufs_msgs__rosidl_generator_py.dir/rosidl_generator_py/eufs_msgs/msg/_particle_stamped_s.c.o[0m
[19.528s] [ 94%] [32mBuilding C object CMakeFiles/eufs_msgs__rosidl_generator_py.dir/rosidl_generator_py/eufs_msgs/msg/_particle_slam_stamped_s.c.o[0m
[19.534s] [ 94%] [32mBuilding C object CMakeFiles/eufs_msgs__rosidl_generator_py.dir/rosidl_generator_py/eufs_msgs/msg/_path_integral_params_s.c.o[0m
[19.534s] [ 95%] [32mBuilding C object CMakeFiles/eufs_msgs__rosidl_generator_py.dir/rosidl_generator_py/eufs_msgs/msg/_path_integral_stats_s.c.o[0m
[19.545s] [ 95%] [32mBuilding C object CMakeFiles/eufs_msgs__rosidl_generator_py.dir/rosidl_generator_py/eufs_msgs/msg/_path_integral_timing_s.c.o[0m
[19.545s] [ 95%] [32mBuilding C object CMakeFiles/eufs_msgs__rosidl_generator_py.dir/rosidl_generator_py/eufs_msgs/msg/_path_integral_status_s.c.o[0m
[19.550s] [ 95%] [32mBuilding C object CMakeFiles/eufs_msgs__rosidl_generator_py.dir/rosidl_generator_py/eufs_msgs/msg/_planning_mode_s.c.o[0m
[19.568s] [ 95%] [32mBuilding C object CMakeFiles/eufs_msgs__rosidl_generator_py.dir/rosidl_generator_py/eufs_msgs/msg/_point_array_s.c.o[0m
[19.570s] [ 96%] [32mBuilding C object CMakeFiles/eufs_msgs__rosidl_generator_py.dir/rosidl_generator_py/eufs_msgs/msg/_point_array_stamped_s.c.o[0m
[19.642s] [ 96%] [32mBuilding C object CMakeFiles/eufs_msgs__rosidl_generator_py.dir/rosidl_generator_py/eufs_msgs/msg/_pure_pursuit_checkpoint_s.c.o[0m
[19.650s] [ 96%] [32mBuilding C object CMakeFiles/eufs_msgs__rosidl_generator_py.dir/rosidl_generator_py/eufs_msgs/msg/_runstop_s.c.o[0m
[19.651s] [ 96%] [32mBuilding C object CMakeFiles/eufs_msgs__rosidl_generator_py.dir/rosidl_generator_py/eufs_msgs/msg/_slam_err_s.c.o[0m
[19.651s] [ 96%] [32mBuilding C object CMakeFiles/eufs_msgs__rosidl_generator_py.dir/rosidl_generator_py/eufs_msgs/msg/_pure_pursuit_checkpoint_array_stamped_s.c.o[0m
[19.656s] [ 97%] [32mBuilding C object CMakeFiles/eufs_msgs__rosidl_generator_py.dir/rosidl_generator_py/eufs_msgs/msg/_state_machine_state_s.c.o[0m
[19.659s] [ 97%] [32mBuilding C object CMakeFiles/eufs_msgs__rosidl_generator_py.dir/rosidl_generator_py/eufs_msgs/msg/_slam_state_s.c.o[0m
[19.660s] [ 97%] [32mBuilding C object CMakeFiles/eufs_msgs__rosidl_generator_py.dir/rosidl_generator_py/eufs_msgs/msg/_stereo_image_s.c.o[0m
[19.660s] [ 97%] [32mBuilding C object CMakeFiles/eufs_msgs__rosidl_generator_py.dir/rosidl_generator_py/eufs_msgs/msg/_topic_status_s.c.o[0m
[19.660s] [ 97%] [32mBuilding C object CMakeFiles/eufs_msgs__rosidl_generator_py.dir/rosidl_generator_py/eufs_msgs/msg/_system_status_s.c.o[0m
[19.661s] [ 97%] [32mBuilding C object CMakeFiles/eufs_msgs__rosidl_generator_py.dir/rosidl_generator_py/eufs_msgs/msg/_waypoint_s.c.o[0m
[19.662s] [ 98%] [32mBuilding C object CMakeFiles/eufs_msgs__rosidl_generator_py.dir/rosidl_generator_py/eufs_msgs/msg/_vehicle_commands_stamped_s.c.o[0m
[19.665s] [ 98%] [32mBuilding C object CMakeFiles/eufs_msgs__rosidl_generator_py.dir/rosidl_generator_py/eufs_msgs/msg/_wheel_odometry_err_s.c.o[0m
[19.665s] [ 98%] [32mBuilding C object CMakeFiles/eufs_msgs__rosidl_generator_py.dir/rosidl_generator_py/eufs_msgs/msg/_waypoint_array_stamped_s.c.o[0m
[19.665s] [ 98%] [32mBuilding C object CMakeFiles/eufs_msgs__rosidl_generator_py.dir/rosidl_generator_py/eufs_msgs/msg/_vehicle_commands_s.c.o[0m
[19.672s] [ 98%] [32mBuilding C object CMakeFiles/eufs_msgs__rosidl_generator_py.dir/rosidl_generator_py/eufs_msgs/msg/_wheel_speeds_s.c.o[0m
[19.677s] [ 98%] [32mBuilding C object CMakeFiles/eufs_msgs__rosidl_generator_py.dir/rosidl_generator_py/eufs_msgs/msg/_wheel_speeds_stamped_s.c.o[0m
[19.686s] [ 99%] [32mBuilding C object CMakeFiles/eufs_msgs__rosidl_generator_py.dir/rosidl_generator_py/eufs_msgs/action/_check_for_objects_s.c.o[0m
[19.686s] [ 99%] [32mBuilding C object CMakeFiles/eufs_msgs__rosidl_generator_py.dir/rosidl_generator_py/eufs_msgs/srv/_record_start_s.c.o[0m
[19.694s] [ 99%] [32mBuilding C object CMakeFiles/eufs_msgs__rosidl_generator_py.dir/rosidl_generator_py/eufs_msgs/srv/_record_stop_s.c.o[0m
[19.711s] [ 99%] [32mBuilding C object CMakeFiles/eufs_msgs__rosidl_generator_py.dir/rosidl_generator_py/eufs_msgs/srv/_register_s.c.o[0m
[19.776s] [ 99%] [32mBuilding C object CMakeFiles/eufs_msgs__rosidl_generator_py.dir/rosidl_generator_py/eufs_msgs/srv/_set_can_state_s.c.o[0m
[19.784s] [100%] [32mBuilding C object CMakeFiles/eufs_msgs__rosidl_generator_py.dir/rosidl_generator_py/eufs_msgs/srv/_set_string_s.c.o[0m
[19.786s] [100%] [32mBuilding C object CMakeFiles/eufs_msgs__rosidl_generator_py.dir/rosidl_generator_py/eufs_msgs/srv/_get_map_s.c.o[0m
[19.786s] [100%] [32mBuilding C object CMakeFiles/eufs_msgs__rosidl_generator_py.dir/rosidl_generator_py/eufs_msgs/srv/_set_track_s.c.o[0m
[19.787s] [100%] [32mBuilding C object CMakeFiles/eufs_msgs__rosidl_generator_py.dir/rosidl_generator_py/eufs_msgs/srv/_set_mission_s.c.o[0m
[19.867s] [100%] [32m[1mLinking C shared library rosidl_generator_py/eufs_msgs/libeufs_msgs__rosidl_generator_py.so[0m
[19.913s] [100%] Built target eufs_msgs__rosidl_generator_py
[19.930s] [100%] [32mBuilding C object CMakeFiles/eufs_msgs__rosidl_typesupport_fastrtps_c__pyext.dir/rosidl_generator_py/eufs_msgs/_eufs_msgs_s.ep.rosidl_typesupport_fastrtps_c.c.o[0m
[19.930s] [100%] [32mBuilding C object CMakeFiles/eufs_msgs__rosidl_typesupport_introspection_c__pyext.dir/rosidl_generator_py/eufs_msgs/_eufs_msgs_s.ep.rosidl_typesupport_introspection_c.c.o[0m
[19.934s] [100%] [32mBuilding C object CMakeFiles/eufs_msgs__rosidl_typesupport_c__pyext.dir/rosidl_generator_py/eufs_msgs/_eufs_msgs_s.ep.rosidl_typesupport_c.c.o[0m
[20.111s] [100%] [32m[1mLinking C shared library rosidl_generator_py/eufs_msgs/eufs_msgs_s__rosidl_typesupport_fastrtps_c.cpython-310-x86_64-linux-gnu.so[0m
[20.117s] [100%] [32m[1mLinking C shared library rosidl_generator_py/eufs_msgs/eufs_msgs_s__rosidl_typesupport_c.cpython-310-x86_64-linux-gnu.so[0m
[20.119s] [100%] [32m[1mLinking C shared library rosidl_generator_py/eufs_msgs/eufs_msgs_s__rosidl_typesupport_introspection_c.cpython-310-x86_64-linux-gnu.so[0m
[20.151s] [100%] Built target eufs_msgs__rosidl_typesupport_c__pyext
[20.154s] [100%] Built target eufs_msgs__rosidl_typesupport_fastrtps_c__pyext
[20.155s] [100%] Built target eufs_msgs__rosidl_typesupport_introspection_c__pyext
[20.163s] Invoked command in '/home/alr/Desktop/new_perception/new_eufs_ws/build/eufs_msgs' returned '0': CMAKE_PREFIX_PATH=${CMAKE_PREFIX_PATH}:/home/alr/Desktop/new_perception/new_eufs_ws/install/opencv_tests:/home/alr/Desktop/new_perception/new_eufs_ws/install/fsd_planner:/home/alr/Desktop/new_perception/new_eufs_ws/install/eufs_launcher:/home/alr/Desktop/new_perception/new_eufs_ws/install/eufs_tracks:/home/alr/Desktop/new_perception/new_eufs_ws/install/eufs_rqt:/home/alr/Desktop/new_perception/new_eufs_ws/install/eufs_racecar:/opt/ros/humble /usr/bin/cmake --build /home/alr/Desktop/new_perception/new_eufs_ws/build/eufs_msgs -- -j20 -l20
[20.163s] Invoking command in '/home/alr/Desktop/new_perception/new_eufs_ws/build/eufs_msgs': CMAKE_PREFIX_PATH=${CMAKE_PREFIX_PATH}:/home/alr/Desktop/new_perception/new_eufs_ws/install/opencv_tests:/home/alr/Desktop/new_perception/new_eufs_ws/install/fsd_planner:/home/alr/Desktop/new_perception/new_eufs_ws/install/eufs_launcher:/home/alr/Desktop/new_perception/new_eufs_ws/install/eufs_tracks:/home/alr/Desktop/new_perception/new_eufs_ws/install/eufs_rqt:/home/alr/Desktop/new_perception/new_eufs_ws/install/eufs_racecar:/opt/ros/humble /usr/bin/cmake --install /home/alr/Desktop/new_perception/new_eufs_ws/build/eufs_msgs
[20.168s] -- Install configuration: ""
[20.169s] -- Execute custom install script
[20.169s] -- Symlinking: /home/alr/Desktop/new_perception/new_eufs_ws/install/eufs_msgs/share/ament_index/resource_index/rosidl_interfaces/eufs_msgs
[20.176s] -- Symlinking: /home/alr/Desktop/new_perception/new_eufs_ws/install/eufs_msgs/include/eufs_msgs/eufs_msgs/action/check_for_objects.h
[20.181s] -- Symlinking: /home/alr/Desktop/new_perception/new_eufs_ws/install/eufs_msgs/include/eufs_msgs/eufs_msgs/action/detail/check_for_objects__functions.h
[20.186s] -- Symlinking: /home/alr/Desktop/new_perception/new_eufs_ws/install/eufs_msgs/include/eufs_msgs/eufs_msgs/action/detail/check_for_objects__struct.h
[20.193s] -- Symlinking: /home/alr/Desktop/new_perception/new_eufs_ws/install/eufs_msgs/include/eufs_msgs/eufs_msgs/action/detail/check_for_objects__type_support.h
[20.201s] -- Symlinking: /home/alr/Desktop/new_perception/new_eufs_ws/install/eufs_msgs/include/eufs_msgs/eufs_msgs/msg/bounding_box.h
[20.208s] -- Symlinking: /home/alr/Desktop/new_perception/new_eufs_ws/install/eufs_msgs/include/eufs_msgs/eufs_msgs/msg/bounding_boxes.h
[20.215s] -- Symlinking: /home/alr/Desktop/new_perception/new_eufs_ws/install/eufs_msgs/include/eufs_msgs/eufs_msgs/msg/can_state.h
[20.222s] -- Symlinking: /home/alr/Desktop/new_perception/new_eufs_ws/install/eufs_msgs/include/eufs_msgs/eufs_msgs/msg/car_forces.h
[20.232s] -- Symlinking: /home/alr/Desktop/new_perception/new_eufs_ws/install/eufs_msgs/include/eufs_msgs/eufs_msgs/msg/car_state.h
[20.243s] -- Symlinking: /home/alr/Desktop/new_perception/new_eufs_ws/install/eufs_msgs/include/eufs_msgs/eufs_msgs/msg/chassis_command.h
[20.252s] -- Symlinking: /home/alr/Desktop/new_perception/new_eufs_ws/install/eufs_msgs/include/eufs_msgs/eufs_msgs/msg/chassis_state.h
[20.262s] -- Symlinking: /home/alr/Desktop/new_perception/new_eufs_ws/install/eufs_msgs/include/eufs_msgs/eufs_msgs/msg/cone_array.h
[20.272s] -- Symlinking: /home/alr/Desktop/new_perception/new_eufs_ws/install/eufs_msgs/include/eufs_msgs/eufs_msgs/msg/cone_array_with_covariance.h
[20.283s] -- Symlinking: /home/alr/Desktop/new_perception/new_eufs_ws/install/eufs_msgs/include/eufs_msgs/eufs_msgs/msg/cone_association.h
[20.292s] -- Symlinking: /home/alr/Desktop/new_perception/new_eufs_ws/install/eufs_msgs/include/eufs_msgs/eufs_msgs/msg/cone_association_array.h
[20.299s] -- Symlinking: /home/alr/Desktop/new_perception/new_eufs_ws/install/eufs_msgs/include/eufs_msgs/eufs_msgs/msg/cone_association_array_array_stamped.h
[20.308s] -- Symlinking: /home/alr/Desktop/new_perception/new_eufs_ws/install/eufs_msgs/include/eufs_msgs/eufs_msgs/msg/cone_association_array_stamped.h
[20.314s] -- Symlinking: /home/alr/Desktop/new_perception/new_eufs_ws/install/eufs_msgs/include/eufs_msgs/eufs_msgs/msg/cone_with_color_probability.h
[20.320s] -- Symlinking: /home/alr/Desktop/new_perception/new_eufs_ws/install/eufs_msgs/include/eufs_msgs/eufs_msgs/msg/cone_with_color_probability_array.h
[20.326s] -- Symlinking: /home/alr/Desktop/new_perception/new_eufs_ws/install/eufs_msgs/include/eufs_msgs/eufs_msgs/msg/cone_with_covariance.h
[20.333s] -- Symlinking: /home/alr/Desktop/new_perception/new_eufs_ws/install/eufs_msgs/include/eufs_msgs/eufs_msgs/msg/costmap.h
[20.339s] -- Symlinking: /home/alr/Desktop/new_perception/new_eufs_ws/install/eufs_msgs/include/eufs_msgs/eufs_msgs/msg/cpu_status.h
[20.346s] -- Symlinking: /home/alr/Desktop/new_perception/new_eufs_ws/install/eufs_msgs/include/eufs_msgs/eufs_msgs/msg/cpu_usage.h
[20.353s] -- Symlinking: /home/alr/Desktop/new_perception/new_eufs_ws/install/eufs_msgs/include/eufs_msgs/eufs_msgs/msg/detail/bounding_box__functions.h
[20.358s] -- Symlinking: /home/alr/Desktop/new_perception/new_eufs_ws/install/eufs_msgs/include/eufs_msgs/eufs_msgs/msg/detail/bounding_box__struct.h
[20.365s] -- Symlinking: /home/alr/Desktop/new_perception/new_eufs_ws/install/eufs_msgs/include/eufs_msgs/eufs_msgs/msg/detail/bounding_box__type_support.h
[20.371s] -- Symlinking: /home/alr/Desktop/new_perception/new_eufs_ws/install/eufs_msgs/include/eufs_msgs/eufs_msgs/msg/detail/bounding_boxes__functions.h
[20.376s] -- Symlinking: /home/alr/Desktop/new_perception/new_eufs_ws/install/eufs_msgs/include/eufs_msgs/eufs_msgs/msg/detail/bounding_boxes__struct.h
[20.382s] -- Symlinking: /home/alr/Desktop/new_perception/new_eufs_ws/install/eufs_msgs/include/eufs_msgs/eufs_msgs/msg/detail/bounding_boxes__type_support.h
[20.387s] -- Symlinking: /home/alr/Desktop/new_perception/new_eufs_ws/install/eufs_msgs/include/eufs_msgs/eufs_msgs/msg/detail/can_state__functions.h
[20.394s] -- Symlinking: /home/alr/Desktop/new_perception/new_eufs_ws/install/eufs_msgs/include/eufs_msgs/eufs_msgs/msg/detail/can_state__struct.h
[20.399s] -- Symlinking: /home/alr/Desktop/new_perception/new_eufs_ws/install/eufs_msgs/include/eufs_msgs/eufs_msgs/msg/detail/can_state__type_support.h
[20.404s] -- Symlinking: /home/alr/Desktop/new_perception/new_eufs_ws/install/eufs_msgs/include/eufs_msgs/eufs_msgs/msg/detail/car_forces__functions.h
[20.409s] -- Symlinking: /home/alr/Desktop/new_perception/new_eufs_ws/install/eufs_msgs/include/eufs_msgs/eufs_msgs/msg/detail/car_forces__struct.h
[20.415s] -- Symlinking: /home/alr/Desktop/new_perception/new_eufs_ws/install/eufs_msgs/include/eufs_msgs/eufs_msgs/msg/detail/car_forces__type_support.h
[20.421s] -- Symlinking: /home/alr/Desktop/new_perception/new_eufs_ws/install/eufs_msgs/include/eufs_msgs/eufs_msgs/msg/detail/car_state__functions.h
[20.428s] -- Symlinking: /home/alr/Desktop/new_perception/new_eufs_ws/install/eufs_msgs/include/eufs_msgs/eufs_msgs/msg/detail/car_state__struct.h
[20.434s] -- Symlinking: /home/alr/Desktop/new_perception/new_eufs_ws/install/eufs_msgs/include/eufs_msgs/eufs_msgs/msg/detail/car_state__type_support.h
[20.441s] -- Symlinking: /home/alr/Desktop/new_perception/new_eufs_ws/install/eufs_msgs/include/eufs_msgs/eufs_msgs/msg/detail/chassis_command__functions.h
[20.448s] -- Symlinking: /home/alr/Desktop/new_perception/new_eufs_ws/install/eufs_msgs/include/eufs_msgs/eufs_msgs/msg/detail/chassis_command__struct.h
[20.456s] -- Symlinking: /home/alr/Desktop/new_perception/new_eufs_ws/install/eufs_msgs/include/eufs_msgs/eufs_msgs/msg/detail/chassis_command__type_support.h
[20.462s] -- Symlinking: /home/alr/Desktop/new_perception/new_eufs_ws/install/eufs_msgs/include/eufs_msgs/eufs_msgs/msg/detail/chassis_state__functions.h
[20.467s] -- Symlinking: /home/alr/Desktop/new_perception/new_eufs_ws/install/eufs_msgs/include/eufs_msgs/eufs_msgs/msg/detail/chassis_state__struct.h
[20.472s] -- Symlinking: /home/alr/Desktop/new_perception/new_eufs_ws/install/eufs_msgs/include/eufs_msgs/eufs_msgs/msg/detail/chassis_state__type_support.h
[20.479s] -- Symlinking: /home/alr/Desktop/new_perception/new_eufs_ws/install/eufs_msgs/include/eufs_msgs/eufs_msgs/msg/detail/cone_array__functions.h
[20.484s] -- Symlinking: /home/alr/Desktop/new_perception/new_eufs_ws/install/eufs_msgs/include/eufs_msgs/eufs_msgs/msg/detail/cone_array__struct.h
[20.490s] -- Symlinking: /home/alr/Desktop/new_perception/new_eufs_ws/install/eufs_msgs/include/eufs_msgs/eufs_msgs/msg/detail/cone_array__type_support.h
[20.498s] -- Symlinking: /home/alr/Desktop/new_perception/new_eufs_ws/install/eufs_msgs/include/eufs_msgs/eufs_msgs/msg/detail/cone_array_with_covariance__functions.h
[20.508s] -- Symlinking: /home/alr/Desktop/new_perception/new_eufs_ws/install/eufs_msgs/include/eufs_msgs/eufs_msgs/msg/detail/cone_array_with_covariance__struct.h
[20.514s] -- Symlinking: /home/alr/Desktop/new_perception/new_eufs_ws/install/eufs_msgs/include/eufs_msgs/eufs_msgs/msg/detail/cone_array_with_covariance__type_support.h
[20.524s] -- Symlinking: /home/alr/Desktop/new_perception/new_eufs_ws/install/eufs_msgs/include/eufs_msgs/eufs_msgs/msg/detail/cone_association__functions.h
[20.533s] -- Symlinking: /home/alr/Desktop/new_perception/new_eufs_ws/install/eufs_msgs/include/eufs_msgs/eufs_msgs/msg/detail/cone_association__struct.h
[20.544s] -- Symlinking: /home/alr/Desktop/new_perception/new_eufs_ws/install/eufs_msgs/include/eufs_msgs/eufs_msgs/msg/detail/cone_association__type_support.h
[20.554s] -- Symlinking: /home/alr/Desktop/new_perception/new_eufs_ws/install/eufs_msgs/include/eufs_msgs/eufs_msgs/msg/detail/cone_association_array__functions.h
[20.564s] -- Symlinking: /home/alr/Desktop/new_perception/new_eufs_ws/install/eufs_msgs/include/eufs_msgs/eufs_msgs/msg/detail/cone_association_array__struct.h
[20.574s] -- Symlinking: /home/alr/Desktop/new_perception/new_eufs_ws/install/eufs_msgs/include/eufs_msgs/eufs_msgs/msg/detail/cone_association_array__type_support.h
[20.584s] -- Symlinking: /home/alr/Desktop/new_perception/new_eufs_ws/install/eufs_msgs/include/eufs_msgs/eufs_msgs/msg/detail/cone_association_array_array_stamped__functions.h
[20.593s] -- Symlinking: /home/alr/Desktop/new_perception/new_eufs_ws/install/eufs_msgs/include/eufs_msgs/eufs_msgs/msg/detail/cone_association_array_array_stamped__struct.h
[20.603s] -- Symlinking: /home/alr/Desktop/new_perception/new_eufs_ws/install/eufs_msgs/include/eufs_msgs/eufs_msgs/msg/detail/cone_association_array_array_stamped__type_support.h
[20.613s] -- Symlinking: /home/alr/Desktop/new_perception/new_eufs_ws/install/eufs_msgs/include/eufs_msgs/eufs_msgs/msg/detail/cone_association_array_stamped__functions.h
[20.624s] -- Symlinking: /home/alr/Desktop/new_perception/new_eufs_ws/install/eufs_msgs/include/eufs_msgs/eufs_msgs/msg/detail/cone_association_array_stamped__struct.h
[20.634s] -- Symlinking: /home/alr/Desktop/new_perception/new_eufs_ws/install/eufs_msgs/include/eufs_msgs/eufs_msgs/msg/detail/cone_association_array_stamped__type_support.h
[20.644s] -- Symlinking: /home/alr/Desktop/new_perception/new_eufs_ws/install/eufs_msgs/include/eufs_msgs/eufs_msgs/msg/detail/cone_with_color_probability__functions.h
[20.654s] -- Symlinking: /home/alr/Desktop/new_perception/new_eufs_ws/install/eufs_msgs/include/eufs_msgs/eufs_msgs/msg/detail/cone_with_color_probability__struct.h
[20.664s] -- Symlinking: /home/alr/Desktop/new_perception/new_eufs_ws/install/eufs_msgs/include/eufs_msgs/eufs_msgs/msg/detail/cone_with_color_probability__type_support.h
[20.674s] -- Symlinking: /home/alr/Desktop/new_perception/new_eufs_ws/install/eufs_msgs/include/eufs_msgs/eufs_msgs/msg/detail/cone_with_color_probability_array__functions.h
[20.683s] -- Symlinking: /home/alr/Desktop/new_perception/new_eufs_ws/install/eufs_msgs/include/eufs_msgs/eufs_msgs/msg/detail/cone_with_color_probability_array__struct.h
[20.691s] -- Symlinking: /home/alr/Desktop/new_perception/new_eufs_ws/install/eufs_msgs/include/eufs_msgs/eufs_msgs/msg/detail/cone_with_color_probability_array__type_support.h
[20.700s] -- Symlinking: /home/alr/Desktop/new_perception/new_eufs_ws/install/eufs_msgs/include/eufs_msgs/eufs_msgs/msg/detail/cone_with_covariance__functions.h
[20.710s] -- Symlinking: /home/alr/Desktop/new_perception/new_eufs_ws/install/eufs_msgs/include/eufs_msgs/eufs_msgs/msg/detail/cone_with_covariance__struct.h
[20.719s] -- Symlinking: /home/alr/Desktop/new_perception/new_eufs_ws/install/eufs_msgs/include/eufs_msgs/eufs_msgs/msg/detail/cone_with_covariance__type_support.h
[20.730s] -- Symlinking: /home/alr/Desktop/new_perception/new_eufs_ws/install/eufs_msgs/include/eufs_msgs/eufs_msgs/msg/detail/costmap__functions.h
[20.741s] -- Symlinking: /home/alr/Desktop/new_perception/new_eufs_ws/install/eufs_msgs/include/eufs_msgs/eufs_msgs/msg/detail/costmap__struct.h
[20.750s] -- Symlinking: /home/alr/Desktop/new_perception/new_eufs_ws/install/eufs_msgs/include/eufs_msgs/eufs_msgs/msg/detail/costmap__type_support.h
[20.759s] -- Symlinking: /home/alr/Desktop/new_perception/new_eufs_ws/install/eufs_msgs/include/eufs_msgs/eufs_msgs/msg/detail/cpu_status__functions.h
[20.768s] -- Symlinking: /home/alr/Desktop/new_perception/new_eufs_ws/install/eufs_msgs/include/eufs_msgs/eufs_msgs/msg/detail/cpu_status__struct.h
[20.778s] -- Symlinking: /home/alr/Desktop/new_perception/new_eufs_ws/install/eufs_msgs/include/eufs_msgs/eufs_msgs/msg/detail/cpu_status__type_support.h
[20.789s] -- Symlinking: /home/alr/Desktop/new_perception/new_eufs_ws/install/eufs_msgs/include/eufs_msgs/eufs_msgs/msg/detail/cpu_usage__functions.h
[20.800s] -- Symlinking: /home/alr/Desktop/new_perception/new_eufs_ws/install/eufs_msgs/include/eufs_msgs/eufs_msgs/msg/detail/cpu_usage__struct.h
[20.811s] -- Symlinking: /home/alr/Desktop/new_perception/new_eufs_ws/install/eufs_msgs/include/eufs_msgs/eufs_msgs/msg/detail/cpu_usage__type_support.h
[20.822s] -- Symlinking: /home/alr/Desktop/new_perception/new_eufs_ws/install/eufs_msgs/include/eufs_msgs/eufs_msgs/msg/detail/ekf_err__functions.h
[20.832s] -- Symlinking: /home/alr/Desktop/new_perception/new_eufs_ws/install/eufs_msgs/include/eufs_msgs/eufs_msgs/msg/detail/ekf_err__struct.h
[20.842s] -- Symlinking: /home/alr/Desktop/new_perception/new_eufs_ws/install/eufs_msgs/include/eufs_msgs/eufs_msgs/msg/detail/ekf_err__type_support.h
[20.852s] -- Symlinking: /home/alr/Desktop/new_perception/new_eufs_ws/install/eufs_msgs/include/eufs_msgs/eufs_msgs/msg/detail/ekf_state__functions.h
[20.862s] -- Symlinking: /home/alr/Desktop/new_perception/new_eufs_ws/install/eufs_msgs/include/eufs_msgs/eufs_msgs/msg/detail/ekf_state__struct.h
[20.872s] -- Symlinking: /home/alr/Desktop/new_perception/new_eufs_ws/install/eufs_msgs/include/eufs_msgs/eufs_msgs/msg/detail/ekf_state__type_support.h
[20.881s] -- Symlinking: /home/alr/Desktop/new_perception/new_eufs_ws/install/eufs_msgs/include/eufs_msgs/eufs_msgs/msg/detail/full_state__functions.h
[20.889s] -- Symlinking: /home/alr/Desktop/new_perception/new_eufs_ws/install/eufs_msgs/include/eufs_msgs/eufs_msgs/msg/detail/full_state__struct.h
[20.897s] -- Symlinking: /home/alr/Desktop/new_perception/new_eufs_ws/install/eufs_msgs/include/eufs_msgs/eufs_msgs/msg/detail/full_state__type_support.h
[20.904s] -- Symlinking: /home/alr/Desktop/new_perception/new_eufs_ws/install/eufs_msgs/include/eufs_msgs/eufs_msgs/msg/detail/heartbeat__functions.h
[20.910s] -- Symlinking: /home/alr/Desktop/new_perception/new_eufs_ws/install/eufs_msgs/include/eufs_msgs/eufs_msgs/msg/detail/heartbeat__struct.h
[20.915s] -- Symlinking: /home/alr/Desktop/new_perception/new_eufs_ws/install/eufs_msgs/include/eufs_msgs/eufs_msgs/msg/detail/heartbeat__type_support.h
[20.921s] -- Symlinking: /home/alr/Desktop/new_perception/new_eufs_ws/install/eufs_msgs/include/eufs_msgs/eufs_msgs/msg/detail/integration_err__functions.h
[20.928s] -- Symlinking: /home/alr/Desktop/new_perception/new_eufs_ws/install/eufs_msgs/include/eufs_msgs/eufs_msgs/msg/detail/integration_err__struct.h
[20.933s] -- Symlinking: /home/alr/Desktop/new_perception/new_eufs_ws/install/eufs_msgs/include/eufs_msgs/eufs_msgs/msg/detail/integration_err__type_support.h
[20.941s] -- Symlinking: /home/alr/Desktop/new_perception/new_eufs_ws/install/eufs_msgs/include/eufs_msgs/eufs_msgs/msg/detail/lap_stats__functions.h
[20.949s] -- Symlinking: /home/alr/Desktop/new_perception/new_eufs_ws/install/eufs_msgs/include/eufs_msgs/eufs_msgs/msg/detail/lap_stats__struct.h
[20.955s] -- Symlinking: /home/alr/Desktop/new_perception/new_eufs_ws/install/eufs_msgs/include/eufs_msgs/eufs_msgs/msg/detail/lap_stats__type_support.h
[20.961s] -- Symlinking: /home/alr/Desktop/new_perception/new_eufs_ws/install/eufs_msgs/include/eufs_msgs/eufs_msgs/msg/detail/mpc_state__functions.h
[20.968s] -- Symlinking: /home/alr/Desktop/new_perception/new_eufs_ws/install/eufs_msgs/include/eufs_msgs/eufs_msgs/msg/detail/mpc_state__struct.h
[20.974s] -- Symlinking: /home/alr/Desktop/new_perception/new_eufs_ws/install/eufs_msgs/include/eufs_msgs/eufs_msgs/msg/detail/mpc_state__type_support.h
[20.980s] -- Symlinking: /home/alr/Desktop/new_perception/new_eufs_ws/install/eufs_msgs/include/eufs_msgs/eufs_msgs/msg/detail/node_state__functions.h
[20.985s] -- Symlinking: /home/alr/Desktop/new_perception/new_eufs_ws/install/eufs_msgs/include/eufs_msgs/eufs_msgs/msg/detail/node_state__struct.h
[20.992s] -- Symlinking: /home/alr/Desktop/new_perception/new_eufs_ws/install/eufs_msgs/include/eufs_msgs/eufs_msgs/msg/detail/node_state__type_support.h
[20.998s] -- Symlinking: /home/alr/Desktop/new_perception/new_eufs_ws/install/eufs_msgs/include/eufs_msgs/eufs_msgs/msg/detail/node_state_array__functions.h
[21.004s] -- Symlinking: /home/alr/Desktop/new_perception/new_eufs_ws/install/eufs_msgs/include/eufs_msgs/eufs_msgs/msg/detail/node_state_array__struct.h
[21.010s] -- Symlinking: /home/alr/Desktop/new_perception/new_eufs_ws/install/eufs_msgs/include/eufs_msgs/eufs_msgs/msg/detail/node_state_array__type_support.h
[21.015s] -- Symlinking: /home/alr/Desktop/new_perception/new_eufs_ws/install/eufs_msgs/include/eufs_msgs/eufs_msgs/msg/detail/oss__functions.h
[21.022s] -- Symlinking: /home/alr/Desktop/new_perception/new_eufs_ws/install/eufs_msgs/include/eufs_msgs/eufs_msgs/msg/detail/oss__struct.h
[21.029s] -- Symlinking: /home/alr/Desktop/new_perception/new_eufs_ws/install/eufs_msgs/include/eufs_msgs/eufs_msgs/msg/detail/oss__type_support.h
[21.034s] -- Symlinking: /home/alr/Desktop/new_perception/new_eufs_ws/install/eufs_msgs/include/eufs_msgs/eufs_msgs/msg/detail/particle__functions.h
[21.041s] -- Symlinking: /home/alr/Desktop/new_perception/new_eufs_ws/install/eufs_msgs/include/eufs_msgs/eufs_msgs/msg/detail/particle__struct.h
[21.048s] -- Symlinking: /home/alr/Desktop/new_perception/new_eufs_ws/install/eufs_msgs/include/eufs_msgs/eufs_msgs/msg/detail/particle__type_support.h
[21.053s] -- Symlinking: /home/alr/Desktop/new_perception/new_eufs_ws/install/eufs_msgs/include/eufs_msgs/eufs_msgs/msg/detail/particle_slam__functions.h
[21.058s] -- Symlinking: /home/alr/Desktop/new_perception/new_eufs_ws/install/eufs_msgs/include/eufs_msgs/eufs_msgs/msg/detail/particle_slam__struct.h
[21.064s] -- Symlinking: /home/alr/Desktop/new_perception/new_eufs_ws/install/eufs_msgs/include/eufs_msgs/eufs_msgs/msg/detail/particle_slam__type_support.h
[21.071s] -- Symlinking: /home/alr/Desktop/new_perception/new_eufs_ws/install/eufs_msgs/include/eufs_msgs/eufs_msgs/msg/detail/particle_slam_stamped__functions.h
[21.077s] -- Symlinking: /home/alr/Desktop/new_perception/new_eufs_ws/install/eufs_msgs/include/eufs_msgs/eufs_msgs/msg/detail/particle_slam_stamped__struct.h
[21.083s] -- Symlinking: /home/alr/Desktop/new_perception/new_eufs_ws/install/eufs_msgs/include/eufs_msgs/eufs_msgs/msg/detail/particle_slam_stamped__type_support.h
[21.090s] -- Symlinking: /home/alr/Desktop/new_perception/new_eufs_ws/install/eufs_msgs/include/eufs_msgs/eufs_msgs/msg/detail/particle_stamped__functions.h
[21.097s] -- Symlinking: /home/alr/Desktop/new_perception/new_eufs_ws/install/eufs_msgs/include/eufs_msgs/eufs_msgs/msg/detail/particle_stamped__struct.h
[21.106s] -- Symlinking: /home/alr/Desktop/new_perception/new_eufs_ws/install/eufs_msgs/include/eufs_msgs/eufs_msgs/msg/detail/particle_stamped__type_support.h
[21.116s] -- Symlinking: /home/alr/Desktop/new_perception/new_eufs_ws/install/eufs_msgs/include/eufs_msgs/eufs_msgs/msg/detail/path_integral_params__functions.h
[21.126s] -- Symlinking: /home/alr/Desktop/new_perception/new_eufs_ws/install/eufs_msgs/include/eufs_msgs/eufs_msgs/msg/detail/path_integral_params__struct.h
[21.137s] -- Symlinking: /home/alr/Desktop/new_perception/new_eufs_ws/install/eufs_msgs/include/eufs_msgs/eufs_msgs/msg/detail/path_integral_params__type_support.h
[21.146s] -- Symlinking: /home/alr/Desktop/new_perception/new_eufs_ws/install/eufs_msgs/include/eufs_msgs/eufs_msgs/msg/detail/path_integral_stats__functions.h
[21.156s] -- Symlinking: /home/alr/Desktop/new_perception/new_eufs_ws/install/eufs_msgs/include/eufs_msgs/eufs_msgs/msg/detail/path_integral_stats__struct.h
[21.166s] -- Symlinking: /home/alr/Desktop/new_perception/new_eufs_ws/install/eufs_msgs/include/eufs_msgs/eufs_msgs/msg/detail/path_integral_stats__type_support.h
[21.175s] -- Symlinking: /home/alr/Desktop/new_perception/new_eufs_ws/install/eufs_msgs/include/eufs_msgs/eufs_msgs/msg/detail/path_integral_status__functions.h
[21.185s] -- Symlinking: /home/alr/Desktop/new_perception/new_eufs_ws/install/eufs_msgs/include/eufs_msgs/eufs_msgs/msg/detail/path_integral_status__struct.h
[21.195s] -- Symlinking: /home/alr/Desktop/new_perception/new_eufs_ws/install/eufs_msgs/include/eufs_msgs/eufs_msgs/msg/detail/path_integral_status__type_support.h
[21.206s] -- Symlinking: /home/alr/Desktop/new_perception/new_eufs_ws/install/eufs_msgs/include/eufs_msgs/eufs_msgs/msg/detail/path_integral_timing__functions.h
[21.213s] -- Symlinking: /home/alr/Desktop/new_perception/new_eufs_ws/install/eufs_msgs/include/eufs_msgs/eufs_msgs/msg/detail/path_integral_timing__struct.h
[21.222s] -- Symlinking: /home/alr/Desktop/new_perception/new_eufs_ws/install/eufs_msgs/include/eufs_msgs/eufs_msgs/msg/detail/path_integral_timing__type_support.h
[21.227s] -- Symlinking: /home/alr/Desktop/new_perception/new_eufs_ws/install/eufs_msgs/include/eufs_msgs/eufs_msgs/msg/detail/planning_mode__functions.h
[21.233s] -- Symlinking: /home/alr/Desktop/new_perception/new_eufs_ws/install/eufs_msgs/include/eufs_msgs/eufs_msgs/msg/detail/planning_mode__struct.h
[21.240s] -- Symlinking: /home/alr/Desktop/new_perception/new_eufs_ws/install/eufs_msgs/include/eufs_msgs/eufs_msgs/msg/detail/planning_mode__type_support.h
[21.245s] -- Symlinking: /home/alr/Desktop/new_perception/new_eufs_ws/install/eufs_msgs/include/eufs_msgs/eufs_msgs/msg/detail/point_array__functions.h
[21.250s] -- Symlinking: /home/alr/Desktop/new_perception/new_eufs_ws/install/eufs_msgs/include/eufs_msgs/eufs_msgs/msg/detail/point_array__struct.h
[21.256s] -- Symlinking: /home/alr/Desktop/new_perception/new_eufs_ws/install/eufs_msgs/include/eufs_msgs/eufs_msgs/msg/detail/point_array__type_support.h
[21.265s] -- Symlinking: /home/alr/Desktop/new_perception/new_eufs_ws/install/eufs_msgs/include/eufs_msgs/eufs_msgs/msg/detail/point_array_stamped__functions.h
[21.272s] -- Symlinking: /home/alr/Desktop/new_perception/new_eufs_ws/install/eufs_msgs/include/eufs_msgs/eufs_msgs/msg/detail/point_array_stamped__struct.h
[21.282s] -- Symlinking: /home/alr/Desktop/new_perception/new_eufs_ws/install/eufs_msgs/include/eufs_msgs/eufs_msgs/msg/detail/point_array_stamped__type_support.h
[21.292s] -- Symlinking: /home/alr/Desktop/new_perception/new_eufs_ws/install/eufs_msgs/include/eufs_msgs/eufs_msgs/msg/detail/pure_pursuit_checkpoint__functions.h
[21.302s] -- Symlinking: /home/alr/Desktop/new_perception/new_eufs_ws/install/eufs_msgs/include/eufs_msgs/eufs_msgs/msg/detail/pure_pursuit_checkpoint__struct.h
[21.314s] -- Symlinking: /home/alr/Desktop/new_perception/new_eufs_ws/install/eufs_msgs/include/eufs_msgs/eufs_msgs/msg/detail/pure_pursuit_checkpoint__type_support.h
[21.325s] -- Symlinking: /home/alr/Desktop/new_perception/new_eufs_ws/install/eufs_msgs/include/eufs_msgs/eufs_msgs/msg/detail/pure_pursuit_checkpoint_array_stamped__functions.h
[21.336s] -- Symlinking: /home/alr/Desktop/new_perception/new_eufs_ws/install/eufs_msgs/include/eufs_msgs/eufs_msgs/msg/detail/pure_pursuit_checkpoint_array_stamped__struct.h
[21.346s] -- Symlinking: /home/alr/Desktop/new_perception/new_eufs_ws/install/eufs_msgs/include/eufs_msgs/eufs_msgs/msg/detail/pure_pursuit_checkpoint_array_stamped__type_support.h
[21.352s] -- Symlinking: /home/alr/Desktop/new_perception/new_eufs_ws/install/eufs_msgs/include/eufs_msgs/eufs_msgs/msg/detail/runstop__functions.h
[21.360s] -- Symlinking: /home/alr/Desktop/new_perception/new_eufs_ws/install/eufs_msgs/include/eufs_msgs/eufs_msgs/msg/detail/runstop__struct.h
[21.369s] -- Symlinking: /home/alr/Desktop/new_perception/new_eufs_ws/install/eufs_msgs/include/eufs_msgs/eufs_msgs/msg/detail/runstop__type_support.h
[21.377s] -- Symlinking: /home/alr/Desktop/new_perception/new_eufs_ws/install/eufs_msgs/include/eufs_msgs/eufs_msgs/msg/detail/slam_err__functions.h
[21.385s] -- Symlinking: /home/alr/Desktop/new_perception/new_eufs_ws/install/eufs_msgs/include/eufs_msgs/eufs_msgs/msg/detail/slam_err__struct.h
[21.391s] -- Symlinking: /home/alr/Desktop/new_perception/new_eufs_ws/install/eufs_msgs/include/eufs_msgs/eufs_msgs/msg/detail/slam_err__type_support.h
[21.396s] -- Symlinking: /home/alr/Desktop/new_perception/new_eufs_ws/install/eufs_msgs/include/eufs_msgs/eufs_msgs/msg/detail/slam_state__functions.h
[21.405s] -- Symlinking: /home/alr/Desktop/new_perception/new_eufs_ws/install/eufs_msgs/include/eufs_msgs/eufs_msgs/msg/detail/slam_state__struct.h
[21.410s] -- Symlinking: /home/alr/Desktop/new_perception/new_eufs_ws/install/eufs_msgs/include/eufs_msgs/eufs_msgs/msg/detail/slam_state__type_support.h
[21.415s] -- Symlinking: /home/alr/Desktop/new_perception/new_eufs_ws/install/eufs_msgs/include/eufs_msgs/eufs_msgs/msg/detail/state_machine_state__functions.h
[21.421s] -- Symlinking: /home/alr/Desktop/new_perception/new_eufs_ws/install/eufs_msgs/include/eufs_msgs/eufs_msgs/msg/detail/state_machine_state__struct.h
[21.429s] -- Symlinking: /home/alr/Desktop/new_perception/new_eufs_ws/install/eufs_msgs/include/eufs_msgs/eufs_msgs/msg/detail/state_machine_state__type_support.h
[21.437s] -- Symlinking: /home/alr/Desktop/new_perception/new_eufs_ws/install/eufs_msgs/include/eufs_msgs/eufs_msgs/msg/detail/stereo_image__functions.h
[21.446s] -- Symlinking: /home/alr/Desktop/new_perception/new_eufs_ws/install/eufs_msgs/include/eufs_msgs/eufs_msgs/msg/detail/stereo_image__struct.h
[21.452s] -- Symlinking: /home/alr/Desktop/new_perception/new_eufs_ws/install/eufs_msgs/include/eufs_msgs/eufs_msgs/msg/detail/stereo_image__type_support.h
[21.462s] -- Symlinking: /home/alr/Desktop/new_perception/new_eufs_ws/install/eufs_msgs/include/eufs_msgs/eufs_msgs/msg/detail/system_status__functions.h
[21.467s] -- Symlinking: /home/alr/Desktop/new_perception/new_eufs_ws/install/eufs_msgs/include/eufs_msgs/eufs_msgs/msg/detail/system_status__struct.h
[21.472s] -- Symlinking: /home/alr/Desktop/new_perception/new_eufs_ws/install/eufs_msgs/include/eufs_msgs/eufs_msgs/msg/detail/system_status__type_support.h
[21.479s] -- Symlinking: /home/alr/Desktop/new_perception/new_eufs_ws/install/eufs_msgs/include/eufs_msgs/eufs_msgs/msg/detail/topic_status__functions.h
[21.487s] -- Symlinking: /home/alr/Desktop/new_perception/new_eufs_ws/install/eufs_msgs/include/eufs_msgs/eufs_msgs/msg/detail/topic_status__struct.h
[21.495s] -- Symlinking: /home/alr/Desktop/new_perception/new_eufs_ws/install/eufs_msgs/include/eufs_msgs/eufs_msgs/msg/detail/topic_status__type_support.h
[21.505s] -- Symlinking: /home/alr/Desktop/new_perception/new_eufs_ws/install/eufs_msgs/include/eufs_msgs/eufs_msgs/msg/detail/vehicle_commands__functions.h
[21.514s] -- Symlinking: /home/alr/Desktop/new_perception/new_eufs_ws/install/eufs_msgs/include/eufs_msgs/eufs_msgs/msg/detail/vehicle_commands__struct.h
[21.524s] -- Symlinking: /home/alr/Desktop/new_perception/new_eufs_ws/install/eufs_msgs/include/eufs_msgs/eufs_msgs/msg/detail/vehicle_commands__type_support.h
[21.531s] -- Symlinking: /home/alr/Desktop/new_perception/new_eufs_ws/install/eufs_msgs/include/eufs_msgs/eufs_msgs/msg/detail/vehicle_commands_stamped__functions.h
[21.541s] -- Symlinking: /home/alr/Desktop/new_perception/new_eufs_ws/install/eufs_msgs/include/eufs_msgs/eufs_msgs/msg/detail/vehicle_commands_stamped__struct.h
[21.550s] -- Symlinking: /home/alr/Desktop/new_perception/new_eufs_ws/install/eufs_msgs/include/eufs_msgs/eufs_msgs/msg/detail/vehicle_commands_stamped__type_support.h
[21.560s] -- Symlinking: /home/alr/Desktop/new_perception/new_eufs_ws/install/eufs_msgs/include/eufs_msgs/eufs_msgs/msg/detail/waypoint__functions.h
[21.571s] -- Symlinking: /home/alr/Desktop/new_perception/new_eufs_ws/install/eufs_msgs/include/eufs_msgs/eufs_msgs/msg/detail/waypoint__struct.h
[21.580s] -- Symlinking: /home/alr/Desktop/new_perception/new_eufs_ws/install/eufs_msgs/include/eufs_msgs/eufs_msgs/msg/detail/waypoint__type_support.h
[21.589s] -- Symlinking: /home/alr/Desktop/new_perception/new_eufs_ws/install/eufs_msgs/include/eufs_msgs/eufs_msgs/msg/detail/waypoint_array_stamped__functions.h
[21.599s] -- Symlinking: /home/alr/Desktop/new_perception/new_eufs_ws/install/eufs_msgs/include/eufs_msgs/eufs_msgs/msg/detail/waypoint_array_stamped__struct.h
[21.609s] -- Symlinking: /home/alr/Desktop/new_perception/new_eufs_ws/install/eufs_msgs/include/eufs_msgs/eufs_msgs/msg/detail/waypoint_array_stamped__type_support.h
[21.619s] -- Symlinking: /home/alr/Desktop/new_perception/new_eufs_ws/install/eufs_msgs/include/eufs_msgs/eufs_msgs/msg/detail/wheel_odometry_err__functions.h
[21.629s] -- Symlinking: /home/alr/Desktop/new_perception/new_eufs_ws/install/eufs_msgs/include/eufs_msgs/eufs_msgs/msg/detail/wheel_odometry_err__struct.h
[21.639s] -- Symlinking: /home/alr/Desktop/new_perception/new_eufs_ws/install/eufs_msgs/include/eufs_msgs/eufs_msgs/msg/detail/wheel_odometry_err__type_support.h
[21.649s] -- Symlinking: /home/alr/Desktop/new_perception/new_eufs_ws/install/eufs_msgs/include/eufs_msgs/eufs_msgs/msg/detail/wheel_speeds__functions.h
[21.658s] -- Symlinking: /home/alr/Desktop/new_perception/new_eufs_ws/install/eufs_msgs/include/eufs_msgs/eufs_msgs/msg/detail/wheel_speeds__struct.h
[21.668s] -- Symlinking: /home/alr/Desktop/new_perception/new_eufs_ws/install/eufs_msgs/include/eufs_msgs/eufs_msgs/msg/detail/wheel_speeds__type_support.h
[21.677s] -- Symlinking: /home/alr/Desktop/new_perception/new_eufs_ws/install/eufs_msgs/include/eufs_msgs/eufs_msgs/msg/detail/wheel_speeds_stamped__functions.h
[21.687s] -- Symlinking: /home/alr/Desktop/new_perception/new_eufs_ws/install/eufs_msgs/include/eufs_msgs/eufs_msgs/msg/detail/wheel_speeds_stamped__struct.h
[21.696s] -- Symlinking: /home/alr/Desktop/new_perception/new_eufs_ws/install/eufs_msgs/include/eufs_msgs/eufs_msgs/msg/detail/wheel_speeds_stamped__type_support.h
[21.705s] -- Symlinking: /home/alr/Desktop/new_perception/new_eufs_ws/install/eufs_msgs/include/eufs_msgs/eufs_msgs/msg/ekf_err.h
[21.716s] -- Symlinking: /home/alr/Desktop/new_perception/new_eufs_ws/install/eufs_msgs/include/eufs_msgs/eufs_msgs/msg/ekf_state.h
[21.726s] -- Symlinking: /home/alr/Desktop/new_perception/new_eufs_ws/install/eufs_msgs/include/eufs_msgs/eufs_msgs/msg/full_state.h
[21.737s] -- Symlinking: /home/alr/Desktop/new_perception/new_eufs_ws/install/eufs_msgs/include/eufs_msgs/eufs_msgs/msg/heartbeat.h
[21.746s] -- Symlinking: /home/alr/Desktop/new_perception/new_eufs_ws/install/eufs_msgs/include/eufs_msgs/eufs_msgs/msg/integration_err.h
[21.757s] -- Symlinking: /home/alr/Desktop/new_perception/new_eufs_ws/install/eufs_msgs/include/eufs_msgs/eufs_msgs/msg/lap_stats.h
[21.765s] -- Symlinking: /home/alr/Desktop/new_perception/new_eufs_ws/install/eufs_msgs/include/eufs_msgs/eufs_msgs/msg/mpc_state.h
[21.776s] -- Symlinking: /home/alr/Desktop/new_perception/new_eufs_ws/install/eufs_msgs/include/eufs_msgs/eufs_msgs/msg/node_state.h
[21.785s] -- Symlinking: /home/alr/Desktop/new_perception/new_eufs_ws/install/eufs_msgs/include/eufs_msgs/eufs_msgs/msg/node_state_array.h
[21.796s] -- Symlinking: /home/alr/Desktop/new_perception/new_eufs_ws/install/eufs_msgs/include/eufs_msgs/eufs_msgs/msg/oss.h
[21.805s] -- Symlinking: /home/alr/Desktop/new_perception/new_eufs_ws/install/eufs_msgs/include/eufs_msgs/eufs_msgs/msg/particle.h
[21.816s] -- Symlinking: /home/alr/Desktop/new_perception/new_eufs_ws/install/eufs_msgs/include/eufs_msgs/eufs_msgs/msg/particle_slam.h
[21.826s] -- Symlinking: /home/alr/Desktop/new_perception/new_eufs_ws/install/eufs_msgs/include/eufs_msgs/eufs_msgs/msg/particle_slam_stamped.h
[21.838s] -- Symlinking: /home/alr/Desktop/new_perception/new_eufs_ws/install/eufs_msgs/include/eufs_msgs/eufs_msgs/msg/particle_stamped.h
[21.845s] -- Symlinking: /home/alr/Desktop/new_perception/new_eufs_ws/install/eufs_msgs/include/eufs_msgs/eufs_msgs/msg/path_integral_params.h
[21.852s] -- Symlinking: /home/alr/Desktop/new_perception/new_eufs_ws/install/eufs_msgs/include/eufs_msgs/eufs_msgs/msg/path_integral_stats.h
[21.859s] -- Symlinking: /home/alr/Desktop/new_perception/new_eufs_ws/install/eufs_msgs/include/eufs_msgs/eufs_msgs/msg/path_integral_status.h
[21.865s] -- Symlinking: /home/alr/Desktop/new_perception/new_eufs_ws/install/eufs_msgs/include/eufs_msgs/eufs_msgs/msg/path_integral_timing.h
[21.872s] -- Symlinking: /home/alr/Desktop/new_perception/new_eufs_ws/install/eufs_msgs/include/eufs_msgs/eufs_msgs/msg/planning_mode.h
[21.878s] -- Symlinking: /home/alr/Desktop/new_perception/new_eufs_ws/install/eufs_msgs/include/eufs_msgs/eufs_msgs/msg/point_array.h
[21.884s] -- Symlinking: /home/alr/Desktop/new_perception/new_eufs_ws/install/eufs_msgs/include/eufs_msgs/eufs_msgs/msg/point_array_stamped.h
[21.891s] -- Symlinking: /home/alr/Desktop/new_perception/new_eufs_ws/install/eufs_msgs/include/eufs_msgs/eufs_msgs/msg/pure_pursuit_checkpoint.h
[21.895s] -- Symlinking: /home/alr/Desktop/new_perception/new_eufs_ws/install/eufs_msgs/include/eufs_msgs/eufs_msgs/msg/pure_pursuit_checkpoint_array_stamped.h
[21.901s] -- Symlinking: /home/alr/Desktop/new_perception/new_eufs_ws/install/eufs_msgs/include/eufs_msgs/eufs_msgs/msg/rosidl_generator_c__visibility_control.h
[21.907s] -- Symlinking: /home/alr/Desktop/new_perception/new_eufs_ws/install/eufs_msgs/include/eufs_msgs/eufs_msgs/msg/runstop.h
[21.913s] -- Symlinking: /home/alr/Desktop/new_perception/new_eufs_ws/install/eufs_msgs/include/eufs_msgs/eufs_msgs/msg/slam_err.h
[21.918s] -- Symlinking: /home/alr/Desktop/new_perception/new_eufs_ws/install/eufs_msgs/include/eufs_msgs/eufs_msgs/msg/slam_state.h
[21.923s] -- Symlinking: /home/alr/Desktop/new_perception/new_eufs_ws/install/eufs_msgs/include/eufs_msgs/eufs_msgs/msg/state_machine_state.h
[21.930s] -- Symlinking: /home/alr/Desktop/new_perception/new_eufs_ws/install/eufs_msgs/include/eufs_msgs/eufs_msgs/msg/stereo_image.h
[21.937s] -- Symlinking: /home/alr/Desktop/new_perception/new_eufs_ws/install/eufs_msgs/include/eufs_msgs/eufs_msgs/msg/system_status.h
[21.942s] -- Symlinking: /home/alr/Desktop/new_perception/new_eufs_ws/install/eufs_msgs/include/eufs_msgs/eufs_msgs/msg/topic_status.h
[21.947s] -- Symlinking: /home/alr/Desktop/new_perception/new_eufs_ws/install/eufs_msgs/include/eufs_msgs/eufs_msgs/msg/vehicle_commands.h
[21.953s] -- Symlinking: /home/alr/Desktop/new_perception/new_eufs_ws/install/eufs_msgs/include/eufs_msgs/eufs_msgs/msg/vehicle_commands_stamped.h
[21.960s] -- Symlinking: /home/alr/Desktop/new_perception/new_eufs_ws/install/eufs_msgs/include/eufs_msgs/eufs_msgs/msg/waypoint.h
[21.965s] -- Symlinking: /home/alr/Desktop/new_perception/new_eufs_ws/install/eufs_msgs/include/eufs_msgs/eufs_msgs/msg/waypoint_array_stamped.h
[21.971s] -- Symlinking: /home/alr/Desktop/new_perception/new_eufs_ws/install/eufs_msgs/include/eufs_msgs/eufs_msgs/msg/wheel_odometry_err.h
[21.976s] -- Symlinking: /home/alr/Desktop/new_perception/new_eufs_ws/install/eufs_msgs/include/eufs_msgs/eufs_msgs/msg/wheel_speeds.h
[21.982s] -- Symlinking: /home/alr/Desktop/new_perception/new_eufs_ws/install/eufs_msgs/include/eufs_msgs/eufs_msgs/msg/wheel_speeds_stamped.h
[21.987s] -- Symlinking: /home/alr/Desktop/new_perception/new_eufs_ws/install/eufs_msgs/include/eufs_msgs/eufs_msgs/srv/detail/get_map__functions.h
[21.995s] -- Symlinking: /home/alr/Desktop/new_perception/new_eufs_ws/install/eufs_msgs/include/eufs_msgs/eufs_msgs/srv/detail/get_map__struct.h
[21.999s] -- Symlinking: /home/alr/Desktop/new_perception/new_eufs_ws/install/eufs_msgs/include/eufs_msgs/eufs_msgs/srv/detail/get_map__type_support.h
[22.005s] -- Symlinking: /home/alr/Desktop/new_perception/new_eufs_ws/install/eufs_msgs/include/eufs_msgs/eufs_msgs/srv/detail/record_start__functions.h
[22.010s] -- Symlinking: /home/alr/Desktop/new_perception/new_eufs_ws/install/eufs_msgs/include/eufs_msgs/eufs_msgs/srv/detail/record_start__struct.h
[22.015s] -- Symlinking: /home/alr/Desktop/new_perception/new_eufs_ws/install/eufs_msgs/include/eufs_msgs/eufs_msgs/srv/detail/record_start__type_support.h
[22.022s] -- Symlinking: /home/alr/Desktop/new_perception/new_eufs_ws/install/eufs_msgs/include/eufs_msgs/eufs_msgs/srv/detail/record_stop__functions.h
[22.027s] -- Symlinking: /home/alr/Desktop/new_perception/new_eufs_ws/install/eufs_msgs/include/eufs_msgs/eufs_msgs/srv/detail/record_stop__struct.h
[22.034s] -- Symlinking: /home/alr/Desktop/new_perception/new_eufs_ws/install/eufs_msgs/include/eufs_msgs/eufs_msgs/srv/detail/record_stop__type_support.h
[22.040s] -- Symlinking: /home/alr/Desktop/new_perception/new_eufs_ws/install/eufs_msgs/include/eufs_msgs/eufs_msgs/srv/detail/register__functions.h
[22.045s] -- Symlinking: /home/alr/Desktop/new_perception/new_eufs_ws/install/eufs_msgs/include/eufs_msgs/eufs_msgs/srv/detail/register__struct.h
[22.050s] -- Symlinking: /home/alr/Desktop/new_perception/new_eufs_ws/install/eufs_msgs/include/eufs_msgs/eufs_msgs/srv/detail/register__type_support.h
[22.056s] -- Symlinking: /home/alr/Desktop/new_perception/new_eufs_ws/install/eufs_msgs/include/eufs_msgs/eufs_msgs/srv/detail/set_can_state__functions.h
[22.062s] -- Symlinking: /home/alr/Desktop/new_perception/new_eufs_ws/install/eufs_msgs/include/eufs_msgs/eufs_msgs/srv/detail/set_can_state__struct.h
[22.070s] -- Symlinking: /home/alr/Desktop/new_perception/new_eufs_ws/install/eufs_msgs/include/eufs_msgs/eufs_msgs/srv/detail/set_can_state__type_support.h
[22.079s] -- Symlinking: /home/alr/Desktop/new_perception/new_eufs_ws/install/eufs_msgs/include/eufs_msgs/eufs_msgs/srv/detail/set_mission__functions.h
[22.089s] -- Symlinking: /home/alr/Desktop/new_perception/new_eufs_ws/install/eufs_msgs/include/eufs_msgs/eufs_msgs/srv/detail/set_mission__struct.h
[22.099s] -- Symlinking: /home/alr/Desktop/new_perception/new_eufs_ws/install/eufs_msgs/include/eufs_msgs/eufs_msgs/srv/detail/set_mission__type_support.h
[22.109s] -- Symlinking: /home/alr/Desktop/new_perception/new_eufs_ws/install/eufs_msgs/include/eufs_msgs/eufs_msgs/srv/detail/set_string__functions.h
[22.120s] -- Symlinking: /home/alr/Desktop/new_perception/new_eufs_ws/install/eufs_msgs/include/eufs_msgs/eufs_msgs/srv/detail/set_string__struct.h
[22.131s] -- Symlinking: /home/alr/Desktop/new_perception/new_eufs_ws/install/eufs_msgs/include/eufs_msgs/eufs_msgs/srv/detail/set_string__type_support.h
[22.141s] -- Symlinking: /home/alr/Desktop/new_perception/new_eufs_ws/install/eufs_msgs/include/eufs_msgs/eufs_msgs/srv/detail/set_track__functions.h
[22.151s] -- Symlinking: /home/alr/Desktop/new_perception/new_eufs_ws/install/eufs_msgs/include/eufs_msgs/eufs_msgs/srv/detail/set_track__struct.h
[22.162s] -- Symlinking: /home/alr/Desktop/new_perception/new_eufs_ws/install/eufs_msgs/include/eufs_msgs/eufs_msgs/srv/detail/set_track__type_support.h
[22.172s] -- Symlinking: /home/alr/Desktop/new_perception/new_eufs_ws/install/eufs_msgs/include/eufs_msgs/eufs_msgs/srv/get_map.h
[22.181s] -- Symlinking: /home/alr/Desktop/new_perception/new_eufs_ws/install/eufs_msgs/include/eufs_msgs/eufs_msgs/srv/record_start.h
[22.191s] -- Symlinking: /home/alr/Desktop/new_perception/new_eufs_ws/install/eufs_msgs/include/eufs_msgs/eufs_msgs/srv/record_stop.h
[22.200s] -- Symlinking: /home/alr/Desktop/new_perception/new_eufs_ws/install/eufs_msgs/include/eufs_msgs/eufs_msgs/srv/register.h
[22.210s] -- Symlinking: /home/alr/Desktop/new_perception/new_eufs_ws/install/eufs_msgs/include/eufs_msgs/eufs_msgs/srv/set_can_state.h
[22.221s] -- Symlinking: /home/alr/Desktop/new_perception/new_eufs_ws/install/eufs_msgs/include/eufs_msgs/eufs_msgs/srv/set_mission.h
[22.231s] -- Symlinking: /home/alr/Desktop/new_perception/new_eufs_ws/install/eufs_msgs/include/eufs_msgs/eufs_msgs/srv/set_string.h
[22.242s] -- Symlinking: /home/alr/Desktop/new_perception/new_eufs_ws/install/eufs_msgs/include/eufs_msgs/eufs_msgs/srv/set_track.h
[22.252s] -- Symlinking: /home/alr/Desktop/new_perception/new_eufs_ws/install/eufs_msgs/share/eufs_msgs/environment/library_path.sh
[22.261s] -- Symlinking: /home/alr/Desktop/new_perception/new_eufs_ws/install/eufs_msgs/share/eufs_msgs/environment/library_path.dsv
[22.274s] -- Symlinking: /home/alr/Desktop/new_perception/new_eufs_ws/install/eufs_msgs/include/eufs_msgs/eufs_msgs/action/detail/check_for_objects__rosidl_typesupport_fastrtps_c.h
[22.286s] -- Symlinking: /home/alr/Desktop/new_perception/new_eufs_ws/install/eufs_msgs/include/eufs_msgs/eufs_msgs/msg/detail/bounding_box__rosidl_typesupport_fastrtps_c.h
[22.296s] -- Symlinking: /home/alr/Desktop/new_perception/new_eufs_ws/install/eufs_msgs/include/eufs_msgs/eufs_msgs/msg/detail/bounding_boxes__rosidl_typesupport_fastrtps_c.h
[22.306s] -- Symlinking: /home/alr/Desktop/new_perception/new_eufs_ws/install/eufs_msgs/include/eufs_msgs/eufs_msgs/msg/detail/can_state__rosidl_typesupport_fastrtps_c.h
[22.316s] -- Symlinking: /home/alr/Desktop/new_perception/new_eufs_ws/install/eufs_msgs/include/eufs_msgs/eufs_msgs/msg/detail/car_forces__rosidl_typesupport_fastrtps_c.h
[22.326s] -- Symlinking: /home/alr/Desktop/new_perception/new_eufs_ws/install/eufs_msgs/include/eufs_msgs/eufs_msgs/msg/detail/car_state__rosidl_typesupport_fastrtps_c.h
[22.338s] -- Symlinking: /home/alr/Desktop/new_perception/new_eufs_ws/install/eufs_msgs/include/eufs_msgs/eufs_msgs/msg/detail/chassis_command__rosidl_typesupport_fastrtps_c.h
[22.347s] -- Symlinking: /home/alr/Desktop/new_perception/new_eufs_ws/install/eufs_msgs/include/eufs_msgs/eufs_msgs/msg/detail/chassis_state__rosidl_typesupport_fastrtps_c.h
[22.357s] -- Symlinking: /home/alr/Desktop/new_perception/new_eufs_ws/install/eufs_msgs/include/eufs_msgs/eufs_msgs/msg/detail/cone_array__rosidl_typesupport_fastrtps_c.h
[22.365s] -- Symlinking: /home/alr/Desktop/new_perception/new_eufs_ws/install/eufs_msgs/include/eufs_msgs/eufs_msgs/msg/detail/cone_array_with_covariance__rosidl_typesupport_fastrtps_c.h
[22.374s] -- Symlinking: /home/alr/Desktop/new_perception/new_eufs_ws/install/eufs_msgs/include/eufs_msgs/eufs_msgs/msg/detail/cone_association__rosidl_typesupport_fastrtps_c.h
[22.384s] -- Symlinking: /home/alr/Desktop/new_perception/new_eufs_ws/install/eufs_msgs/include/eufs_msgs/eufs_msgs/msg/detail/cone_association_array__rosidl_typesupport_fastrtps_c.h
[22.392s] -- Symlinking: /home/alr/Desktop/new_perception/new_eufs_ws/install/eufs_msgs/include/eufs_msgs/eufs_msgs/msg/detail/cone_association_array_array_stamped__rosidl_typesupport_fastrtps_c.h
[22.402s] -- Symlinking: /home/alr/Desktop/new_perception/new_eufs_ws/install/eufs_msgs/include/eufs_msgs/eufs_msgs/msg/detail/cone_association_array_stamped__rosidl_typesupport_fastrtps_c.h
[22.411s] -- Symlinking: /home/alr/Desktop/new_perception/new_eufs_ws/install/eufs_msgs/include/eufs_msgs/eufs_msgs/msg/detail/cone_with_color_probability__rosidl_typesupport_fastrtps_c.h
[22.421s] -- Symlinking: /home/alr/Desktop/new_perception/new_eufs_ws/install/eufs_msgs/include/eufs_msgs/eufs_msgs/msg/detail/cone_with_color_probability_array__rosidl_typesupport_fastrtps_c.h
[22.432s] -- Symlinking: /home/alr/Desktop/new_perception/new_eufs_ws/install/eufs_msgs/include/eufs_msgs/eufs_msgs/msg/detail/cone_with_covariance__rosidl_typesupport_fastrtps_c.h
[22.440s] -- Symlinking: /home/alr/Desktop/new_perception/new_eufs_ws/install/eufs_msgs/include/eufs_msgs/eufs_msgs/msg/detail/costmap__rosidl_typesupport_fastrtps_c.h
[22.451s] -- Symlinking: /home/alr/Desktop/new_perception/new_eufs_ws/install/eufs_msgs/include/eufs_msgs/eufs_msgs/msg/detail/cpu_status__rosidl_typesupport_fastrtps_c.h
[22.460s] -- Symlinking: /home/alr/Desktop/new_perception/new_eufs_ws/install/eufs_msgs/include/eufs_msgs/eufs_msgs/msg/detail/cpu_usage__rosidl_typesupport_fastrtps_c.h
[22.468s] -- Symlinking: /home/alr/Desktop/new_perception/new_eufs_ws/install/eufs_msgs/include/eufs_msgs/eufs_msgs/msg/detail/ekf_err__rosidl_typesupport_fastrtps_c.h
[22.478s] -- Symlinking: /home/alr/Desktop/new_perception/new_eufs_ws/install/eufs_msgs/include/eufs_msgs/eufs_msgs/msg/detail/ekf_state__rosidl_typesupport_fastrtps_c.h
[22.488s] -- Symlinking: /home/alr/Desktop/new_perception/new_eufs_ws/install/eufs_msgs/include/eufs_msgs/eufs_msgs/msg/detail/full_state__rosidl_typesupport_fastrtps_c.h
[22.497s] -- Symlinking: /home/alr/Desktop/new_perception/new_eufs_ws/install/eufs_msgs/include/eufs_msgs/eufs_msgs/msg/detail/heartbeat__rosidl_typesupport_fastrtps_c.h
[22.508s] -- Symlinking: /home/alr/Desktop/new_perception/new_eufs_ws/install/eufs_msgs/include/eufs_msgs/eufs_msgs/msg/detail/integration_err__rosidl_typesupport_fastrtps_c.h
[22.521s] -- Symlinking: /home/alr/Desktop/new_perception/new_eufs_ws/install/eufs_msgs/include/eufs_msgs/eufs_msgs/msg/detail/lap_stats__rosidl_typesupport_fastrtps_c.h
[22.531s] -- Symlinking: /home/alr/Desktop/new_perception/new_eufs_ws/install/eufs_msgs/include/eufs_msgs/eufs_msgs/msg/detail/mpc_state__rosidl_typesupport_fastrtps_c.h
[22.542s] -- Symlinking: /home/alr/Desktop/new_perception/new_eufs_ws/install/eufs_msgs/include/eufs_msgs/eufs_msgs/msg/detail/node_state__rosidl_typesupport_fastrtps_c.h
[22.553s] -- Symlinking: /home/alr/Desktop/new_perception/new_eufs_ws/install/eufs_msgs/include/eufs_msgs/eufs_msgs/msg/detail/node_state_array__rosidl_typesupport_fastrtps_c.h
[22.564s] -- Symlinking: /home/alr/Desktop/new_perception/new_eufs_ws/install/eufs_msgs/include/eufs_msgs/eufs_msgs/msg/detail/oss__rosidl_typesupport_fastrtps_c.h
[22.570s] -- Symlinking: /home/alr/Desktop/new_perception/new_eufs_ws/install/eufs_msgs/include/eufs_msgs/eufs_msgs/msg/detail/particle__rosidl_typesupport_fastrtps_c.h
[22.578s] -- Symlinking: /home/alr/Desktop/new_perception/new_eufs_ws/install/eufs_msgs/include/eufs_msgs/eufs_msgs/msg/detail/particle_slam__rosidl_typesupport_fastrtps_c.h
[22.587s] -- Symlinking: /home/alr/Desktop/new_perception/new_eufs_ws/install/eufs_msgs/include/eufs_msgs/eufs_msgs/msg/detail/particle_slam_stamped__rosidl_typesupport_fastrtps_c.h
[22.597s] -- Symlinking: /home/alr/Desktop/new_perception/new_eufs_ws/install/eufs_msgs/include/eufs_msgs/eufs_msgs/msg/detail/particle_stamped__rosidl_typesupport_fastrtps_c.h
[22.607s] -- Symlinking: /home/alr/Desktop/new_perception/new_eufs_ws/install/eufs_msgs/include/eufs_msgs/eufs_msgs/msg/detail/path_integral_params__rosidl_typesupport_fastrtps_c.h
[22.617s] -- Symlinking: /home/alr/Desktop/new_perception/new_eufs_ws/install/eufs_msgs/include/eufs_msgs/eufs_msgs/msg/detail/path_integral_stats__rosidl_typesupport_fastrtps_c.h
[22.628s] -- Symlinking: /home/alr/Desktop/new_perception/new_eufs_ws/install/eufs_msgs/include/eufs_msgs/eufs_msgs/msg/detail/path_integral_status__rosidl_typesupport_fastrtps_c.h
[22.638s] -- Symlinking: /home/alr/Desktop/new_perception/new_eufs_ws/install/eufs_msgs/include/eufs_msgs/eufs_msgs/msg/detail/path_integral_timing__rosidl_typesupport_fastrtps_c.h
[22.648s] -- Symlinking: /home/alr/Desktop/new_perception/new_eufs_ws/install/eufs_msgs/include/eufs_msgs/eufs_msgs/msg/detail/planning_mode__rosidl_typesupport_fastrtps_c.h
[22.658s] -- Symlinking: /home/alr/Desktop/new_perception/new_eufs_ws/install/eufs_msgs/include/eufs_msgs/eufs_msgs/msg/detail/point_array__rosidl_typesupport_fastrtps_c.h
[22.667s] -- Symlinking: /home/alr/Desktop/new_perception/new_eufs_ws/install/eufs_msgs/include/eufs_msgs/eufs_msgs/msg/detail/point_array_stamped__rosidl_typesupport_fastrtps_c.h
[22.676s] -- Symlinking: /home/alr/Desktop/new_perception/new_eufs_ws/install/eufs_msgs/include/eufs_msgs/eufs_msgs/msg/detail/pure_pursuit_checkpoint__rosidl_typesupport_fastrtps_c.h
[22.686s] -- Symlinking: /home/alr/Desktop/new_perception/new_eufs_ws/install/eufs_msgs/include/eufs_msgs/eufs_msgs/msg/detail/pure_pursuit_checkpoint_array_stamped__rosidl_typesupport_fastrtps_c.h
[22.696s] -- Symlinking: /home/alr/Desktop/new_perception/new_eufs_ws/install/eufs_msgs/include/eufs_msgs/eufs_msgs/msg/detail/runstop__rosidl_typesupport_fastrtps_c.h
[22.706s] -- Symlinking: /home/alr/Desktop/new_perception/new_eufs_ws/install/eufs_msgs/include/eufs_msgs/eufs_msgs/msg/detail/slam_err__rosidl_typesupport_fastrtps_c.h
[22.716s] -- Symlinking: /home/alr/Desktop/new_perception/new_eufs_ws/install/eufs_msgs/include/eufs_msgs/eufs_msgs/msg/detail/slam_state__rosidl_typesupport_fastrtps_c.h
[22.727s] -- Symlinking: /home/alr/Desktop/new_perception/new_eufs_ws/install/eufs_msgs/include/eufs_msgs/eufs_msgs/msg/detail/state_machine_state__rosidl_typesupport_fastrtps_c.h
[22.737s] -- Symlinking: /home/alr/Desktop/new_perception/new_eufs_ws/install/eufs_msgs/include/eufs_msgs/eufs_msgs/msg/detail/stereo_image__rosidl_typesupport_fastrtps_c.h
[22.747s] -- Symlinking: /home/alr/Desktop/new_perception/new_eufs_ws/install/eufs_msgs/include/eufs_msgs/eufs_msgs/msg/detail/system_status__rosidl_typesupport_fastrtps_c.h
[22.757s] -- Symlinking: /home/alr/Desktop/new_perception/new_eufs_ws/install/eufs_msgs/include/eufs_msgs/eufs_msgs/msg/detail/topic_status__rosidl_typesupport_fastrtps_c.h
[22.766s] -- Symlinking: /home/alr/Desktop/new_perception/new_eufs_ws/install/eufs_msgs/include/eufs_msgs/eufs_msgs/msg/detail/vehicle_commands__rosidl_typesupport_fastrtps_c.h
[22.776s] -- Symlinking: /home/alr/Desktop/new_perception/new_eufs_ws/install/eufs_msgs/include/eufs_msgs/eufs_msgs/msg/detail/vehicle_commands_stamped__rosidl_typesupport_fastrtps_c.h
[22.785s] -- Symlinking: /home/alr/Desktop/new_perception/new_eufs_ws/install/eufs_msgs/include/eufs_msgs/eufs_msgs/msg/detail/waypoint__rosidl_typesupport_fastrtps_c.h
[22.793s] -- Symlinking: /home/alr/Desktop/new_perception/new_eufs_ws/install/eufs_msgs/include/eufs_msgs/eufs_msgs/msg/detail/waypoint_array_stamped__rosidl_typesupport_fastrtps_c.h
[22.801s] -- Symlinking: /home/alr/Desktop/new_perception/new_eufs_ws/install/eufs_msgs/include/eufs_msgs/eufs_msgs/msg/detail/wheel_odometry_err__rosidl_typesupport_fastrtps_c.h
[22.808s] -- Symlinking: /home/alr/Desktop/new_perception/new_eufs_ws/install/eufs_msgs/include/eufs_msgs/eufs_msgs/msg/detail/wheel_speeds__rosidl_typesupport_fastrtps_c.h
[22.813s] -- Symlinking: /home/alr/Desktop/new_perception/new_eufs_ws/install/eufs_msgs/include/eufs_msgs/eufs_msgs/msg/detail/wheel_speeds_stamped__rosidl_typesupport_fastrtps_c.h
[22.819s] -- Symlinking: /home/alr/Desktop/new_perception/new_eufs_ws/install/eufs_msgs/include/eufs_msgs/eufs_msgs/msg/rosidl_typesupport_fastrtps_c__visibility_control.h
[22.824s] -- Symlinking: /home/alr/Desktop/new_perception/new_eufs_ws/install/eufs_msgs/include/eufs_msgs/eufs_msgs/srv/detail/get_map__rosidl_typesupport_fastrtps_c.h
[22.831s] -- Symlinking: /home/alr/Desktop/new_perception/new_eufs_ws/install/eufs_msgs/include/eufs_msgs/eufs_msgs/srv/detail/record_start__rosidl_typesupport_fastrtps_c.h
[22.835s] -- Symlinking: /home/alr/Desktop/new_perception/new_eufs_ws/install/eufs_msgs/include/eufs_msgs/eufs_msgs/srv/detail/record_stop__rosidl_typesupport_fastrtps_c.h
[22.841s] -- Symlinking: /home/alr/Desktop/new_perception/new_eufs_ws/install/eufs_msgs/include/eufs_msgs/eufs_msgs/srv/detail/register__rosidl_typesupport_fastrtps_c.h
[22.848s] -- Symlinking: /home/alr/Desktop/new_perception/new_eufs_ws/install/eufs_msgs/include/eufs_msgs/eufs_msgs/srv/detail/set_can_state__rosidl_typesupport_fastrtps_c.h
[22.854s] -- Symlinking: /home/alr/Desktop/new_perception/new_eufs_ws/install/eufs_msgs/include/eufs_msgs/eufs_msgs/srv/detail/set_mission__rosidl_typesupport_fastrtps_c.h
[22.858s] -- Symlinking: /home/alr/Desktop/new_perception/new_eufs_ws/install/eufs_msgs/include/eufs_msgs/eufs_msgs/srv/detail/set_string__rosidl_typesupport_fastrtps_c.h
[22.863s] -- Symlinking: /home/alr/Desktop/new_perception/new_eufs_ws/install/eufs_msgs/include/eufs_msgs/eufs_msgs/srv/detail/set_track__rosidl_typesupport_fastrtps_c.h
[22.871s] -- Symlinking: /home/alr/Desktop/new_perception/new_eufs_ws/install/eufs_msgs/include/eufs_msgs/eufs_msgs/action/detail/check_for_objects__rosidl_typesupport_introspection_c.h
[22.876s] -- Symlinking: /home/alr/Desktop/new_perception/new_eufs_ws/install/eufs_msgs/include/eufs_msgs/eufs_msgs/msg/detail/bounding_box__rosidl_typesupport_introspection_c.h
[22.882s] -- Symlinking: /home/alr/Desktop/new_perception/new_eufs_ws/install/eufs_msgs/include/eufs_msgs/eufs_msgs/msg/detail/bounding_boxes__rosidl_typesupport_introspection_c.h
[22.888s] -- Symlinking: /home/alr/Desktop/new_perception/new_eufs_ws/install/eufs_msgs/include/eufs_msgs/eufs_msgs/msg/detail/can_state__rosidl_typesupport_introspection_c.h
[22.895s] -- Symlinking: /home/alr/Desktop/new_perception/new_eufs_ws/install/eufs_msgs/include/eufs_msgs/eufs_msgs/msg/detail/car_forces__rosidl_typesupport_introspection_c.h
[22.901s] -- Symlinking: /home/alr/Desktop/new_perception/new_eufs_ws/install/eufs_msgs/include/eufs_msgs/eufs_msgs/msg/detail/car_state__rosidl_typesupport_introspection_c.h
[22.906s] -- Symlinking: /home/alr/Desktop/new_perception/new_eufs_ws/install/eufs_msgs/include/eufs_msgs/eufs_msgs/msg/detail/chassis_command__rosidl_typesupport_introspection_c.h
[22.913s] -- Symlinking: /home/alr/Desktop/new_perception/new_eufs_ws/install/eufs_msgs/include/eufs_msgs/eufs_msgs/msg/detail/chassis_state__rosidl_typesupport_introspection_c.h
[22.917s] -- Symlinking: /home/alr/Desktop/new_perception/new_eufs_ws/install/eufs_msgs/include/eufs_msgs/eufs_msgs/msg/detail/cone_array__rosidl_typesupport_introspection_c.h
[22.923s] -- Symlinking: /home/alr/Desktop/new_perception/new_eufs_ws/install/eufs_msgs/include/eufs_msgs/eufs_msgs/msg/detail/cone_array_with_covariance__rosidl_typesupport_introspection_c.h
[22.930s] -- Symlinking: /home/alr/Desktop/new_perception/new_eufs_ws/install/eufs_msgs/include/eufs_msgs/eufs_msgs/msg/detail/cone_association__rosidl_typesupport_introspection_c.h
[22.935s] -- Symlinking: /home/alr/Desktop/new_perception/new_eufs_ws/install/eufs_msgs/include/eufs_msgs/eufs_msgs/msg/detail/cone_association_array__rosidl_typesupport_introspection_c.h
[22.941s] -- Symlinking: /home/alr/Desktop/new_perception/new_eufs_ws/install/eufs_msgs/include/eufs_msgs/eufs_msgs/msg/detail/cone_association_array_array_stamped__rosidl_typesupport_introspection_c.h
[22.946s] -- Symlinking: /home/alr/Desktop/new_perception/new_eufs_ws/install/eufs_msgs/include/eufs_msgs/eufs_msgs/msg/detail/cone_association_array_stamped__rosidl_typesupport_introspection_c.h
[22.953s] -- Symlinking: /home/alr/Desktop/new_perception/new_eufs_ws/install/eufs_msgs/include/eufs_msgs/eufs_msgs/msg/detail/cone_with_color_probability__rosidl_typesupport_introspection_c.h
[22.958s] -- Symlinking: /home/alr/Desktop/new_perception/new_eufs_ws/install/eufs_msgs/include/eufs_msgs/eufs_msgs/msg/detail/cone_with_color_probability_array__rosidl_typesupport_introspection_c.h
[22.963s] -- Symlinking: /home/alr/Desktop/new_perception/new_eufs_ws/install/eufs_msgs/include/eufs_msgs/eufs_msgs/msg/detail/cone_with_covariance__rosidl_typesupport_introspection_c.h
[22.970s] -- Symlinking: /home/alr/Desktop/new_perception/new_eufs_ws/install/eufs_msgs/include/eufs_msgs/eufs_msgs/msg/detail/costmap__rosidl_typesupport_introspection_c.h
[22.975s] -- Symlinking: /home/alr/Desktop/new_perception/new_eufs_ws/install/eufs_msgs/include/eufs_msgs/eufs_msgs/msg/detail/cpu_status__rosidl_typesupport_introspection_c.h
[22.979s] -- Symlinking: /home/alr/Desktop/new_perception/new_eufs_ws/install/eufs_msgs/include/eufs_msgs/eufs_msgs/msg/detail/cpu_usage__rosidl_typesupport_introspection_c.h
[22.986s] -- Symlinking: /home/alr/Desktop/new_perception/new_eufs_ws/install/eufs_msgs/include/eufs_msgs/eufs_msgs/msg/detail/ekf_err__rosidl_typesupport_introspection_c.h
[22.993s] -- Symlinking: /home/alr/Desktop/new_perception/new_eufs_ws/install/eufs_msgs/include/eufs_msgs/eufs_msgs/msg/detail/ekf_state__rosidl_typesupport_introspection_c.h
[22.998s] -- Symlinking: /home/alr/Desktop/new_perception/new_eufs_ws/install/eufs_msgs/include/eufs_msgs/eufs_msgs/msg/detail/full_state__rosidl_typesupport_introspection_c.h
[23.004s] -- Symlinking: /home/alr/Desktop/new_perception/new_eufs_ws/install/eufs_msgs/include/eufs_msgs/eufs_msgs/msg/detail/heartbeat__rosidl_typesupport_introspection_c.h
[23.011s] -- Symlinking: /home/alr/Desktop/new_perception/new_eufs_ws/install/eufs_msgs/include/eufs_msgs/eufs_msgs/msg/detail/integration_err__rosidl_typesupport_introspection_c.h
[23.016s] -- Symlinking: /home/alr/Desktop/new_perception/new_eufs_ws/install/eufs_msgs/include/eufs_msgs/eufs_msgs/msg/detail/lap_stats__rosidl_typesupport_introspection_c.h
[23.022s] -- Symlinking: /home/alr/Desktop/new_perception/new_eufs_ws/install/eufs_msgs/include/eufs_msgs/eufs_msgs/msg/detail/mpc_state__rosidl_typesupport_introspection_c.h
[23.026s] -- Symlinking: /home/alr/Desktop/new_perception/new_eufs_ws/install/eufs_msgs/include/eufs_msgs/eufs_msgs/msg/detail/node_state__rosidl_typesupport_introspection_c.h
[23.034s] -- Symlinking: /home/alr/Desktop/new_perception/new_eufs_ws/install/eufs_msgs/include/eufs_msgs/eufs_msgs/msg/detail/node_state_array__rosidl_typesupport_introspection_c.h
[23.038s] -- Symlinking: /home/alr/Desktop/new_perception/new_eufs_ws/install/eufs_msgs/include/eufs_msgs/eufs_msgs/msg/detail/oss__rosidl_typesupport_introspection_c.h
[23.043s] -- Symlinking: /home/alr/Desktop/new_perception/new_eufs_ws/install/eufs_msgs/include/eufs_msgs/eufs_msgs/msg/detail/particle__rosidl_typesupport_introspection_c.h
[23.050s] -- Symlinking: /home/alr/Desktop/new_perception/new_eufs_ws/install/eufs_msgs/include/eufs_msgs/eufs_msgs/msg/detail/particle_slam__rosidl_typesupport_introspection_c.h
[23.056s] -- Symlinking: /home/alr/Desktop/new_perception/new_eufs_ws/install/eufs_msgs/include/eufs_msgs/eufs_msgs/msg/detail/particle_slam_stamped__rosidl_typesupport_introspection_c.h
[23.061s] -- Symlinking: /home/alr/Desktop/new_perception/new_eufs_ws/install/eufs_msgs/include/eufs_msgs/eufs_msgs/msg/detail/particle_stamped__rosidl_typesupport_introspection_c.h
[23.066s] -- Symlinking: /home/alr/Desktop/new_perception/new_eufs_ws/install/eufs_msgs/include/eufs_msgs/eufs_msgs/msg/detail/path_integral_params__rosidl_typesupport_introspection_c.h
[23.073s] -- Symlinking: /home/alr/Desktop/new_perception/new_eufs_ws/install/eufs_msgs/include/eufs_msgs/eufs_msgs/msg/detail/path_integral_stats__rosidl_typesupport_introspection_c.h
[23.078s] -- Symlinking: /home/alr/Desktop/new_perception/new_eufs_ws/install/eufs_msgs/include/eufs_msgs/eufs_msgs/msg/detail/path_integral_status__rosidl_typesupport_introspection_c.h
[23.085s] -- Symlinking: /home/alr/Desktop/new_perception/new_eufs_ws/install/eufs_msgs/include/eufs_msgs/eufs_msgs/msg/detail/path_integral_timing__rosidl_typesupport_introspection_c.h
[23.092s] -- Symlinking: /home/alr/Desktop/new_perception/new_eufs_ws/install/eufs_msgs/include/eufs_msgs/eufs_msgs/msg/detail/planning_mode__rosidl_typesupport_introspection_c.h
[23.096s] -- Symlinking: /home/alr/Desktop/new_perception/new_eufs_ws/install/eufs_msgs/include/eufs_msgs/eufs_msgs/msg/detail/point_array__rosidl_typesupport_introspection_c.h
[23.102s] -- Symlinking: /home/alr/Desktop/new_perception/new_eufs_ws/install/eufs_msgs/include/eufs_msgs/eufs_msgs/msg/detail/point_array_stamped__rosidl_typesupport_introspection_c.h
[23.107s] -- Symlinking: /home/alr/Desktop/new_perception/new_eufs_ws/install/eufs_msgs/include/eufs_msgs/eufs_msgs/msg/detail/pure_pursuit_checkpoint__rosidl_typesupport_introspection_c.h
[23.114s] -- Symlinking: /home/alr/Desktop/new_perception/new_eufs_ws/install/eufs_msgs/include/eufs_msgs/eufs_msgs/msg/detail/pure_pursuit_checkpoint_array_stamped__rosidl_typesupport_introspection_c.h
[23.119s] -- Symlinking: /home/alr/Desktop/new_perception/new_eufs_ws/install/eufs_msgs/include/eufs_msgs/eufs_msgs/msg/detail/runstop__rosidl_typesupport_introspection_c.h
[23.124s] -- Symlinking: /home/alr/Desktop/new_perception/new_eufs_ws/install/eufs_msgs/include/eufs_msgs/eufs_msgs/msg/detail/slam_err__rosidl_typesupport_introspection_c.h
[23.129s] -- Symlinking: /home/alr/Desktop/new_perception/new_eufs_ws/install/eufs_msgs/include/eufs_msgs/eufs_msgs/msg/detail/slam_state__rosidl_typesupport_introspection_c.h
[23.136s] -- Symlinking: /home/alr/Desktop/new_perception/new_eufs_ws/install/eufs_msgs/include/eufs_msgs/eufs_msgs/msg/detail/state_machine_state__rosidl_typesupport_introspection_c.h
[23.144s] -- Symlinking: /home/alr/Desktop/new_perception/new_eufs_ws/install/eufs_msgs/include/eufs_msgs/eufs_msgs/msg/detail/stereo_image__rosidl_typesupport_introspection_c.h
[23.148s] -- Symlinking: /home/alr/Desktop/new_perception/new_eufs_ws/install/eufs_msgs/include/eufs_msgs/eufs_msgs/msg/detail/system_status__rosidl_typesupport_introspection_c.h
[23.154s] -- Symlinking: /home/alr/Desktop/new_perception/new_eufs_ws/install/eufs_msgs/include/eufs_msgs/eufs_msgs/msg/detail/topic_status__rosidl_typesupport_introspection_c.h
[23.160s] -- Symlinking: /home/alr/Desktop/new_perception/new_eufs_ws/install/eufs_msgs/include/eufs_msgs/eufs_msgs/msg/detail/vehicle_commands__rosidl_typesupport_introspection_c.h
[23.169s] -- Symlinking: /home/alr/Desktop/new_perception/new_eufs_ws/install/eufs_msgs/include/eufs_msgs/eufs_msgs/msg/detail/vehicle_commands_stamped__rosidl_typesupport_introspection_c.h
[23.180s] -- Symlinking: /home/alr/Desktop/new_perception/new_eufs_ws/install/eufs_msgs/include/eufs_msgs/eufs_msgs/msg/detail/waypoint__rosidl_typesupport_introspection_c.h
[23.190s] -- Symlinking: /home/alr/Desktop/new_perception/new_eufs_ws/install/eufs_msgs/include/eufs_msgs/eufs_msgs/msg/detail/waypoint_array_stamped__rosidl_typesupport_introspection_c.h
[23.200s] -- Symlinking: /home/alr/Desktop/new_perception/new_eufs_ws/install/eufs_msgs/include/eufs_msgs/eufs_msgs/msg/detail/wheel_odometry_err__rosidl_typesupport_introspection_c.h
[23.211s] -- Symlinking: /home/alr/Desktop/new_perception/new_eufs_ws/install/eufs_msgs/include/eufs_msgs/eufs_msgs/msg/detail/wheel_speeds__rosidl_typesupport_introspection_c.h
[23.222s] -- Symlinking: /home/alr/Desktop/new_perception/new_eufs_ws/install/eufs_msgs/include/eufs_msgs/eufs_msgs/msg/detail/wheel_speeds_stamped__rosidl_typesupport_introspection_c.h
[23.233s] -- Symlinking: /home/alr/Desktop/new_perception/new_eufs_ws/install/eufs_msgs/include/eufs_msgs/eufs_msgs/msg/rosidl_typesupport_introspection_c__visibility_control.h
[23.243s] -- Symlinking: /home/alr/Desktop/new_perception/new_eufs_ws/install/eufs_msgs/include/eufs_msgs/eufs_msgs/srv/detail/get_map__rosidl_typesupport_introspection_c.h
[23.255s] -- Symlinking: /home/alr/Desktop/new_perception/new_eufs_ws/install/eufs_msgs/include/eufs_msgs/eufs_msgs/srv/detail/record_start__rosidl_typesupport_introspection_c.h
[23.262s] -- Symlinking: /home/alr/Desktop/new_perception/new_eufs_ws/install/eufs_msgs/include/eufs_msgs/eufs_msgs/srv/detail/record_stop__rosidl_typesupport_introspection_c.h
[23.269s] -- Symlinking: /home/alr/Desktop/new_perception/new_eufs_ws/install/eufs_msgs/include/eufs_msgs/eufs_msgs/srv/detail/register__rosidl_typesupport_introspection_c.h
[23.276s] -- Symlinking: /home/alr/Desktop/new_perception/new_eufs_ws/install/eufs_msgs/include/eufs_msgs/eufs_msgs/srv/detail/set_can_state__rosidl_typesupport_introspection_c.h
[23.282s] -- Symlinking: /home/alr/Desktop/new_perception/new_eufs_ws/install/eufs_msgs/include/eufs_msgs/eufs_msgs/srv/detail/set_mission__rosidl_typesupport_introspection_c.h
[23.289s] -- Symlinking: /home/alr/Desktop/new_perception/new_eufs_ws/install/eufs_msgs/include/eufs_msgs/eufs_msgs/srv/detail/set_string__rosidl_typesupport_introspection_c.h
[23.296s] -- Symlinking: /home/alr/Desktop/new_perception/new_eufs_ws/install/eufs_msgs/include/eufs_msgs/eufs_msgs/srv/detail/set_track__rosidl_typesupport_introspection_c.h
[23.304s] -- Symlinking: /home/alr/Desktop/new_perception/new_eufs_ws/install/eufs_msgs/include/eufs_msgs/eufs_msgs/action/check_for_objects.hpp
[23.311s] -- Symlinking: /home/alr/Desktop/new_perception/new_eufs_ws/install/eufs_msgs/include/eufs_msgs/eufs_msgs/action/detail/check_for_objects__builder.hpp
[23.317s] -- Symlinking: /home/alr/Desktop/new_perception/new_eufs_ws/install/eufs_msgs/include/eufs_msgs/eufs_msgs/action/detail/check_for_objects__struct.hpp
[23.321s] -- Symlinking: /home/alr/Desktop/new_perception/new_eufs_ws/install/eufs_msgs/include/eufs_msgs/eufs_msgs/action/detail/check_for_objects__traits.hpp
[23.326s] -- Symlinking: /home/alr/Desktop/new_perception/new_eufs_ws/install/eufs_msgs/include/eufs_msgs/eufs_msgs/action/detail/check_for_objects__type_support.hpp
[23.334s] -- Symlinking: /home/alr/Desktop/new_perception/new_eufs_ws/install/eufs_msgs/include/eufs_msgs/eufs_msgs/msg/bounding_box.hpp
[23.338s] -- Symlinking: /home/alr/Desktop/new_perception/new_eufs_ws/install/eufs_msgs/include/eufs_msgs/eufs_msgs/msg/bounding_boxes.hpp
[23.345s] -- Symlinking: /home/alr/Desktop/new_perception/new_eufs_ws/install/eufs_msgs/include/eufs_msgs/eufs_msgs/msg/can_state.hpp
[23.350s] -- Symlinking: /home/alr/Desktop/new_perception/new_eufs_ws/install/eufs_msgs/include/eufs_msgs/eufs_msgs/msg/car_forces.hpp
[23.356s] -- Symlinking: /home/alr/Desktop/new_perception/new_eufs_ws/install/eufs_msgs/include/eufs_msgs/eufs_msgs/msg/car_state.hpp
[23.363s] -- Symlinking: /home/alr/Desktop/new_perception/new_eufs_ws/install/eufs_msgs/include/eufs_msgs/eufs_msgs/msg/chassis_command.hpp
[23.369s] -- Symlinking: /home/alr/Desktop/new_perception/new_eufs_ws/install/eufs_msgs/include/eufs_msgs/eufs_msgs/msg/chassis_state.hpp
[23.376s] -- Symlinking: /home/alr/Desktop/new_perception/new_eufs_ws/install/eufs_msgs/include/eufs_msgs/eufs_msgs/msg/cone_array.hpp
[23.380s] -- Symlinking: /home/alr/Desktop/new_perception/new_eufs_ws/install/eufs_msgs/include/eufs_msgs/eufs_msgs/msg/cone_array_with_covariance.hpp
[23.386s] -- Symlinking: /home/alr/Desktop/new_perception/new_eufs_ws/install/eufs_msgs/include/eufs_msgs/eufs_msgs/msg/cone_association.hpp
[23.391s] -- Symlinking: /home/alr/Desktop/new_perception/new_eufs_ws/install/eufs_msgs/include/eufs_msgs/eufs_msgs/msg/cone_association_array.hpp
[23.397s] -- Symlinking: /home/alr/Desktop/new_perception/new_eufs_ws/install/eufs_msgs/include/eufs_msgs/eufs_msgs/msg/cone_association_array_array_stamped.hpp
[23.402s] -- Symlinking: /home/alr/Desktop/new_perception/new_eufs_ws/install/eufs_msgs/include/eufs_msgs/eufs_msgs/msg/cone_association_array_stamped.hpp
[23.409s] -- Symlinking: /home/alr/Desktop/new_perception/new_eufs_ws/install/eufs_msgs/include/eufs_msgs/eufs_msgs/msg/cone_with_color_probability.hpp
[23.416s] -- Symlinking: /home/alr/Desktop/new_perception/new_eufs_ws/install/eufs_msgs/include/eufs_msgs/eufs_msgs/msg/cone_with_color_probability_array.hpp
[23.420s] -- Symlinking: /home/alr/Desktop/new_perception/new_eufs_ws/install/eufs_msgs/include/eufs_msgs/eufs_msgs/msg/cone_with_covariance.hpp
[23.425s] -- Symlinking: /home/alr/Desktop/new_perception/new_eufs_ws/install/eufs_msgs/include/eufs_msgs/eufs_msgs/msg/costmap.hpp
[23.431s] -- Symlinking: /home/alr/Desktop/new_perception/new_eufs_ws/install/eufs_msgs/include/eufs_msgs/eufs_msgs/msg/cpu_status.hpp
[23.437s] -- Symlinking: /home/alr/Desktop/new_perception/new_eufs_ws/install/eufs_msgs/include/eufs_msgs/eufs_msgs/msg/cpu_usage.hpp
[23.442s] -- Symlinking: /home/alr/Desktop/new_perception/new_eufs_ws/install/eufs_msgs/include/eufs_msgs/eufs_msgs/msg/detail/bounding_box__builder.hpp
[23.448s] -- Symlinking: /home/alr/Desktop/new_perception/new_eufs_ws/install/eufs_msgs/include/eufs_msgs/eufs_msgs/msg/detail/bounding_box__struct.hpp
[23.456s] -- Symlinking: /home/alr/Desktop/new_perception/new_eufs_ws/install/eufs_msgs/include/eufs_msgs/eufs_msgs/msg/detail/bounding_box__traits.hpp
[23.466s] -- Symlinking: /home/alr/Desktop/new_perception/new_eufs_ws/install/eufs_msgs/include/eufs_msgs/eufs_msgs/msg/detail/bounding_box__type_support.hpp
[23.475s] -- Symlinking: /home/alr/Desktop/new_perception/new_eufs_ws/install/eufs_msgs/include/eufs_msgs/eufs_msgs/msg/detail/bounding_boxes__builder.hpp
[23.480s] -- Symlinking: /home/alr/Desktop/new_perception/new_eufs_ws/install/eufs_msgs/include/eufs_msgs/eufs_msgs/msg/detail/bounding_boxes__struct.hpp
[23.485s] -- Symlinking: /home/alr/Desktop/new_perception/new_eufs_ws/install/eufs_msgs/include/eufs_msgs/eufs_msgs/msg/detail/bounding_boxes__traits.hpp
[23.494s] -- Symlinking: /home/alr/Desktop/new_perception/new_eufs_ws/install/eufs_msgs/include/eufs_msgs/eufs_msgs/msg/detail/bounding_boxes__type_support.hpp
[23.499s] -- Symlinking: /home/alr/Desktop/new_perception/new_eufs_ws/install/eufs_msgs/include/eufs_msgs/eufs_msgs/msg/detail/can_state__builder.hpp
[23.509s] -- Symlinking: /home/alr/Desktop/new_perception/new_eufs_ws/install/eufs_msgs/include/eufs_msgs/eufs_msgs/msg/detail/can_state__struct.hpp
[23.518s] -- Symlinking: /home/alr/Desktop/new_perception/new_eufs_ws/install/eufs_msgs/include/eufs_msgs/eufs_msgs/msg/detail/can_state__traits.hpp
[23.528s] -- Symlinking: /home/alr/Desktop/new_perception/new_eufs_ws/install/eufs_msgs/include/eufs_msgs/eufs_msgs/msg/detail/can_state__type_support.hpp
[23.537s] -- Symlinking: /home/alr/Desktop/new_perception/new_eufs_ws/install/eufs_msgs/include/eufs_msgs/eufs_msgs/msg/detail/car_forces__builder.hpp
[23.547s] -- Symlinking: /home/alr/Desktop/new_perception/new_eufs_ws/install/eufs_msgs/include/eufs_msgs/eufs_msgs/msg/detail/car_forces__struct.hpp
[23.557s] -- Symlinking: /home/alr/Desktop/new_perception/new_eufs_ws/install/eufs_msgs/include/eufs_msgs/eufs_msgs/msg/detail/car_forces__traits.hpp
[23.566s] -- Symlinking: /home/alr/Desktop/new_perception/new_eufs_ws/install/eufs_msgs/include/eufs_msgs/eufs_msgs/msg/detail/car_forces__type_support.hpp
[23.576s] -- Symlinking: /home/alr/Desktop/new_perception/new_eufs_ws/install/eufs_msgs/include/eufs_msgs/eufs_msgs/msg/detail/car_state__builder.hpp
[23.586s] -- Symlinking: /home/alr/Desktop/new_perception/new_eufs_ws/install/eufs_msgs/include/eufs_msgs/eufs_msgs/msg/detail/car_state__struct.hpp
[23.596s] -- Symlinking: /home/alr/Desktop/new_perception/new_eufs_ws/install/eufs_msgs/include/eufs_msgs/eufs_msgs/msg/detail/car_state__traits.hpp
[23.606s] -- Symlinking: /home/alr/Desktop/new_perception/new_eufs_ws/install/eufs_msgs/include/eufs_msgs/eufs_msgs/msg/detail/car_state__type_support.hpp
[23.616s] -- Symlinking: /home/alr/Desktop/new_perception/new_eufs_ws/install/eufs_msgs/include/eufs_msgs/eufs_msgs/msg/detail/chassis_command__builder.hpp
[23.626s] -- Symlinking: /home/alr/Desktop/new_perception/new_eufs_ws/install/eufs_msgs/include/eufs_msgs/eufs_msgs/msg/detail/chassis_command__struct.hpp
[23.636s] -- Symlinking: /home/alr/Desktop/new_perception/new_eufs_ws/install/eufs_msgs/include/eufs_msgs/eufs_msgs/msg/detail/chassis_command__traits.hpp
[23.645s] -- Symlinking: /home/alr/Desktop/new_perception/new_eufs_ws/install/eufs_msgs/include/eufs_msgs/eufs_msgs/msg/detail/chassis_command__type_support.hpp
[23.655s] -- Symlinking: /home/alr/Desktop/new_perception/new_eufs_ws/install/eufs_msgs/include/eufs_msgs/eufs_msgs/msg/detail/chassis_state__builder.hpp
[23.665s] -- Symlinking: /home/alr/Desktop/new_perception/new_eufs_ws/install/eufs_msgs/include/eufs_msgs/eufs_msgs/msg/detail/chassis_state__struct.hpp
[23.675s] -- Symlinking: /home/alr/Desktop/new_perception/new_eufs_ws/install/eufs_msgs/include/eufs_msgs/eufs_msgs/msg/detail/chassis_state__traits.hpp
[23.685s] -- Symlinking: /home/alr/Desktop/new_perception/new_eufs_ws/install/eufs_msgs/include/eufs_msgs/eufs_msgs/msg/detail/chassis_state__type_support.hpp
[23.696s] -- Symlinking: /home/alr/Desktop/new_perception/new_eufs_ws/install/eufs_msgs/include/eufs_msgs/eufs_msgs/msg/detail/cone_array__builder.hpp
[23.702s] -- Symlinking: /home/alr/Desktop/new_perception/new_eufs_ws/install/eufs_msgs/include/eufs_msgs/eufs_msgs/msg/detail/cone_array__struct.hpp
[23.709s] -- Symlinking: /home/alr/Desktop/new_perception/new_eufs_ws/install/eufs_msgs/include/eufs_msgs/eufs_msgs/msg/detail/cone_array__traits.hpp
[23.717s] -- Symlinking: /home/alr/Desktop/new_perception/new_eufs_ws/install/eufs_msgs/include/eufs_msgs/eufs_msgs/msg/detail/cone_array__type_support.hpp
[23.727s] -- Symlinking: /home/alr/Desktop/new_perception/new_eufs_ws/install/eufs_msgs/include/eufs_msgs/eufs_msgs/msg/detail/cone_array_with_covariance__builder.hpp
[23.736s] -- Symlinking: /home/alr/Desktop/new_perception/new_eufs_ws/install/eufs_msgs/include/eufs_msgs/eufs_msgs/msg/detail/cone_array_with_covariance__struct.hpp
[23.746s] -- Symlinking: /home/alr/Desktop/new_perception/new_eufs_ws/install/eufs_msgs/include/eufs_msgs/eufs_msgs/msg/detail/cone_array_with_covariance__traits.hpp
[23.755s] -- Symlinking: /home/alr/Desktop/new_perception/new_eufs_ws/install/eufs_msgs/include/eufs_msgs/eufs_msgs/msg/detail/cone_array_with_covariance__type_support.hpp
[23.765s] -- Symlinking: /home/alr/Desktop/new_perception/new_eufs_ws/install/eufs_msgs/include/eufs_msgs/eufs_msgs/msg/detail/cone_association__builder.hpp
[23.775s] -- Symlinking: /home/alr/Desktop/new_perception/new_eufs_ws/install/eufs_msgs/include/eufs_msgs/eufs_msgs/msg/detail/cone_association__struct.hpp
[23.785s] -- Symlinking: /home/alr/Desktop/new_perception/new_eufs_ws/install/eufs_msgs/include/eufs_msgs/eufs_msgs/msg/detail/cone_association__traits.hpp
[23.795s] -- Symlinking: /home/alr/Desktop/new_perception/new_eufs_ws/install/eufs_msgs/include/eufs_msgs/eufs_msgs/msg/detail/cone_association__type_support.hpp
[23.805s] -- Symlinking: /home/alr/Desktop/new_perception/new_eufs_ws/install/eufs_msgs/include/eufs_msgs/eufs_msgs/msg/detail/cone_association_array__builder.hpp
[23.815s] -- Symlinking: /home/alr/Desktop/new_perception/new_eufs_ws/install/eufs_msgs/include/eufs_msgs/eufs_msgs/msg/detail/cone_association_array__struct.hpp
[23.823s] -- Symlinking: /home/alr/Desktop/new_perception/new_eufs_ws/install/eufs_msgs/include/eufs_msgs/eufs_msgs/msg/detail/cone_association_array__traits.hpp
[23.834s] -- Symlinking: /home/alr/Desktop/new_perception/new_eufs_ws/install/eufs_msgs/include/eufs_msgs/eufs_msgs/msg/detail/cone_association_array__type_support.hpp
[23.844s] -- Symlinking: /home/alr/Desktop/new_perception/new_eufs_ws/install/eufs_msgs/include/eufs_msgs/eufs_msgs/msg/detail/cone_association_array_array_stamped__builder.hpp
[23.854s] -- Symlinking: /home/alr/Desktop/new_perception/new_eufs_ws/install/eufs_msgs/include/eufs_msgs/eufs_msgs/msg/detail/cone_association_array_array_stamped__struct.hpp
[23.864s] -- Symlinking: /home/alr/Desktop/new_perception/new_eufs_ws/install/eufs_msgs/include/eufs_msgs/eufs_msgs/msg/detail/cone_association_array_array_stamped__traits.hpp
[23.872s] -- Symlinking: /home/alr/Desktop/new_perception/new_eufs_ws/install/eufs_msgs/include/eufs_msgs/eufs_msgs/msg/detail/cone_association_array_array_stamped__type_support.hpp
[23.880s] -- Symlinking: /home/alr/Desktop/new_perception/new_eufs_ws/install/eufs_msgs/include/eufs_msgs/eufs_msgs/msg/detail/cone_association_array_stamped__builder.hpp
[23.889s] -- Symlinking: /home/alr/Desktop/new_perception/new_eufs_ws/install/eufs_msgs/include/eufs_msgs/eufs_msgs/msg/detail/cone_association_array_stamped__struct.hpp
[23.900s] -- Symlinking: /home/alr/Desktop/new_perception/new_eufs_ws/install/eufs_msgs/include/eufs_msgs/eufs_msgs/msg/detail/cone_association_array_stamped__traits.hpp
[23.905s] -- Symlinking: /home/alr/Desktop/new_perception/new_eufs_ws/install/eufs_msgs/include/eufs_msgs/eufs_msgs/msg/detail/cone_association_array_stamped__type_support.hpp
[23.912s] -- Symlinking: /home/alr/Desktop/new_perception/new_eufs_ws/install/eufs_msgs/include/eufs_msgs/eufs_msgs/msg/detail/cone_with_color_probability__builder.hpp
[23.920s] -- Symlinking: /home/alr/Desktop/new_perception/new_eufs_ws/install/eufs_msgs/include/eufs_msgs/eufs_msgs/msg/detail/cone_with_color_probability__struct.hpp
[23.925s] -- Symlinking: /home/alr/Desktop/new_perception/new_eufs_ws/install/eufs_msgs/include/eufs_msgs/eufs_msgs/msg/detail/cone_with_color_probability__traits.hpp
[23.930s] -- Symlinking: /home/alr/Desktop/new_perception/new_eufs_ws/install/eufs_msgs/include/eufs_msgs/eufs_msgs/msg/detail/cone_with_color_probability__type_support.hpp
[23.936s] -- Symlinking: /home/alr/Desktop/new_perception/new_eufs_ws/install/eufs_msgs/include/eufs_msgs/eufs_msgs/msg/detail/cone_with_color_probability_array__builder.hpp
[23.942s] -- Symlinking: /home/alr/Desktop/new_perception/new_eufs_ws/install/eufs_msgs/include/eufs_msgs/eufs_msgs/msg/detail/cone_with_color_probability_array__struct.hpp
[23.948s] -- Symlinking: /home/alr/Desktop/new_perception/new_eufs_ws/install/eufs_msgs/include/eufs_msgs/eufs_msgs/msg/detail/cone_with_color_probability_array__traits.hpp
[23.956s] -- Symlinking: /home/alr/Desktop/new_perception/new_eufs_ws/install/eufs_msgs/include/eufs_msgs/eufs_msgs/msg/detail/cone_with_color_probability_array__type_support.hpp
[23.966s] -- Symlinking: /home/alr/Desktop/new_perception/new_eufs_ws/install/eufs_msgs/include/eufs_msgs/eufs_msgs/msg/detail/cone_with_covariance__builder.hpp
[23.975s] -- Symlinking: /home/alr/Desktop/new_perception/new_eufs_ws/install/eufs_msgs/include/eufs_msgs/eufs_msgs/msg/detail/cone_with_covariance__struct.hpp
[23.984s] -- Symlinking: /home/alr/Desktop/new_perception/new_eufs_ws/install/eufs_msgs/include/eufs_msgs/eufs_msgs/msg/detail/cone_with_covariance__traits.hpp
[23.994s] -- Symlinking: /home/alr/Desktop/new_perception/new_eufs_ws/install/eufs_msgs/include/eufs_msgs/eufs_msgs/msg/detail/cone_with_covariance__type_support.hpp
[24.004s] -- Symlinking: /home/alr/Desktop/new_perception/new_eufs_ws/install/eufs_msgs/include/eufs_msgs/eufs_msgs/msg/detail/costmap__builder.hpp
[24.013s] -- Symlinking: /home/alr/Desktop/new_perception/new_eufs_ws/install/eufs_msgs/include/eufs_msgs/eufs_msgs/msg/detail/costmap__struct.hpp
[24.022s] -- Symlinking: /home/alr/Desktop/new_perception/new_eufs_ws/install/eufs_msgs/include/eufs_msgs/eufs_msgs/msg/detail/costmap__traits.hpp
[24.031s] -- Symlinking: /home/alr/Desktop/new_perception/new_eufs_ws/install/eufs_msgs/include/eufs_msgs/eufs_msgs/msg/detail/costmap__type_support.hpp
[24.040s] -- Symlinking: /home/alr/Desktop/new_perception/new_eufs_ws/install/eufs_msgs/include/eufs_msgs/eufs_msgs/msg/detail/cpu_status__builder.hpp
[24.049s] -- Symlinking: /home/alr/Desktop/new_perception/new_eufs_ws/install/eufs_msgs/include/eufs_msgs/eufs_msgs/msg/detail/cpu_status__struct.hpp
[24.059s] -- Symlinking: /home/alr/Desktop/new_perception/new_eufs_ws/install/eufs_msgs/include/eufs_msgs/eufs_msgs/msg/detail/cpu_status__traits.hpp
[24.069s] -- Symlinking: /home/alr/Desktop/new_perception/new_eufs_ws/install/eufs_msgs/include/eufs_msgs/eufs_msgs/msg/detail/cpu_status__type_support.hpp
[24.080s] -- Symlinking: /home/alr/Desktop/new_perception/new_eufs_ws/install/eufs_msgs/include/eufs_msgs/eufs_msgs/msg/detail/cpu_usage__builder.hpp
[24.091s] -- Symlinking: /home/alr/Desktop/new_perception/new_eufs_ws/install/eufs_msgs/include/eufs_msgs/eufs_msgs/msg/detail/cpu_usage__struct.hpp
[24.104s] -- Symlinking: /home/alr/Desktop/new_perception/new_eufs_ws/install/eufs_msgs/include/eufs_msgs/eufs_msgs/msg/detail/cpu_usage__traits.hpp
[24.112s] -- Symlinking: /home/alr/Desktop/new_perception/new_eufs_ws/install/eufs_msgs/include/eufs_msgs/eufs_msgs/msg/detail/cpu_usage__type_support.hpp
[24.122s] -- Symlinking: /home/alr/Desktop/new_perception/new_eufs_ws/install/eufs_msgs/include/eufs_msgs/eufs_msgs/msg/detail/ekf_err__builder.hpp
[24.129s] -- Symlinking: /home/alr/Desktop/new_perception/new_eufs_ws/install/eufs_msgs/include/eufs_msgs/eufs_msgs/msg/detail/ekf_err__struct.hpp
[24.135s] -- Symlinking: /home/alr/Desktop/new_perception/new_eufs_ws/install/eufs_msgs/include/eufs_msgs/eufs_msgs/msg/detail/ekf_err__traits.hpp
[24.142s] -- Symlinking: /home/alr/Desktop/new_perception/new_eufs_ws/install/eufs_msgs/include/eufs_msgs/eufs_msgs/msg/detail/ekf_err__type_support.hpp
[24.146s] -- Symlinking: /home/alr/Desktop/new_perception/new_eufs_ws/install/eufs_msgs/include/eufs_msgs/eufs_msgs/msg/detail/ekf_state__builder.hpp
[24.151s] -- Symlinking: /home/alr/Desktop/new_perception/new_eufs_ws/install/eufs_msgs/include/eufs_msgs/eufs_msgs/msg/detail/ekf_state__struct.hpp
[24.158s] -- Symlinking: /home/alr/Desktop/new_perception/new_eufs_ws/install/eufs_msgs/include/eufs_msgs/eufs_msgs/msg/detail/ekf_state__traits.hpp
[24.166s] -- Symlinking: /home/alr/Desktop/new_perception/new_eufs_ws/install/eufs_msgs/include/eufs_msgs/eufs_msgs/msg/detail/ekf_state__type_support.hpp
[24.173s] -- Symlinking: /home/alr/Desktop/new_perception/new_eufs_ws/install/eufs_msgs/include/eufs_msgs/eufs_msgs/msg/detail/full_state__builder.hpp
[24.182s] -- Symlinking: /home/alr/Desktop/new_perception/new_eufs_ws/install/eufs_msgs/include/eufs_msgs/eufs_msgs/msg/detail/full_state__struct.hpp
[24.189s] -- Symlinking: /home/alr/Desktop/new_perception/new_eufs_ws/install/eufs_msgs/include/eufs_msgs/eufs_msgs/msg/detail/full_state__traits.hpp
[24.193s] -- Symlinking: /home/alr/Desktop/new_perception/new_eufs_ws/install/eufs_msgs/include/eufs_msgs/eufs_msgs/msg/detail/full_state__type_support.hpp
[24.200s] -- Symlinking: /home/alr/Desktop/new_perception/new_eufs_ws/install/eufs_msgs/include/eufs_msgs/eufs_msgs/msg/detail/heartbeat__builder.hpp
[24.207s] -- Symlinking: /home/alr/Desktop/new_perception/new_eufs_ws/install/eufs_msgs/include/eufs_msgs/eufs_msgs/msg/detail/heartbeat__struct.hpp
[24.213s] -- Symlinking: /home/alr/Desktop/new_perception/new_eufs_ws/install/eufs_msgs/include/eufs_msgs/eufs_msgs/msg/detail/heartbeat__traits.hpp
[24.218s] -- Symlinking: /home/alr/Desktop/new_perception/new_eufs_ws/install/eufs_msgs/include/eufs_msgs/eufs_msgs/msg/detail/heartbeat__type_support.hpp
[24.225s] -- Symlinking: /home/alr/Desktop/new_perception/new_eufs_ws/install/eufs_msgs/include/eufs_msgs/eufs_msgs/msg/detail/integration_err__builder.hpp
[24.230s] -- Symlinking: /home/alr/Desktop/new_perception/new_eufs_ws/install/eufs_msgs/include/eufs_msgs/eufs_msgs/msg/detail/integration_err__struct.hpp
[24.235s] -- Symlinking: /home/alr/Desktop/new_perception/new_eufs_ws/install/eufs_msgs/include/eufs_msgs/eufs_msgs/msg/detail/integration_err__traits.hpp
[24.241s] -- Symlinking: /home/alr/Desktop/new_perception/new_eufs_ws/install/eufs_msgs/include/eufs_msgs/eufs_msgs/msg/detail/integration_err__type_support.hpp
[24.246s] -- Symlinking: /home/alr/Desktop/new_perception/new_eufs_ws/install/eufs_msgs/include/eufs_msgs/eufs_msgs/msg/detail/lap_stats__builder.hpp
[24.251s] -- Symlinking: /home/alr/Desktop/new_perception/new_eufs_ws/install/eufs_msgs/include/eufs_msgs/eufs_msgs/msg/detail/lap_stats__struct.hpp
[24.256s] -- Symlinking: /home/alr/Desktop/new_perception/new_eufs_ws/install/eufs_msgs/include/eufs_msgs/eufs_msgs/msg/detail/lap_stats__traits.hpp
[24.262s] -- Symlinking: /home/alr/Desktop/new_perception/new_eufs_ws/install/eufs_msgs/include/eufs_msgs/eufs_msgs/msg/detail/lap_stats__type_support.hpp
[24.271s] -- Symlinking: /home/alr/Desktop/new_perception/new_eufs_ws/install/eufs_msgs/include/eufs_msgs/eufs_msgs/msg/detail/mpc_state__builder.hpp
[24.276s] -- Symlinking: /home/alr/Desktop/new_perception/new_eufs_ws/install/eufs_msgs/include/eufs_msgs/eufs_msgs/msg/detail/mpc_state__struct.hpp
[24.283s] -- Symlinking: /home/alr/Desktop/new_perception/new_eufs_ws/install/eufs_msgs/include/eufs_msgs/eufs_msgs/msg/detail/mpc_state__traits.hpp
[24.289s] -- Symlinking: /home/alr/Desktop/new_perception/new_eufs_ws/install/eufs_msgs/include/eufs_msgs/eufs_msgs/msg/detail/mpc_state__type_support.hpp
[24.294s] -- Symlinking: /home/alr/Desktop/new_perception/new_eufs_ws/install/eufs_msgs/include/eufs_msgs/eufs_msgs/msg/detail/node_state__builder.hpp
[24.301s] -- Symlinking: /home/alr/Desktop/new_perception/new_eufs_ws/install/eufs_msgs/include/eufs_msgs/eufs_msgs/msg/detail/node_state__struct.hpp
[24.306s] -- Symlinking: /home/alr/Desktop/new_perception/new_eufs_ws/install/eufs_msgs/include/eufs_msgs/eufs_msgs/msg/detail/node_state__traits.hpp
[24.311s] -- Symlinking: /home/alr/Desktop/new_perception/new_eufs_ws/install/eufs_msgs/include/eufs_msgs/eufs_msgs/msg/detail/node_state__type_support.hpp
[24.316s] -- Symlinking: /home/alr/Desktop/new_perception/new_eufs_ws/install/eufs_msgs/include/eufs_msgs/eufs_msgs/msg/detail/node_state_array__builder.hpp
[24.323s] -- Symlinking: /home/alr/Desktop/new_perception/new_eufs_ws/install/eufs_msgs/include/eufs_msgs/eufs_msgs/msg/detail/node_state_array__struct.hpp
[24.329s] -- Symlinking: /home/alr/Desktop/new_perception/new_eufs_ws/install/eufs_msgs/include/eufs_msgs/eufs_msgs/msg/detail/node_state_array__traits.hpp
[24.335s] -- Symlinking: /home/alr/Desktop/new_perception/new_eufs_ws/install/eufs_msgs/include/eufs_msgs/eufs_msgs/msg/detail/node_state_array__type_support.hpp
[24.339s] -- Symlinking: /home/alr/Desktop/new_perception/new_eufs_ws/install/eufs_msgs/include/eufs_msgs/eufs_msgs/msg/detail/oss__builder.hpp
[24.345s] -- Symlinking: /home/alr/Desktop/new_perception/new_eufs_ws/install/eufs_msgs/include/eufs_msgs/eufs_msgs/msg/detail/oss__struct.hpp
[24.351s] -- Symlinking: /home/alr/Desktop/new_perception/new_eufs_ws/install/eufs_msgs/include/eufs_msgs/eufs_msgs/msg/detail/oss__traits.hpp
[24.356s] -- Symlinking: /home/alr/Desktop/new_perception/new_eufs_ws/install/eufs_msgs/include/eufs_msgs/eufs_msgs/msg/detail/oss__type_support.hpp
[24.364s] -- Symlinking: /home/alr/Desktop/new_perception/new_eufs_ws/install/eufs_msgs/include/eufs_msgs/eufs_msgs/msg/detail/particle__builder.hpp
[24.370s] -- Symlinking: /home/alr/Desktop/new_perception/new_eufs_ws/install/eufs_msgs/include/eufs_msgs/eufs_msgs/msg/detail/particle__struct.hpp
[24.375s] -- Symlinking: /home/alr/Desktop/new_perception/new_eufs_ws/install/eufs_msgs/include/eufs_msgs/eufs_msgs/msg/detail/particle__traits.hpp
[24.380s] -- Symlinking: /home/alr/Desktop/new_perception/new_eufs_ws/install/eufs_msgs/include/eufs_msgs/eufs_msgs/msg/detail/particle__type_support.hpp
[24.386s] -- Symlinking: /home/alr/Desktop/new_perception/new_eufs_ws/install/eufs_msgs/include/eufs_msgs/eufs_msgs/msg/detail/particle_slam__builder.hpp
[24.391s] -- Symlinking: /home/alr/Desktop/new_perception/new_eufs_ws/install/eufs_msgs/include/eufs_msgs/eufs_msgs/msg/detail/particle_slam__struct.hpp
[24.397s] -- Symlinking: /home/alr/Desktop/new_perception/new_eufs_ws/install/eufs_msgs/include/eufs_msgs/eufs_msgs/msg/detail/particle_slam__traits.hpp
[24.405s] -- Symlinking: /home/alr/Desktop/new_perception/new_eufs_ws/install/eufs_msgs/include/eufs_msgs/eufs_msgs/msg/detail/particle_slam__type_support.hpp
[24.412s] -- Symlinking: /home/alr/Desktop/new_perception/new_eufs_ws/install/eufs_msgs/include/eufs_msgs/eufs_msgs/msg/detail/particle_slam_stamped__builder.hpp
[24.420s] -- Symlinking: /home/alr/Desktop/new_perception/new_eufs_ws/install/eufs_msgs/include/eufs_msgs/eufs_msgs/msg/detail/particle_slam_stamped__struct.hpp
[24.428s] -- Symlinking: /home/alr/Desktop/new_perception/new_eufs_ws/install/eufs_msgs/include/eufs_msgs/eufs_msgs/msg/detail/particle_slam_stamped__traits.hpp
[24.436s] -- Symlinking: /home/alr/Desktop/new_perception/new_eufs_ws/install/eufs_msgs/include/eufs_msgs/eufs_msgs/msg/detail/particle_slam_stamped__type_support.hpp
[24.444s] -- Symlinking: /home/alr/Desktop/new_perception/new_eufs_ws/install/eufs_msgs/include/eufs_msgs/eufs_msgs/msg/detail/particle_stamped__builder.hpp
[24.454s] -- Symlinking: /home/alr/Desktop/new_perception/new_eufs_ws/install/eufs_msgs/include/eufs_msgs/eufs_msgs/msg/detail/particle_stamped__struct.hpp
[24.461s] -- Symlinking: /home/alr/Desktop/new_perception/new_eufs_ws/install/eufs_msgs/include/eufs_msgs/eufs_msgs/msg/detail/particle_stamped__traits.hpp
[24.469s] -- Symlinking: /home/alr/Desktop/new_perception/new_eufs_ws/install/eufs_msgs/include/eufs_msgs/eufs_msgs/msg/detail/particle_stamped__type_support.hpp
[24.477s] -- Symlinking: /home/alr/Desktop/new_perception/new_eufs_ws/install/eufs_msgs/include/eufs_msgs/eufs_msgs/msg/detail/path_integral_params__builder.hpp
[24.486s] -- Symlinking: /home/alr/Desktop/new_perception/new_eufs_ws/install/eufs_msgs/include/eufs_msgs/eufs_msgs/msg/detail/path_integral_params__struct.hpp
[24.495s] -- Symlinking: /home/alr/Desktop/new_perception/new_eufs_ws/install/eufs_msgs/include/eufs_msgs/eufs_msgs/msg/detail/path_integral_params__traits.hpp
[24.504s] -- Symlinking: /home/alr/Desktop/new_perception/new_eufs_ws/install/eufs_msgs/include/eufs_msgs/eufs_msgs/msg/detail/path_integral_params__type_support.hpp
[24.508s] -- Symlinking: /home/alr/Desktop/new_perception/new_eufs_ws/install/eufs_msgs/include/eufs_msgs/eufs_msgs/msg/detail/path_integral_stats__builder.hpp
[24.514s] -- Symlinking: /home/alr/Desktop/new_perception/new_eufs_ws/install/eufs_msgs/include/eufs_msgs/eufs_msgs/msg/detail/path_integral_stats__struct.hpp
[24.520s] -- Symlinking: /home/alr/Desktop/new_perception/new_eufs_ws/install/eufs_msgs/include/eufs_msgs/eufs_msgs/msg/detail/path_integral_stats__traits.hpp
[24.526s] -- Symlinking: /home/alr/Desktop/new_perception/new_eufs_ws/install/eufs_msgs/include/eufs_msgs/eufs_msgs/msg/detail/path_integral_stats__type_support.hpp
[24.534s] -- Symlinking: /home/alr/Desktop/new_perception/new_eufs_ws/install/eufs_msgs/include/eufs_msgs/eufs_msgs/msg/detail/path_integral_status__builder.hpp
[24.541s] -- Symlinking: /home/alr/Desktop/new_perception/new_eufs_ws/install/eufs_msgs/include/eufs_msgs/eufs_msgs/msg/detail/path_integral_status__struct.hpp
[24.552s] -- Symlinking: /home/alr/Desktop/new_perception/new_eufs_ws/install/eufs_msgs/include/eufs_msgs/eufs_msgs/msg/detail/path_integral_status__traits.hpp
[24.561s] -- Symlinking: /home/alr/Desktop/new_perception/new_eufs_ws/install/eufs_msgs/include/eufs_msgs/eufs_msgs/msg/detail/path_integral_status__type_support.hpp
[24.571s] -- Symlinking: /home/alr/Desktop/new_perception/new_eufs_ws/install/eufs_msgs/include/eufs_msgs/eufs_msgs/msg/detail/path_integral_timing__builder.hpp
[24.581s] -- Symlinking: /home/alr/Desktop/new_perception/new_eufs_ws/install/eufs_msgs/include/eufs_msgs/eufs_msgs/msg/detail/path_integral_timing__struct.hpp
[24.590s] -- Symlinking: /home/alr/Desktop/new_perception/new_eufs_ws/install/eufs_msgs/include/eufs_msgs/eufs_msgs/msg/detail/path_integral_timing__traits.hpp
[24.599s] -- Symlinking: /home/alr/Desktop/new_perception/new_eufs_ws/install/eufs_msgs/include/eufs_msgs/eufs_msgs/msg/detail/path_integral_timing__type_support.hpp
[24.610s] -- Symlinking: /home/alr/Desktop/new_perception/new_eufs_ws/install/eufs_msgs/include/eufs_msgs/eufs_msgs/msg/detail/planning_mode__builder.hpp
[24.619s] -- Symlinking: /home/alr/Desktop/new_perception/new_eufs_ws/install/eufs_msgs/include/eufs_msgs/eufs_msgs/msg/detail/planning_mode__struct.hpp
[24.628s] -- Symlinking: /home/alr/Desktop/new_perception/new_eufs_ws/install/eufs_msgs/include/eufs_msgs/eufs_msgs/msg/detail/planning_mode__traits.hpp
[24.638s] -- Symlinking: /home/alr/Desktop/new_perception/new_eufs_ws/install/eufs_msgs/include/eufs_msgs/eufs_msgs/msg/detail/planning_mode__type_support.hpp
[24.648s] -- Symlinking: /home/alr/Desktop/new_perception/new_eufs_ws/install/eufs_msgs/include/eufs_msgs/eufs_msgs/msg/detail/point_array__builder.hpp
[24.655s] -- Symlinking: /home/alr/Desktop/new_perception/new_eufs_ws/install/eufs_msgs/include/eufs_msgs/eufs_msgs/msg/detail/point_array__struct.hpp
[24.663s] -- Symlinking: /home/alr/Desktop/new_perception/new_eufs_ws/install/eufs_msgs/include/eufs_msgs/eufs_msgs/msg/detail/point_array__traits.hpp
[24.672s] -- Symlinking: /home/alr/Desktop/new_perception/new_eufs_ws/install/eufs_msgs/include/eufs_msgs/eufs_msgs/msg/detail/point_array__type_support.hpp
[24.681s] -- Symlinking: /home/alr/Desktop/new_perception/new_eufs_ws/install/eufs_msgs/include/eufs_msgs/eufs_msgs/msg/detail/point_array_stamped__builder.hpp
[24.691s] -- Symlinking: /home/alr/Desktop/new_perception/new_eufs_ws/install/eufs_msgs/include/eufs_msgs/eufs_msgs/msg/detail/point_array_stamped__struct.hpp
[24.700s] -- Symlinking: /home/alr/Desktop/new_perception/new_eufs_ws/install/eufs_msgs/include/eufs_msgs/eufs_msgs/msg/detail/point_array_stamped__traits.hpp
[24.710s] -- Symlinking: /home/alr/Desktop/new_perception/new_eufs_ws/install/eufs_msgs/include/eufs_msgs/eufs_msgs/msg/detail/point_array_stamped__type_support.hpp
[24.720s] -- Symlinking: /home/alr/Desktop/new_perception/new_eufs_ws/install/eufs_msgs/include/eufs_msgs/eufs_msgs/msg/detail/pure_pursuit_checkpoint__builder.hpp
[24.728s] -- Symlinking: /home/alr/Desktop/new_perception/new_eufs_ws/install/eufs_msgs/include/eufs_msgs/eufs_msgs/msg/detail/pure_pursuit_checkpoint__struct.hpp
[24.738s] -- Symlinking: /home/alr/Desktop/new_perception/new_eufs_ws/install/eufs_msgs/include/eufs_msgs/eufs_msgs/msg/detail/pure_pursuit_checkpoint__traits.hpp
[24.748s] -- Symlinking: /home/alr/Desktop/new_perception/new_eufs_ws/install/eufs_msgs/include/eufs_msgs/eufs_msgs/msg/detail/pure_pursuit_checkpoint__type_support.hpp
[24.759s] -- Symlinking: /home/alr/Desktop/new_perception/new_eufs_ws/install/eufs_msgs/include/eufs_msgs/eufs_msgs/msg/detail/pure_pursuit_checkpoint_array_stamped__builder.hpp
[24.768s] -- Symlinking: /home/alr/Desktop/new_perception/new_eufs_ws/install/eufs_msgs/include/eufs_msgs/eufs_msgs/msg/detail/pure_pursuit_checkpoint_array_stamped__struct.hpp
[24.779s] -- Symlinking: /home/alr/Desktop/new_perception/new_eufs_ws/install/eufs_msgs/include/eufs_msgs/eufs_msgs/msg/detail/pure_pursuit_checkpoint_array_stamped__traits.hpp
[24.789s] -- Symlinking: /home/alr/Desktop/new_perception/new_eufs_ws/install/eufs_msgs/include/eufs_msgs/eufs_msgs/msg/detail/pure_pursuit_checkpoint_array_stamped__type_support.hpp
[24.799s] -- Symlinking: /home/alr/Desktop/new_perception/new_eufs_ws/install/eufs_msgs/include/eufs_msgs/eufs_msgs/msg/detail/runstop__builder.hpp
[24.809s] -- Symlinking: /home/alr/Desktop/new_perception/new_eufs_ws/install/eufs_msgs/include/eufs_msgs/eufs_msgs/msg/detail/runstop__struct.hpp
[24.819s] -- Symlinking: /home/alr/Desktop/new_perception/new_eufs_ws/install/eufs_msgs/include/eufs_msgs/eufs_msgs/msg/detail/runstop__traits.hpp
[24.829s] -- Symlinking: /home/alr/Desktop/new_perception/new_eufs_ws/install/eufs_msgs/include/eufs_msgs/eufs_msgs/msg/detail/runstop__type_support.hpp
[24.840s] -- Symlinking: /home/alr/Desktop/new_perception/new_eufs_ws/install/eufs_msgs/include/eufs_msgs/eufs_msgs/msg/detail/slam_err__builder.hpp
[24.850s] -- Symlinking: /home/alr/Desktop/new_perception/new_eufs_ws/install/eufs_msgs/include/eufs_msgs/eufs_msgs/msg/detail/slam_err__struct.hpp
[24.860s] -- Symlinking: /home/alr/Desktop/new_perception/new_eufs_ws/install/eufs_msgs/include/eufs_msgs/eufs_msgs/msg/detail/slam_err__traits.hpp
[24.870s] -- Symlinking: /home/alr/Desktop/new_perception/new_eufs_ws/install/eufs_msgs/include/eufs_msgs/eufs_msgs/msg/detail/slam_err__type_support.hpp
[24.879s] -- Symlinking: /home/alr/Desktop/new_perception/new_eufs_ws/install/eufs_msgs/include/eufs_msgs/eufs_msgs/msg/detail/slam_state__builder.hpp
[24.889s] -- Symlinking: /home/alr/Desktop/new_perception/new_eufs_ws/install/eufs_msgs/include/eufs_msgs/eufs_msgs/msg/detail/slam_state__struct.hpp
[24.899s] -- Symlinking: /home/alr/Desktop/new_perception/new_eufs_ws/install/eufs_msgs/include/eufs_msgs/eufs_msgs/msg/detail/slam_state__traits.hpp
[24.909s] -- Symlinking: /home/alr/Desktop/new_perception/new_eufs_ws/install/eufs_msgs/include/eufs_msgs/eufs_msgs/msg/detail/slam_state__type_support.hpp
[24.918s] -- Symlinking: /home/alr/Desktop/new_perception/new_eufs_ws/install/eufs_msgs/include/eufs_msgs/eufs_msgs/msg/detail/state_machine_state__builder.hpp
[24.926s] -- Symlinking: /home/alr/Desktop/new_perception/new_eufs_ws/install/eufs_msgs/include/eufs_msgs/eufs_msgs/msg/detail/state_machine_state__struct.hpp
[24.936s] -- Symlinking: /home/alr/Desktop/new_perception/new_eufs_ws/install/eufs_msgs/include/eufs_msgs/eufs_msgs/msg/detail/state_machine_state__traits.hpp
[24.945s] -- Symlinking: /home/alr/Desktop/new_perception/new_eufs_ws/install/eufs_msgs/include/eufs_msgs/eufs_msgs/msg/detail/state_machine_state__type_support.hpp
[24.955s] -- Symlinking: /home/alr/Desktop/new_perception/new_eufs_ws/install/eufs_msgs/include/eufs_msgs/eufs_msgs/msg/detail/stereo_image__builder.hpp
[24.964s] -- Symlinking: /home/alr/Desktop/new_perception/new_eufs_ws/install/eufs_msgs/include/eufs_msgs/eufs_msgs/msg/detail/stereo_image__struct.hpp
[24.974s] -- Symlinking: /home/alr/Desktop/new_perception/new_eufs_ws/install/eufs_msgs/include/eufs_msgs/eufs_msgs/msg/detail/stereo_image__traits.hpp
[24.984s] -- Symlinking: /home/alr/Desktop/new_perception/new_eufs_ws/install/eufs_msgs/include/eufs_msgs/eufs_msgs/msg/detail/stereo_image__type_support.hpp
[24.994s] -- Symlinking: /home/alr/Desktop/new_perception/new_eufs_ws/install/eufs_msgs/include/eufs_msgs/eufs_msgs/msg/detail/system_status__builder.hpp
[25.003s] -- Symlinking: /home/alr/Desktop/new_perception/new_eufs_ws/install/eufs_msgs/include/eufs_msgs/eufs_msgs/msg/detail/system_status__struct.hpp
[25.014s] -- Symlinking: /home/alr/Desktop/new_perception/new_eufs_ws/install/eufs_msgs/include/eufs_msgs/eufs_msgs/msg/detail/system_status__traits.hpp
[25.024s] -- Symlinking: /home/alr/Desktop/new_perception/new_eufs_ws/install/eufs_msgs/include/eufs_msgs/eufs_msgs/msg/detail/system_status__type_support.hpp
[25.034s] -- Symlinking: /home/alr/Desktop/new_perception/new_eufs_ws/install/eufs_msgs/include/eufs_msgs/eufs_msgs/msg/detail/topic_status__builder.hpp
[25.044s] -- Symlinking: /home/alr/Desktop/new_perception/new_eufs_ws/install/eufs_msgs/include/eufs_msgs/eufs_msgs/msg/detail/topic_status__struct.hpp
[25.054s] -- Symlinking: /home/alr/Desktop/new_perception/new_eufs_ws/install/eufs_msgs/include/eufs_msgs/eufs_msgs/msg/detail/topic_status__traits.hpp
[25.064s] -- Symlinking: /home/alr/Desktop/new_perception/new_eufs_ws/install/eufs_msgs/include/eufs_msgs/eufs_msgs/msg/detail/topic_status__type_support.hpp
[25.076s] -- Symlinking: /home/alr/Desktop/new_perception/new_eufs_ws/install/eufs_msgs/include/eufs_msgs/eufs_msgs/msg/detail/vehicle_commands__builder.hpp
[25.086s] -- Symlinking: /home/alr/Desktop/new_perception/new_eufs_ws/install/eufs_msgs/include/eufs_msgs/eufs_msgs/msg/detail/vehicle_commands__struct.hpp
[25.096s] -- Symlinking: /home/alr/Desktop/new_perception/new_eufs_ws/install/eufs_msgs/include/eufs_msgs/eufs_msgs/msg/detail/vehicle_commands__traits.hpp
[25.107s] -- Symlinking: /home/alr/Desktop/new_perception/new_eufs_ws/install/eufs_msgs/include/eufs_msgs/eufs_msgs/msg/detail/vehicle_commands__type_support.hpp
[25.118s] -- Symlinking: /home/alr/Desktop/new_perception/new_eufs_ws/install/eufs_msgs/include/eufs_msgs/eufs_msgs/msg/detail/vehicle_commands_stamped__builder.hpp
[25.129s] -- Symlinking: /home/alr/Desktop/new_perception/new_eufs_ws/install/eufs_msgs/include/eufs_msgs/eufs_msgs/msg/detail/vehicle_commands_stamped__struct.hpp
[25.139s] -- Symlinking: /home/alr/Desktop/new_perception/new_eufs_ws/install/eufs_msgs/include/eufs_msgs/eufs_msgs/msg/detail/vehicle_commands_stamped__traits.hpp
[25.149s] -- Symlinking: /home/alr/Desktop/new_perception/new_eufs_ws/install/eufs_msgs/include/eufs_msgs/eufs_msgs/msg/detail/vehicle_commands_stamped__type_support.hpp
[25.159s] -- Symlinking: /home/alr/Desktop/new_perception/new_eufs_ws/install/eufs_msgs/include/eufs_msgs/eufs_msgs/msg/detail/waypoint__builder.hpp
[25.168s] -- Symlinking: /home/alr/Desktop/new_perception/new_eufs_ws/install/eufs_msgs/include/eufs_msgs/eufs_msgs/msg/detail/waypoint__struct.hpp
[25.178s] -- Symlinking: /home/alr/Desktop/new_perception/new_eufs_ws/install/eufs_msgs/include/eufs_msgs/eufs_msgs/msg/detail/waypoint__traits.hpp
[25.188s] -- Symlinking: /home/alr/Desktop/new_perception/new_eufs_ws/install/eufs_msgs/include/eufs_msgs/eufs_msgs/msg/detail/waypoint__type_support.hpp
[25.198s] -- Symlinking: /home/alr/Desktop/new_perception/new_eufs_ws/install/eufs_msgs/include/eufs_msgs/eufs_msgs/msg/detail/waypoint_array_stamped__builder.hpp
[25.208s] -- Symlinking: /home/alr/Desktop/new_perception/new_eufs_ws/install/eufs_msgs/include/eufs_msgs/eufs_msgs/msg/detail/waypoint_array_stamped__struct.hpp
[25.219s] -- Symlinking: /home/alr/Desktop/new_perception/new_eufs_ws/install/eufs_msgs/include/eufs_msgs/eufs_msgs/msg/detail/waypoint_array_stamped__traits.hpp
[25.230s] -- Symlinking: /home/alr/Desktop/new_perception/new_eufs_ws/install/eufs_msgs/include/eufs_msgs/eufs_msgs/msg/detail/waypoint_array_stamped__type_support.hpp
[25.240s] -- Symlinking: /home/alr/Desktop/new_perception/new_eufs_ws/install/eufs_msgs/include/eufs_msgs/eufs_msgs/msg/detail/wheel_odometry_err__builder.hpp
[25.250s] -- Symlinking: /home/alr/Desktop/new_perception/new_eufs_ws/install/eufs_msgs/include/eufs_msgs/eufs_msgs/msg/detail/wheel_odometry_err__struct.hpp
[25.260s] -- Symlinking: /home/alr/Desktop/new_perception/new_eufs_ws/install/eufs_msgs/include/eufs_msgs/eufs_msgs/msg/detail/wheel_odometry_err__traits.hpp
[25.270s] -- Symlinking: /home/alr/Desktop/new_perception/new_eufs_ws/install/eufs_msgs/include/eufs_msgs/eufs_msgs/msg/detail/wheel_odometry_err__type_support.hpp
[25.278s] -- Symlinking: /home/alr/Desktop/new_perception/new_eufs_ws/install/eufs_msgs/include/eufs_msgs/eufs_msgs/msg/detail/wheel_speeds__builder.hpp
[25.287s] -- Symlinking: /home/alr/Desktop/new_perception/new_eufs_ws/install/eufs_msgs/include/eufs_msgs/eufs_msgs/msg/detail/wheel_speeds__struct.hpp
[25.296s] -- Symlinking: /home/alr/Desktop/new_perception/new_eufs_ws/install/eufs_msgs/include/eufs_msgs/eufs_msgs/msg/detail/wheel_speeds__traits.hpp
[25.305s] -- Symlinking: /home/alr/Desktop/new_perception/new_eufs_ws/install/eufs_msgs/include/eufs_msgs/eufs_msgs/msg/detail/wheel_speeds__type_support.hpp
[25.314s] -- Symlinking: /home/alr/Desktop/new_perception/new_eufs_ws/install/eufs_msgs/include/eufs_msgs/eufs_msgs/msg/detail/wheel_speeds_stamped__builder.hpp
[25.324s] -- Symlinking: /home/alr/Desktop/new_perception/new_eufs_ws/install/eufs_msgs/include/eufs_msgs/eufs_msgs/msg/detail/wheel_speeds_stamped__struct.hpp
[25.335s] -- Symlinking: /home/alr/Desktop/new_perception/new_eufs_ws/install/eufs_msgs/include/eufs_msgs/eufs_msgs/msg/detail/wheel_speeds_stamped__traits.hpp
[25.345s] -- Symlinking: /home/alr/Desktop/new_perception/new_eufs_ws/install/eufs_msgs/include/eufs_msgs/eufs_msgs/msg/detail/wheel_speeds_stamped__type_support.hpp
[25.356s] -- Symlinking: /home/alr/Desktop/new_perception/new_eufs_ws/install/eufs_msgs/include/eufs_msgs/eufs_msgs/msg/ekf_err.hpp
[25.365s] -- Symlinking: /home/alr/Desktop/new_perception/new_eufs_ws/install/eufs_msgs/include/eufs_msgs/eufs_msgs/msg/ekf_state.hpp
[25.376s] -- Symlinking: /home/alr/Desktop/new_perception/new_eufs_ws/install/eufs_msgs/include/eufs_msgs/eufs_msgs/msg/full_state.hpp
[25.385s] -- Symlinking: /home/alr/Desktop/new_perception/new_eufs_ws/install/eufs_msgs/include/eufs_msgs/eufs_msgs/msg/heartbeat.hpp
[25.395s] -- Symlinking: /home/alr/Desktop/new_perception/new_eufs_ws/install/eufs_msgs/include/eufs_msgs/eufs_msgs/msg/integration_err.hpp
[25.404s] -- Symlinking: /home/alr/Desktop/new_perception/new_eufs_ws/install/eufs_msgs/include/eufs_msgs/eufs_msgs/msg/lap_stats.hpp
[25.414s] -- Symlinking: /home/alr/Desktop/new_perception/new_eufs_ws/install/eufs_msgs/include/eufs_msgs/eufs_msgs/msg/mpc_state.hpp
[25.424s] -- Symlinking: /home/alr/Desktop/new_perception/new_eufs_ws/install/eufs_msgs/include/eufs_msgs/eufs_msgs/msg/node_state.hpp
[25.434s] -- Symlinking: /home/alr/Desktop/new_perception/new_eufs_ws/install/eufs_msgs/include/eufs_msgs/eufs_msgs/msg/node_state_array.hpp
[25.444s] -- Symlinking: /home/alr/Desktop/new_perception/new_eufs_ws/install/eufs_msgs/include/eufs_msgs/eufs_msgs/msg/oss.hpp
[25.454s] -- Symlinking: /home/alr/Desktop/new_perception/new_eufs_ws/install/eufs_msgs/include/eufs_msgs/eufs_msgs/msg/particle.hpp
[25.465s] -- Symlinking: /home/alr/Desktop/new_perception/new_eufs_ws/install/eufs_msgs/include/eufs_msgs/eufs_msgs/msg/particle_slam.hpp
[25.470s] -- Symlinking: /home/alr/Desktop/new_perception/new_eufs_ws/install/eufs_msgs/include/eufs_msgs/eufs_msgs/msg/particle_slam_stamped.hpp
[25.476s] -- Symlinking: /home/alr/Desktop/new_perception/new_eufs_ws/install/eufs_msgs/include/eufs_msgs/eufs_msgs/msg/particle_stamped.hpp
[25.483s] -- Symlinking: /home/alr/Desktop/new_perception/new_eufs_ws/install/eufs_msgs/include/eufs_msgs/eufs_msgs/msg/path_integral_params.hpp
[25.491s] -- Symlinking: /home/alr/Desktop/new_perception/new_eufs_ws/install/eufs_msgs/include/eufs_msgs/eufs_msgs/msg/path_integral_stats.hpp
[25.498s] -- Symlinking: /home/alr/Desktop/new_perception/new_eufs_ws/install/eufs_msgs/include/eufs_msgs/eufs_msgs/msg/path_integral_status.hpp
[25.508s] -- Symlinking: /home/alr/Desktop/new_perception/new_eufs_ws/install/eufs_msgs/include/eufs_msgs/eufs_msgs/msg/path_integral_timing.hpp
[25.515s] -- Symlinking: /home/alr/Desktop/new_perception/new_eufs_ws/install/eufs_msgs/include/eufs_msgs/eufs_msgs/msg/planning_mode.hpp
[25.522s] -- Symlinking: /home/alr/Desktop/new_perception/new_eufs_ws/install/eufs_msgs/include/eufs_msgs/eufs_msgs/msg/point_array.hpp
[25.530s] -- Symlinking: /home/alr/Desktop/new_perception/new_eufs_ws/install/eufs_msgs/include/eufs_msgs/eufs_msgs/msg/point_array_stamped.hpp
[25.539s] -- Symlinking: /home/alr/Desktop/new_perception/new_eufs_ws/install/eufs_msgs/include/eufs_msgs/eufs_msgs/msg/pure_pursuit_checkpoint.hpp
[25.549s] -- Symlinking: /home/alr/Desktop/new_perception/new_eufs_ws/install/eufs_msgs/include/eufs_msgs/eufs_msgs/msg/pure_pursuit_checkpoint_array_stamped.hpp
[25.559s] -- Symlinking: /home/alr/Desktop/new_perception/new_eufs_ws/install/eufs_msgs/include/eufs_msgs/eufs_msgs/msg/rosidl_generator_cpp__visibility_control.hpp
[25.568s] -- Symlinking: /home/alr/Desktop/new_perception/new_eufs_ws/install/eufs_msgs/include/eufs_msgs/eufs_msgs/msg/runstop.hpp
[25.578s] -- Symlinking: /home/alr/Desktop/new_perception/new_eufs_ws/install/eufs_msgs/include/eufs_msgs/eufs_msgs/msg/slam_err.hpp
[25.584s] -- Symlinking: /home/alr/Desktop/new_perception/new_eufs_ws/install/eufs_msgs/include/eufs_msgs/eufs_msgs/msg/slam_state.hpp
[25.591s] -- Symlinking: /home/alr/Desktop/new_perception/new_eufs_ws/install/eufs_msgs/include/eufs_msgs/eufs_msgs/msg/state_machine_state.hpp
[25.599s] -- Symlinking: /home/alr/Desktop/new_perception/new_eufs_ws/install/eufs_msgs/include/eufs_msgs/eufs_msgs/msg/stereo_image.hpp
[25.606s] -- Symlinking: /home/alr/Desktop/new_perception/new_eufs_ws/install/eufs_msgs/include/eufs_msgs/eufs_msgs/msg/system_status.hpp
[25.615s] -- Symlinking: /home/alr/Desktop/new_perception/new_eufs_ws/install/eufs_msgs/include/eufs_msgs/eufs_msgs/msg/topic_status.hpp
[25.625s] -- Symlinking: /home/alr/Desktop/new_perception/new_eufs_ws/install/eufs_msgs/include/eufs_msgs/eufs_msgs/msg/vehicle_commands.hpp
[25.635s] -- Symlinking: /home/alr/Desktop/new_perception/new_eufs_ws/install/eufs_msgs/include/eufs_msgs/eufs_msgs/msg/vehicle_commands_stamped.hpp
[25.644s] -- Symlinking: /home/alr/Desktop/new_perception/new_eufs_ws/install/eufs_msgs/include/eufs_msgs/eufs_msgs/msg/waypoint.hpp
[25.654s] -- Symlinking: /home/alr/Desktop/new_perception/new_eufs_ws/install/eufs_msgs/include/eufs_msgs/eufs_msgs/msg/waypoint_array_stamped.hpp
[25.664s] -- Symlinking: /home/alr/Desktop/new_perception/new_eufs_ws/install/eufs_msgs/include/eufs_msgs/eufs_msgs/msg/wheel_odometry_err.hpp
[25.672s] -- Symlinking: /home/alr/Desktop/new_perception/new_eufs_ws/install/eufs_msgs/include/eufs_msgs/eufs_msgs/msg/wheel_speeds.hpp
[25.681s] -- Symlinking: /home/alr/Desktop/new_perception/new_eufs_ws/install/eufs_msgs/include/eufs_msgs/eufs_msgs/msg/wheel_speeds_stamped.hpp
[25.690s] -- Symlinking: /home/alr/Desktop/new_perception/new_eufs_ws/install/eufs_msgs/include/eufs_msgs/eufs_msgs/srv/detail/get_map__builder.hpp
[25.701s] -- Symlinking: /home/alr/Desktop/new_perception/new_eufs_ws/install/eufs_msgs/include/eufs_msgs/eufs_msgs/srv/detail/get_map__struct.hpp
[25.710s] -- Symlinking: /home/alr/Desktop/new_perception/new_eufs_ws/install/eufs_msgs/include/eufs_msgs/eufs_msgs/srv/detail/get_map__traits.hpp
[25.720s] -- Symlinking: /home/alr/Desktop/new_perception/new_eufs_ws/install/eufs_msgs/include/eufs_msgs/eufs_msgs/srv/detail/get_map__type_support.hpp
[25.728s] -- Symlinking: /home/alr/Desktop/new_perception/new_eufs_ws/install/eufs_msgs/include/eufs_msgs/eufs_msgs/srv/detail/record_start__builder.hpp
[25.738s] -- Symlinking: /home/alr/Desktop/new_perception/new_eufs_ws/install/eufs_msgs/include/eufs_msgs/eufs_msgs/srv/detail/record_start__struct.hpp
[25.743s] -- Symlinking: /home/alr/Desktop/new_perception/new_eufs_ws/install/eufs_msgs/include/eufs_msgs/eufs_msgs/srv/detail/record_start__traits.hpp
[25.750s] -- Symlinking: /home/alr/Desktop/new_perception/new_eufs_ws/install/eufs_msgs/include/eufs_msgs/eufs_msgs/srv/detail/record_start__type_support.hpp
[25.755s] -- Symlinking: /home/alr/Desktop/new_perception/new_eufs_ws/install/eufs_msgs/include/eufs_msgs/eufs_msgs/srv/detail/record_stop__builder.hpp
[25.761s] -- Symlinking: /home/alr/Desktop/new_perception/new_eufs_ws/install/eufs_msgs/include/eufs_msgs/eufs_msgs/srv/detail/record_stop__struct.hpp
[25.766s] -- Symlinking: /home/alr/Desktop/new_perception/new_eufs_ws/install/eufs_msgs/include/eufs_msgs/eufs_msgs/srv/detail/record_stop__traits.hpp
[25.772s] -- Symlinking: /home/alr/Desktop/new_perception/new_eufs_ws/install/eufs_msgs/include/eufs_msgs/eufs_msgs/srv/detail/record_stop__type_support.hpp
[25.779s] -- Symlinking: /home/alr/Desktop/new_perception/new_eufs_ws/install/eufs_msgs/include/eufs_msgs/eufs_msgs/srv/detail/register__builder.hpp
[25.784s] -- Symlinking: /home/alr/Desktop/new_perception/new_eufs_ws/install/eufs_msgs/include/eufs_msgs/eufs_msgs/srv/detail/register__struct.hpp
[25.791s] -- Symlinking: /home/alr/Desktop/new_perception/new_eufs_ws/install/eufs_msgs/include/eufs_msgs/eufs_msgs/srv/detail/register__traits.hpp
[25.798s] -- Symlinking: /home/alr/Desktop/new_perception/new_eufs_ws/install/eufs_msgs/include/eufs_msgs/eufs_msgs/srv/detail/register__type_support.hpp
[25.803s] -- Symlinking: /home/alr/Desktop/new_perception/new_eufs_ws/install/eufs_msgs/include/eufs_msgs/eufs_msgs/srv/detail/set_can_state__builder.hpp
[25.808s] -- Symlinking: /home/alr/Desktop/new_perception/new_eufs_ws/install/eufs_msgs/include/eufs_msgs/eufs_msgs/srv/detail/set_can_state__struct.hpp
[25.815s] -- Symlinking: /home/alr/Desktop/new_perception/new_eufs_ws/install/eufs_msgs/include/eufs_msgs/eufs_msgs/srv/detail/set_can_state__traits.hpp
[25.822s] -- Symlinking: /home/alr/Desktop/new_perception/new_eufs_ws/install/eufs_msgs/include/eufs_msgs/eufs_msgs/srv/detail/set_can_state__type_support.hpp
[25.827s] -- Symlinking: /home/alr/Desktop/new_perception/new_eufs_ws/install/eufs_msgs/include/eufs_msgs/eufs_msgs/srv/detail/set_mission__builder.hpp
[25.832s] -- Symlinking: /home/alr/Desktop/new_perception/new_eufs_ws/install/eufs_msgs/include/eufs_msgs/eufs_msgs/srv/detail/set_mission__struct.hpp
[25.839s] -- Symlinking: /home/alr/Desktop/new_perception/new_eufs_ws/install/eufs_msgs/include/eufs_msgs/eufs_msgs/srv/detail/set_mission__traits.hpp
[25.844s] -- Symlinking: /home/alr/Desktop/new_perception/new_eufs_ws/install/eufs_msgs/include/eufs_msgs/eufs_msgs/srv/detail/set_mission__type_support.hpp
[25.848s] -- Symlinking: /home/alr/Desktop/new_perception/new_eufs_ws/install/eufs_msgs/include/eufs_msgs/eufs_msgs/srv/detail/set_string__builder.hpp
[25.854s] -- Symlinking: /home/alr/Desktop/new_perception/new_eufs_ws/install/eufs_msgs/include/eufs_msgs/eufs_msgs/srv/detail/set_string__struct.hpp
[25.862s] -- Symlinking: /home/alr/Desktop/new_perception/new_eufs_ws/install/eufs_msgs/include/eufs_msgs/eufs_msgs/srv/detail/set_string__traits.hpp
[25.867s] -- Symlinking: /home/alr/Desktop/new_perception/new_eufs_ws/install/eufs_msgs/include/eufs_msgs/eufs_msgs/srv/detail/set_string__type_support.hpp
[25.873s] -- Symlinking: /home/alr/Desktop/new_perception/new_eufs_ws/install/eufs_msgs/include/eufs_msgs/eufs_msgs/srv/detail/set_track__builder.hpp
[25.880s] -- Symlinking: /home/alr/Desktop/new_perception/new_eufs_ws/install/eufs_msgs/include/eufs_msgs/eufs_msgs/srv/detail/set_track__struct.hpp
[25.885s] -- Symlinking: /home/alr/Desktop/new_perception/new_eufs_ws/install/eufs_msgs/include/eufs_msgs/eufs_msgs/srv/detail/set_track__traits.hpp
[25.890s] -- Symlinking: /home/alr/Desktop/new_perception/new_eufs_ws/install/eufs_msgs/include/eufs_msgs/eufs_msgs/srv/detail/set_track__type_support.hpp
[25.898s] -- Symlinking: /home/alr/Desktop/new_perception/new_eufs_ws/install/eufs_msgs/include/eufs_msgs/eufs_msgs/srv/get_map.hpp
[25.904s] -- Symlinking: /home/alr/Desktop/new_perception/new_eufs_ws/install/eufs_msgs/include/eufs_msgs/eufs_msgs/srv/record_start.hpp
[25.908s] -- Symlinking: /home/alr/Desktop/new_perception/new_eufs_ws/install/eufs_msgs/include/eufs_msgs/eufs_msgs/srv/record_stop.hpp
[25.916s] -- Symlinking: /home/alr/Desktop/new_perception/new_eufs_ws/install/eufs_msgs/include/eufs_msgs/eufs_msgs/srv/register.hpp
[25.920s] -- Symlinking: /home/alr/Desktop/new_perception/new_eufs_ws/install/eufs_msgs/include/eufs_msgs/eufs_msgs/srv/set_can_state.hpp
[25.927s] -- Symlinking: /home/alr/Desktop/new_perception/new_eufs_ws/install/eufs_msgs/include/eufs_msgs/eufs_msgs/srv/set_mission.hpp
[25.933s] -- Symlinking: /home/alr/Desktop/new_perception/new_eufs_ws/install/eufs_msgs/include/eufs_msgs/eufs_msgs/srv/set_string.hpp
[25.939s] -- Symlinking: /home/alr/Desktop/new_perception/new_eufs_ws/install/eufs_msgs/include/eufs_msgs/eufs_msgs/srv/set_track.hpp
[25.945s] -- Symlinking: /home/alr/Desktop/new_perception/new_eufs_ws/install/eufs_msgs/include/eufs_msgs/eufs_msgs/action/detail/check_for_objects__rosidl_typesupport_fastrtps_cpp.hpp
[25.950s] -- Symlinking: /home/alr/Desktop/new_perception/new_eufs_ws/install/eufs_msgs/include/eufs_msgs/eufs_msgs/msg/detail/bounding_box__rosidl_typesupport_fastrtps_cpp.hpp
[25.957s] -- Symlinking: /home/alr/Desktop/new_perception/new_eufs_ws/install/eufs_msgs/include/eufs_msgs/eufs_msgs/msg/detail/bounding_boxes__rosidl_typesupport_fastrtps_cpp.hpp
[25.966s] -- Symlinking: /home/alr/Desktop/new_perception/new_eufs_ws/install/eufs_msgs/include/eufs_msgs/eufs_msgs/msg/detail/can_state__rosidl_typesupport_fastrtps_cpp.hpp
[25.975s] -- Symlinking: /home/alr/Desktop/new_perception/new_eufs_ws/install/eufs_msgs/include/eufs_msgs/eufs_msgs/msg/detail/car_forces__rosidl_typesupport_fastrtps_cpp.hpp
[25.985s] -- Symlinking: /home/alr/Desktop/new_perception/new_eufs_ws/install/eufs_msgs/include/eufs_msgs/eufs_msgs/msg/detail/car_state__rosidl_typesupport_fastrtps_cpp.hpp
[25.996s] -- Symlinking: /home/alr/Desktop/new_perception/new_eufs_ws/install/eufs_msgs/include/eufs_msgs/eufs_msgs/msg/detail/chassis_command__rosidl_typesupport_fastrtps_cpp.hpp
[26.002s] -- Symlinking: /home/alr/Desktop/new_perception/new_eufs_ws/install/eufs_msgs/include/eufs_msgs/eufs_msgs/msg/detail/chassis_state__rosidl_typesupport_fastrtps_cpp.hpp
[26.011s] -- Symlinking: /home/alr/Desktop/new_perception/new_eufs_ws/install/eufs_msgs/include/eufs_msgs/eufs_msgs/msg/detail/cone_array__rosidl_typesupport_fastrtps_cpp.hpp
[26.019s] -- Symlinking: /home/alr/Desktop/new_perception/new_eufs_ws/install/eufs_msgs/include/eufs_msgs/eufs_msgs/msg/detail/cone_array_with_covariance__rosidl_typesupport_fastrtps_cpp.hpp
[26.029s] -- Symlinking: /home/alr/Desktop/new_perception/new_eufs_ws/install/eufs_msgs/include/eufs_msgs/eufs_msgs/msg/detail/cone_association__rosidl_typesupport_fastrtps_cpp.hpp
[26.039s] -- Symlinking: /home/alr/Desktop/new_perception/new_eufs_ws/install/eufs_msgs/include/eufs_msgs/eufs_msgs/msg/detail/cone_association_array__rosidl_typesupport_fastrtps_cpp.hpp
[26.049s] -- Symlinking: /home/alr/Desktop/new_perception/new_eufs_ws/install/eufs_msgs/include/eufs_msgs/eufs_msgs/msg/detail/cone_association_array_array_stamped__rosidl_typesupport_fastrtps_cpp.hpp
[26.059s] -- Symlinking: /home/alr/Desktop/new_perception/new_eufs_ws/install/eufs_msgs/include/eufs_msgs/eufs_msgs/msg/detail/cone_association_array_stamped__rosidl_typesupport_fastrtps_cpp.hpp
[26.069s] -- Symlinking: /home/alr/Desktop/new_perception/new_eufs_ws/install/eufs_msgs/include/eufs_msgs/eufs_msgs/msg/detail/cone_with_color_probability__rosidl_typesupport_fastrtps_cpp.hpp
[26.079s] -- Symlinking: /home/alr/Desktop/new_perception/new_eufs_ws/install/eufs_msgs/include/eufs_msgs/eufs_msgs/msg/detail/cone_with_color_probability_array__rosidl_typesupport_fastrtps_cpp.hpp
[26.090s] -- Symlinking: /home/alr/Desktop/new_perception/new_eufs_ws/install/eufs_msgs/include/eufs_msgs/eufs_msgs/msg/detail/cone_with_covariance__rosidl_typesupport_fastrtps_cpp.hpp
[26.099s] -- Symlinking: /home/alr/Desktop/new_perception/new_eufs_ws/install/eufs_msgs/include/eufs_msgs/eufs_msgs/msg/detail/costmap__rosidl_typesupport_fastrtps_cpp.hpp
[26.110s] -- Symlinking: /home/alr/Desktop/new_perception/new_eufs_ws/install/eufs_msgs/include/eufs_msgs/eufs_msgs/msg/detail/cpu_status__rosidl_typesupport_fastrtps_cpp.hpp
[26.120s] -- Symlinking: /home/alr/Desktop/new_perception/new_eufs_ws/install/eufs_msgs/include/eufs_msgs/eufs_msgs/msg/detail/cpu_usage__rosidl_typesupport_fastrtps_cpp.hpp
[26.129s] -- Symlinking: /home/alr/Desktop/new_perception/new_eufs_ws/install/eufs_msgs/include/eufs_msgs/eufs_msgs/msg/detail/ekf_err__rosidl_typesupport_fastrtps_cpp.hpp
[26.139s] -- Symlinking: /home/alr/Desktop/new_perception/new_eufs_ws/install/eufs_msgs/include/eufs_msgs/eufs_msgs/msg/detail/ekf_state__rosidl_typesupport_fastrtps_cpp.hpp
[26.148s] -- Symlinking: /home/alr/Desktop/new_perception/new_eufs_ws/install/eufs_msgs/include/eufs_msgs/eufs_msgs/msg/detail/full_state__rosidl_typesupport_fastrtps_cpp.hpp
[26.158s] -- Symlinking: /home/alr/Desktop/new_perception/new_eufs_ws/install/eufs_msgs/include/eufs_msgs/eufs_msgs/msg/detail/heartbeat__rosidl_typesupport_fastrtps_cpp.hpp
[26.168s] -- Symlinking: /home/alr/Desktop/new_perception/new_eufs_ws/install/eufs_msgs/include/eufs_msgs/eufs_msgs/msg/detail/integration_err__rosidl_typesupport_fastrtps_cpp.hpp
[26.178s] -- Symlinking: /home/alr/Desktop/new_perception/new_eufs_ws/install/eufs_msgs/include/eufs_msgs/eufs_msgs/msg/detail/lap_stats__rosidl_typesupport_fastrtps_cpp.hpp
[26.188s] -- Symlinking: /home/alr/Desktop/new_perception/new_eufs_ws/install/eufs_msgs/include/eufs_msgs/eufs_msgs/msg/detail/mpc_state__rosidl_typesupport_fastrtps_cpp.hpp
[26.199s] -- Symlinking: /home/alr/Desktop/new_perception/new_eufs_ws/install/eufs_msgs/include/eufs_msgs/eufs_msgs/msg/detail/node_state__rosidl_typesupport_fastrtps_cpp.hpp
[26.210s] -- Symlinking: /home/alr/Desktop/new_perception/new_eufs_ws/install/eufs_msgs/include/eufs_msgs/eufs_msgs/msg/detail/node_state_array__rosidl_typesupport_fastrtps_cpp.hpp
[26.221s] -- Symlinking: /home/alr/Desktop/new_perception/new_eufs_ws/install/eufs_msgs/include/eufs_msgs/eufs_msgs/msg/detail/oss__rosidl_typesupport_fastrtps_cpp.hpp
[26.231s] -- Symlinking: /home/alr/Desktop/new_perception/new_eufs_ws/install/eufs_msgs/include/eufs_msgs/eufs_msgs/msg/detail/particle__rosidl_typesupport_fastrtps_cpp.hpp
[26.242s] -- Symlinking: /home/alr/Desktop/new_perception/new_eufs_ws/install/eufs_msgs/include/eufs_msgs/eufs_msgs/msg/detail/particle_slam__rosidl_typesupport_fastrtps_cpp.hpp
[26.251s] -- Symlinking: /home/alr/Desktop/new_perception/new_eufs_ws/install/eufs_msgs/include/eufs_msgs/eufs_msgs/msg/detail/particle_slam_stamped__rosidl_typesupport_fastrtps_cpp.hpp
[26.261s] -- Symlinking: /home/alr/Desktop/new_perception/new_eufs_ws/install/eufs_msgs/include/eufs_msgs/eufs_msgs/msg/detail/particle_stamped__rosidl_typesupport_fastrtps_cpp.hpp
[26.271s] -- Symlinking: /home/alr/Desktop/new_perception/new_eufs_ws/install/eufs_msgs/include/eufs_msgs/eufs_msgs/msg/detail/path_integral_params__rosidl_typesupport_fastrtps_cpp.hpp
[26.281s] -- Symlinking: /home/alr/Desktop/new_perception/new_eufs_ws/install/eufs_msgs/include/eufs_msgs/eufs_msgs/msg/detail/path_integral_stats__rosidl_typesupport_fastrtps_cpp.hpp
[26.291s] -- Symlinking: /home/alr/Desktop/new_perception/new_eufs_ws/install/eufs_msgs/include/eufs_msgs/eufs_msgs/msg/detail/path_integral_status__rosidl_typesupport_fastrtps_cpp.hpp
[26.302s] -- Symlinking: /home/alr/Desktop/new_perception/new_eufs_ws/install/eufs_msgs/include/eufs_msgs/eufs_msgs/msg/detail/path_integral_timing__rosidl_typesupport_fastrtps_cpp.hpp
[26.311s] -- Symlinking: /home/alr/Desktop/new_perception/new_eufs_ws/install/eufs_msgs/include/eufs_msgs/eufs_msgs/msg/detail/planning_mode__rosidl_typesupport_fastrtps_cpp.hpp
[26.322s] -- Symlinking: /home/alr/Desktop/new_perception/new_eufs_ws/install/eufs_msgs/include/eufs_msgs/eufs_msgs/msg/detail/point_array__rosidl_typesupport_fastrtps_cpp.hpp
[26.331s] -- Symlinking: /home/alr/Desktop/new_perception/new_eufs_ws/install/eufs_msgs/include/eufs_msgs/eufs_msgs/msg/detail/point_array_stamped__rosidl_typesupport_fastrtps_cpp.hpp
[26.339s] -- Symlinking: /home/alr/Desktop/new_perception/new_eufs_ws/install/eufs_msgs/include/eufs_msgs/eufs_msgs/msg/detail/pure_pursuit_checkpoint__rosidl_typesupport_fastrtps_cpp.hpp
[26.349s] -- Symlinking: /home/alr/Desktop/new_perception/new_eufs_ws/install/eufs_msgs/include/eufs_msgs/eufs_msgs/msg/detail/pure_pursuit_checkpoint_array_stamped__rosidl_typesupport_fastrtps_cpp.hpp
[26.359s] -- Symlinking: /home/alr/Desktop/new_perception/new_eufs_ws/install/eufs_msgs/include/eufs_msgs/eufs_msgs/msg/detail/runstop__rosidl_typesupport_fastrtps_cpp.hpp
[26.369s] -- Symlinking: /home/alr/Desktop/new_perception/new_eufs_ws/install/eufs_msgs/include/eufs_msgs/eufs_msgs/msg/detail/slam_err__rosidl_typesupport_fastrtps_cpp.hpp
[26.379s] -- Symlinking: /home/alr/Desktop/new_perception/new_eufs_ws/install/eufs_msgs/include/eufs_msgs/eufs_msgs/msg/detail/slam_state__rosidl_typesupport_fastrtps_cpp.hpp
[26.389s] -- Symlinking: /home/alr/Desktop/new_perception/new_eufs_ws/install/eufs_msgs/include/eufs_msgs/eufs_msgs/msg/detail/state_machine_state__rosidl_typesupport_fastrtps_cpp.hpp
[26.399s] -- Symlinking: /home/alr/Desktop/new_perception/new_eufs_ws/install/eufs_msgs/include/eufs_msgs/eufs_msgs/msg/detail/stereo_image__rosidl_typesupport_fastrtps_cpp.hpp
[26.409s] -- Symlinking: /home/alr/Desktop/new_perception/new_eufs_ws/install/eufs_msgs/include/eufs_msgs/eufs_msgs/msg/detail/system_status__rosidl_typesupport_fastrtps_cpp.hpp
[26.419s] -- Symlinking: /home/alr/Desktop/new_perception/new_eufs_ws/install/eufs_msgs/include/eufs_msgs/eufs_msgs/msg/detail/topic_status__rosidl_typesupport_fastrtps_cpp.hpp
[26.428s] -- Symlinking: /home/alr/Desktop/new_perception/new_eufs_ws/install/eufs_msgs/include/eufs_msgs/eufs_msgs/msg/detail/vehicle_commands__rosidl_typesupport_fastrtps_cpp.hpp
[26.438s] -- Symlinking: /home/alr/Desktop/new_perception/new_eufs_ws/install/eufs_msgs/include/eufs_msgs/eufs_msgs/msg/detail/vehicle_commands_stamped__rosidl_typesupport_fastrtps_cpp.hpp
[26.448s] -- Symlinking: /home/alr/Desktop/new_perception/new_eufs_ws/install/eufs_msgs/include/eufs_msgs/eufs_msgs/msg/detail/waypoint__rosidl_typesupport_fastrtps_cpp.hpp
[26.454s] -- Symlinking: /home/alr/Desktop/new_perception/new_eufs_ws/install/eufs_msgs/include/eufs_msgs/eufs_msgs/msg/detail/waypoint_array_stamped__rosidl_typesupport_fastrtps_cpp.hpp
[26.459s] -- Symlinking: /home/alr/Desktop/new_perception/new_eufs_ws/install/eufs_msgs/include/eufs_msgs/eufs_msgs/msg/detail/wheel_odometry_err__rosidl_typesupport_fastrtps_cpp.hpp
[26.467s] -- Symlinking: /home/alr/Desktop/new_perception/new_eufs_ws/install/eufs_msgs/include/eufs_msgs/eufs_msgs/msg/detail/wheel_speeds__rosidl_typesupport_fastrtps_cpp.hpp
[26.473s] -- Symlinking: /home/alr/Desktop/new_perception/new_eufs_ws/install/eufs_msgs/include/eufs_msgs/eufs_msgs/msg/detail/wheel_speeds_stamped__rosidl_typesupport_fastrtps_cpp.hpp
[26.479s] -- Symlinking: /home/alr/Desktop/new_perception/new_eufs_ws/install/eufs_msgs/include/eufs_msgs/eufs_msgs/msg/rosidl_typesupport_fastrtps_cpp__visibility_control.h
[26.485s] -- Symlinking: /home/alr/Desktop/new_perception/new_eufs_ws/install/eufs_msgs/include/eufs_msgs/eufs_msgs/srv/detail/get_map__rosidl_typesupport_fastrtps_cpp.hpp
[26.491s] -- Symlinking: /home/alr/Desktop/new_perception/new_eufs_ws/install/eufs_msgs/include/eufs_msgs/eufs_msgs/srv/detail/record_start__rosidl_typesupport_fastrtps_cpp.hpp
[26.495s] -- Symlinking: /home/alr/Desktop/new_perception/new_eufs_ws/install/eufs_msgs/include/eufs_msgs/eufs_msgs/srv/detail/record_stop__rosidl_typesupport_fastrtps_cpp.hpp
[26.500s] -- Symlinking: /home/alr/Desktop/new_perception/new_eufs_ws/install/eufs_msgs/include/eufs_msgs/eufs_msgs/srv/detail/register__rosidl_typesupport_fastrtps_cpp.hpp
[26.506s] -- Symlinking: /home/alr/Desktop/new_perception/new_eufs_ws/install/eufs_msgs/include/eufs_msgs/eufs_msgs/srv/detail/set_can_state__rosidl_typesupport_fastrtps_cpp.hpp
[26.513s] -- Symlinking: /home/alr/Desktop/new_perception/new_eufs_ws/install/eufs_msgs/include/eufs_msgs/eufs_msgs/srv/detail/set_mission__rosidl_typesupport_fastrtps_cpp.hpp
[26.519s] -- Symlinking: /home/alr/Desktop/new_perception/new_eufs_ws/install/eufs_msgs/include/eufs_msgs/eufs_msgs/srv/detail/set_string__rosidl_typesupport_fastrtps_cpp.hpp
[26.525s] -- Symlinking: /home/alr/Desktop/new_perception/new_eufs_ws/install/eufs_msgs/include/eufs_msgs/eufs_msgs/srv/detail/set_track__rosidl_typesupport_fastrtps_cpp.hpp
[26.533s] -- Symlinking: /home/alr/Desktop/new_perception/new_eufs_ws/install/eufs_msgs/include/eufs_msgs/eufs_msgs/action/detail/check_for_objects__rosidl_typesupport_introspection_cpp.hpp
[26.537s] -- Symlinking: /home/alr/Desktop/new_perception/new_eufs_ws/install/eufs_msgs/include/eufs_msgs/eufs_msgs/msg/detail/bounding_box__rosidl_typesupport_introspection_cpp.hpp
[26.544s] -- Symlinking: /home/alr/Desktop/new_perception/new_eufs_ws/install/eufs_msgs/include/eufs_msgs/eufs_msgs/msg/detail/bounding_boxes__rosidl_typesupport_introspection_cpp.hpp
[26.551s] -- Symlinking: /home/alr/Desktop/new_perception/new_eufs_ws/install/eufs_msgs/include/eufs_msgs/eufs_msgs/msg/detail/can_state__rosidl_typesupport_introspection_cpp.hpp
[26.557s] -- Symlinking: /home/alr/Desktop/new_perception/new_eufs_ws/install/eufs_msgs/include/eufs_msgs/eufs_msgs/msg/detail/car_forces__rosidl_typesupport_introspection_cpp.hpp
[26.565s] -- Symlinking: /home/alr/Desktop/new_perception/new_eufs_ws/install/eufs_msgs/include/eufs_msgs/eufs_msgs/msg/detail/car_state__rosidl_typesupport_introspection_cpp.hpp
[26.571s] -- Symlinking: /home/alr/Desktop/new_perception/new_eufs_ws/install/eufs_msgs/include/eufs_msgs/eufs_msgs/msg/detail/chassis_command__rosidl_typesupport_introspection_cpp.hpp
[26.575s] -- Symlinking: /home/alr/Desktop/new_perception/new_eufs_ws/install/eufs_msgs/include/eufs_msgs/eufs_msgs/msg/detail/chassis_state__rosidl_typesupport_introspection_cpp.hpp
[26.580s] -- Symlinking: /home/alr/Desktop/new_perception/new_eufs_ws/install/eufs_msgs/include/eufs_msgs/eufs_msgs/msg/detail/cone_array__rosidl_typesupport_introspection_cpp.hpp
[26.586s] -- Symlinking: /home/alr/Desktop/new_perception/new_eufs_ws/install/eufs_msgs/include/eufs_msgs/eufs_msgs/msg/detail/cone_array_with_covariance__rosidl_typesupport_introspection_cpp.hpp
[26.593s] -- Symlinking: /home/alr/Desktop/new_perception/new_eufs_ws/install/eufs_msgs/include/eufs_msgs/eufs_msgs/msg/detail/cone_association__rosidl_typesupport_introspection_cpp.hpp
[26.600s] -- Symlinking: /home/alr/Desktop/new_perception/new_eufs_ws/install/eufs_msgs/include/eufs_msgs/eufs_msgs/msg/detail/cone_association_array__rosidl_typesupport_introspection_cpp.hpp
[26.605s] -- Symlinking: /home/alr/Desktop/new_perception/new_eufs_ws/install/eufs_msgs/include/eufs_msgs/eufs_msgs/msg/detail/cone_association_array_array_stamped__rosidl_typesupport_introspection_cpp.hpp
[26.612s] -- Symlinking: /home/alr/Desktop/new_perception/new_eufs_ws/install/eufs_msgs/include/eufs_msgs/eufs_msgs/msg/detail/cone_association_array_stamped__rosidl_typesupport_introspection_cpp.hpp
[26.618s] -- Symlinking: /home/alr/Desktop/new_perception/new_eufs_ws/install/eufs_msgs/include/eufs_msgs/eufs_msgs/msg/detail/cone_with_color_probability__rosidl_typesupport_introspection_cpp.hpp
[26.625s] -- Symlinking: /home/alr/Desktop/new_perception/new_eufs_ws/install/eufs_msgs/include/eufs_msgs/eufs_msgs/msg/detail/cone_with_color_probability_array__rosidl_typesupport_introspection_cpp.hpp
[26.629s] -- Symlinking: /home/alr/Desktop/new_perception/new_eufs_ws/install/eufs_msgs/include/eufs_msgs/eufs_msgs/msg/detail/cone_with_covariance__rosidl_typesupport_introspection_cpp.hpp
[26.635s] -- Symlinking: /home/alr/Desktop/new_perception/new_eufs_ws/install/eufs_msgs/include/eufs_msgs/eufs_msgs/msg/detail/costmap__rosidl_typesupport_introspection_cpp.hpp
[26.640s] -- Symlinking: /home/alr/Desktop/new_perception/new_eufs_ws/install/eufs_msgs/include/eufs_msgs/eufs_msgs/msg/detail/cpu_status__rosidl_typesupport_introspection_cpp.hpp
[26.646s] -- Symlinking: /home/alr/Desktop/new_perception/new_eufs_ws/install/eufs_msgs/include/eufs_msgs/eufs_msgs/msg/detail/cpu_usage__rosidl_typesupport_introspection_cpp.hpp
[26.651s] -- Symlinking: /home/alr/Desktop/new_perception/new_eufs_ws/install/eufs_msgs/include/eufs_msgs/eufs_msgs/msg/detail/ekf_err__rosidl_typesupport_introspection_cpp.hpp
[26.659s] -- Symlinking: /home/alr/Desktop/new_perception/new_eufs_ws/install/eufs_msgs/include/eufs_msgs/eufs_msgs/msg/detail/ekf_state__rosidl_typesupport_introspection_cpp.hpp
[26.668s] -- Symlinking: /home/alr/Desktop/new_perception/new_eufs_ws/install/eufs_msgs/include/eufs_msgs/eufs_msgs/msg/detail/full_state__rosidl_typesupport_introspection_cpp.hpp
[26.677s] -- Symlinking: /home/alr/Desktop/new_perception/new_eufs_ws/install/eufs_msgs/include/eufs_msgs/eufs_msgs/msg/detail/heartbeat__rosidl_typesupport_introspection_cpp.hpp
[26.687s] -- Symlinking: /home/alr/Desktop/new_perception/new_eufs_ws/install/eufs_msgs/include/eufs_msgs/eufs_msgs/msg/detail/integration_err__rosidl_typesupport_introspection_cpp.hpp
[26.698s] -- Symlinking: /home/alr/Desktop/new_perception/new_eufs_ws/install/eufs_msgs/include/eufs_msgs/eufs_msgs/msg/detail/lap_stats__rosidl_typesupport_introspection_cpp.hpp
[26.708s] -- Symlinking: /home/alr/Desktop/new_perception/new_eufs_ws/install/eufs_msgs/include/eufs_msgs/eufs_msgs/msg/detail/mpc_state__rosidl_typesupport_introspection_cpp.hpp
[26.718s] -- Symlinking: /home/alr/Desktop/new_perception/new_eufs_ws/install/eufs_msgs/include/eufs_msgs/eufs_msgs/msg/detail/node_state__rosidl_typesupport_introspection_cpp.hpp
[26.728s] -- Symlinking: /home/alr/Desktop/new_perception/new_eufs_ws/install/eufs_msgs/include/eufs_msgs/eufs_msgs/msg/detail/node_state_array__rosidl_typesupport_introspection_cpp.hpp
[26.738s] -- Symlinking: /home/alr/Desktop/new_perception/new_eufs_ws/install/eufs_msgs/include/eufs_msgs/eufs_msgs/msg/detail/oss__rosidl_typesupport_introspection_cpp.hpp
[26.748s] -- Symlinking: /home/alr/Desktop/new_perception/new_eufs_ws/install/eufs_msgs/include/eufs_msgs/eufs_msgs/msg/detail/particle__rosidl_typesupport_introspection_cpp.hpp
[26.758s] -- Symlinking: /home/alr/Desktop/new_perception/new_eufs_ws/install/eufs_msgs/include/eufs_msgs/eufs_msgs/msg/detail/particle_slam__rosidl_typesupport_introspection_cpp.hpp
[26.765s] -- Symlinking: /home/alr/Desktop/new_perception/new_eufs_ws/install/eufs_msgs/include/eufs_msgs/eufs_msgs/msg/detail/particle_slam_stamped__rosidl_typesupport_introspection_cpp.hpp
[26.773s] -- Symlinking: /home/alr/Desktop/new_perception/new_eufs_ws/install/eufs_msgs/include/eufs_msgs/eufs_msgs/msg/detail/particle_stamped__rosidl_typesupport_introspection_cpp.hpp
[26.782s] -- Symlinking: /home/alr/Desktop/new_perception/new_eufs_ws/install/eufs_msgs/include/eufs_msgs/eufs_msgs/msg/detail/path_integral_params__rosidl_typesupport_introspection_cpp.hpp
[26.791s] -- Symlinking: /home/alr/Desktop/new_perception/new_eufs_ws/install/eufs_msgs/include/eufs_msgs/eufs_msgs/msg/detail/path_integral_stats__rosidl_typesupport_introspection_cpp.hpp
[26.799s] -- Symlinking: /home/alr/Desktop/new_perception/new_eufs_ws/install/eufs_msgs/include/eufs_msgs/eufs_msgs/msg/detail/path_integral_status__rosidl_typesupport_introspection_cpp.hpp
[26.808s] -- Symlinking: /home/alr/Desktop/new_perception/new_eufs_ws/install/eufs_msgs/include/eufs_msgs/eufs_msgs/msg/detail/path_integral_timing__rosidl_typesupport_introspection_cpp.hpp
[26.818s] -- Symlinking: /home/alr/Desktop/new_perception/new_eufs_ws/install/eufs_msgs/include/eufs_msgs/eufs_msgs/msg/detail/planning_mode__rosidl_typesupport_introspection_cpp.hpp
[26.828s] -- Symlinking: /home/alr/Desktop/new_perception/new_eufs_ws/install/eufs_msgs/include/eufs_msgs/eufs_msgs/msg/detail/point_array__rosidl_typesupport_introspection_cpp.hpp
[26.838s] -- Symlinking: /home/alr/Desktop/new_perception/new_eufs_ws/install/eufs_msgs/include/eufs_msgs/eufs_msgs/msg/detail/point_array_stamped__rosidl_typesupport_introspection_cpp.hpp
[26.849s] -- Symlinking: /home/alr/Desktop/new_perception/new_eufs_ws/install/eufs_msgs/include/eufs_msgs/eufs_msgs/msg/detail/pure_pursuit_checkpoint__rosidl_typesupport_introspection_cpp.hpp
[26.858s] -- Symlinking: /home/alr/Desktop/new_perception/new_eufs_ws/install/eufs_msgs/include/eufs_msgs/eufs_msgs/msg/detail/pure_pursuit_checkpoint_array_stamped__rosidl_typesupport_introspection_cpp.hpp
[26.867s] -- Symlinking: /home/alr/Desktop/new_perception/new_eufs_ws/install/eufs_msgs/include/eufs_msgs/eufs_msgs/msg/detail/runstop__rosidl_typesupport_introspection_cpp.hpp
[26.877s] -- Symlinking: /home/alr/Desktop/new_perception/new_eufs_ws/install/eufs_msgs/include/eufs_msgs/eufs_msgs/msg/detail/slam_err__rosidl_typesupport_introspection_cpp.hpp
[26.886s] -- Symlinking: /home/alr/Desktop/new_perception/new_eufs_ws/install/eufs_msgs/include/eufs_msgs/eufs_msgs/msg/detail/slam_state__rosidl_typesupport_introspection_cpp.hpp
[26.895s] -- Symlinking: /home/alr/Desktop/new_perception/new_eufs_ws/install/eufs_msgs/include/eufs_msgs/eufs_msgs/msg/detail/state_machine_state__rosidl_typesupport_introspection_cpp.hpp
[26.905s] -- Symlinking: /home/alr/Desktop/new_perception/new_eufs_ws/install/eufs_msgs/include/eufs_msgs/eufs_msgs/msg/detail/stereo_image__rosidl_typesupport_introspection_cpp.hpp
[26.914s] -- Symlinking: /home/alr/Desktop/new_perception/new_eufs_ws/install/eufs_msgs/include/eufs_msgs/eufs_msgs/msg/detail/system_status__rosidl_typesupport_introspection_cpp.hpp
[26.926s] -- Symlinking: /home/alr/Desktop/new_perception/new_eufs_ws/install/eufs_msgs/include/eufs_msgs/eufs_msgs/msg/detail/topic_status__rosidl_typesupport_introspection_cpp.hpp
[26.936s] -- Symlinking: /home/alr/Desktop/new_perception/new_eufs_ws/install/eufs_msgs/include/eufs_msgs/eufs_msgs/msg/detail/vehicle_commands__rosidl_typesupport_introspection_cpp.hpp
[26.947s] -- Symlinking: /home/alr/Desktop/new_perception/new_eufs_ws/install/eufs_msgs/include/eufs_msgs/eufs_msgs/msg/detail/vehicle_commands_stamped__rosidl_typesupport_introspection_cpp.hpp
[26.957s] -- Symlinking: /home/alr/Desktop/new_perception/new_eufs_ws/install/eufs_msgs/include/eufs_msgs/eufs_msgs/msg/detail/waypoint__rosidl_typesupport_introspection_cpp.hpp
[26.966s] -- Symlinking: /home/alr/Desktop/new_perception/new_eufs_ws/install/eufs_msgs/include/eufs_msgs/eufs_msgs/msg/detail/waypoint_array_stamped__rosidl_typesupport_introspection_cpp.hpp
[26.975s] -- Symlinking: /home/alr/Desktop/new_perception/new_eufs_ws/install/eufs_msgs/include/eufs_msgs/eufs_msgs/msg/detail/wheel_odometry_err__rosidl_typesupport_introspection_cpp.hpp
[26.985s] -- Symlinking: /home/alr/Desktop/new_perception/new_eufs_ws/install/eufs_msgs/include/eufs_msgs/eufs_msgs/msg/detail/wheel_speeds__rosidl_typesupport_introspection_cpp.hpp
[26.994s] -- Symlinking: /home/alr/Desktop/new_perception/new_eufs_ws/install/eufs_msgs/include/eufs_msgs/eufs_msgs/msg/detail/wheel_speeds_stamped__rosidl_typesupport_introspection_cpp.hpp
[27.003s] -- Symlinking: /home/alr/Desktop/new_perception/new_eufs_ws/install/eufs_msgs/include/eufs_msgs/eufs_msgs/srv/detail/get_map__rosidl_typesupport_introspection_cpp.hpp
[27.012s] -- Symlinking: /home/alr/Desktop/new_perception/new_eufs_ws/install/eufs_msgs/include/eufs_msgs/eufs_msgs/srv/detail/record_start__rosidl_typesupport_introspection_cpp.hpp
[27.022s] -- Symlinking: /home/alr/Desktop/new_perception/new_eufs_ws/install/eufs_msgs/include/eufs_msgs/eufs_msgs/srv/detail/record_stop__rosidl_typesupport_introspection_cpp.hpp
[27.032s] -- Symlinking: /home/alr/Desktop/new_perception/new_eufs_ws/install/eufs_msgs/include/eufs_msgs/eufs_msgs/srv/detail/register__rosidl_typesupport_introspection_cpp.hpp
[27.042s] -- Symlinking: /home/alr/Desktop/new_perception/new_eufs_ws/install/eufs_msgs/include/eufs_msgs/eufs_msgs/srv/detail/set_can_state__rosidl_typesupport_introspection_cpp.hpp
[27.053s] -- Symlinking: /home/alr/Desktop/new_perception/new_eufs_ws/install/eufs_msgs/include/eufs_msgs/eufs_msgs/srv/detail/set_mission__rosidl_typesupport_introspection_cpp.hpp
[27.063s] -- Symlinking: /home/alr/Desktop/new_perception/new_eufs_ws/install/eufs_msgs/include/eufs_msgs/eufs_msgs/srv/detail/set_string__rosidl_typesupport_introspection_cpp.hpp
[27.074s] -- Symlinking: /home/alr/Desktop/new_perception/new_eufs_ws/install/eufs_msgs/include/eufs_msgs/eufs_msgs/srv/detail/set_track__rosidl_typesupport_introspection_cpp.hpp
[27.086s] -- Symlinking: /home/alr/Desktop/new_perception/new_eufs_ws/install/eufs_msgs/share/eufs_msgs/environment/pythonpath.sh
[27.096s] -- Symlinking: /home/alr/Desktop/new_perception/new_eufs_ws/install/eufs_msgs/share/eufs_msgs/environment/pythonpath.dsv
[27.108s] -- Symlinking: /home/alr/Desktop/new_perception/new_eufs_ws/install/eufs_msgs/local/lib/python3.10/dist-packages/eufs_msgs-2.0.0-py3.10.egg-info/PKG-INFO
[27.118s] -- Symlinking: /home/alr/Desktop/new_perception/new_eufs_ws/install/eufs_msgs/local/lib/python3.10/dist-packages/eufs_msgs-2.0.0-py3.10.egg-info/SOURCES.txt
[27.129s] -- Symlinking: /home/alr/Desktop/new_perception/new_eufs_ws/install/eufs_msgs/local/lib/python3.10/dist-packages/eufs_msgs-2.0.0-py3.10.egg-info/dependency_links.txt
[27.140s] -- Symlinking: /home/alr/Desktop/new_perception/new_eufs_ws/install/eufs_msgs/local/lib/python3.10/dist-packages/eufs_msgs-2.0.0-py3.10.egg-info/top_level.txt
[27.152s] -- Symlinking: /home/alr/Desktop/new_perception/new_eufs_ws/install/eufs_msgs/local/lib/python3.10/dist-packages/eufs_msgs/__init__.py
[27.160s] -- Symlinking: /home/alr/Desktop/new_perception/new_eufs_ws/install/eufs_msgs/local/lib/python3.10/dist-packages/eufs_msgs/_eufs_msgs_s.ep.rosidl_typesupport_c.c
[27.167s] -- Symlinking: /home/alr/Desktop/new_perception/new_eufs_ws/install/eufs_msgs/local/lib/python3.10/dist-packages/eufs_msgs/_eufs_msgs_s.ep.rosidl_typesupport_fastrtps_c.c
[27.172s] -- Symlinking: /home/alr/Desktop/new_perception/new_eufs_ws/install/eufs_msgs/local/lib/python3.10/dist-packages/eufs_msgs/_eufs_msgs_s.ep.rosidl_typesupport_introspection_c.c
[27.178s] -- Symlinking: /home/alr/Desktop/new_perception/new_eufs_ws/install/eufs_msgs/local/lib/python3.10/dist-packages/eufs_msgs/action/__init__.py
[27.184s] -- Symlinking: /home/alr/Desktop/new_perception/new_eufs_ws/install/eufs_msgs/local/lib/python3.10/dist-packages/eufs_msgs/action/_check_for_objects.py
[27.192s] -- Symlinking: /home/alr/Desktop/new_perception/new_eufs_ws/install/eufs_msgs/local/lib/python3.10/dist-packages/eufs_msgs/action/_check_for_objects_s.c
[27.199s] -- Symlinking: /home/alr/Desktop/new_perception/new_eufs_ws/install/eufs_msgs/local/lib/python3.10/dist-packages/eufs_msgs/eufs_msgs_s__rosidl_typesupport_c.cpython-310-x86_64-linux-gnu.so
[27.208s] -- Symlinking: /home/alr/Desktop/new_perception/new_eufs_ws/install/eufs_msgs/local/lib/python3.10/dist-packages/eufs_msgs/eufs_msgs_s__rosidl_typesupport_fastrtps_c.cpython-310-x86_64-linux-gnu.so
[27.213s] -- Symlinking: /home/alr/Desktop/new_perception/new_eufs_ws/install/eufs_msgs/local/lib/python3.10/dist-packages/eufs_msgs/eufs_msgs_s__rosidl_typesupport_introspection_c.cpython-310-x86_64-linux-gnu.so
[27.223s] -- Symlinking: /home/alr/Desktop/new_perception/new_eufs_ws/install/eufs_msgs/local/lib/python3.10/dist-packages/eufs_msgs/libeufs_msgs__rosidl_generator_py.so
[27.234s] -- Symlinking: /home/alr/Desktop/new_perception/new_eufs_ws/install/eufs_msgs/local/lib/python3.10/dist-packages/eufs_msgs/msg/__init__.py
[27.246s] -- Symlinking: /home/alr/Desktop/new_perception/new_eufs_ws/install/eufs_msgs/local/lib/python3.10/dist-packages/eufs_msgs/msg/_bounding_box.py
[27.257s] -- Symlinking: /home/alr/Desktop/new_perception/new_eufs_ws/install/eufs_msgs/local/lib/python3.10/dist-packages/eufs_msgs/msg/_bounding_box_s.c
[27.267s] -- Symlinking: /home/alr/Desktop/new_perception/new_eufs_ws/install/eufs_msgs/local/lib/python3.10/dist-packages/eufs_msgs/msg/_bounding_boxes.py
[27.278s] -- Symlinking: /home/alr/Desktop/new_perception/new_eufs_ws/install/eufs_msgs/local/lib/python3.10/dist-packages/eufs_msgs/msg/_bounding_boxes_s.c
[27.288s] -- Symlinking: /home/alr/Desktop/new_perception/new_eufs_ws/install/eufs_msgs/local/lib/python3.10/dist-packages/eufs_msgs/msg/_can_state.py
[27.299s] -- Symlinking: /home/alr/Desktop/new_perception/new_eufs_ws/install/eufs_msgs/local/lib/python3.10/dist-packages/eufs_msgs/msg/_can_state_s.c
[27.309s] -- Symlinking: /home/alr/Desktop/new_perception/new_eufs_ws/install/eufs_msgs/local/lib/python3.10/dist-packages/eufs_msgs/msg/_car_forces.py
[27.319s] -- Symlinking: /home/alr/Desktop/new_perception/new_eufs_ws/install/eufs_msgs/local/lib/python3.10/dist-packages/eufs_msgs/msg/_car_forces_s.c
[27.331s] -- Symlinking: /home/alr/Desktop/new_perception/new_eufs_ws/install/eufs_msgs/local/lib/python3.10/dist-packages/eufs_msgs/msg/_car_state.py
[27.341s] -- Symlinking: /home/alr/Desktop/new_perception/new_eufs_ws/install/eufs_msgs/local/lib/python3.10/dist-packages/eufs_msgs/msg/_car_state_s.c
[27.350s] -- Symlinking: /home/alr/Desktop/new_perception/new_eufs_ws/install/eufs_msgs/local/lib/python3.10/dist-packages/eufs_msgs/msg/_chassis_command.py
[27.361s] -- Symlinking: /home/alr/Desktop/new_perception/new_eufs_ws/install/eufs_msgs/local/lib/python3.10/dist-packages/eufs_msgs/msg/_chassis_command_s.c
[27.370s] -- Symlinking: /home/alr/Desktop/new_perception/new_eufs_ws/install/eufs_msgs/local/lib/python3.10/dist-packages/eufs_msgs/msg/_chassis_state.py
[27.379s] -- Symlinking: /home/alr/Desktop/new_perception/new_eufs_ws/install/eufs_msgs/local/lib/python3.10/dist-packages/eufs_msgs/msg/_chassis_state_s.c
[27.389s] -- Symlinking: /home/alr/Desktop/new_perception/new_eufs_ws/install/eufs_msgs/local/lib/python3.10/dist-packages/eufs_msgs/msg/_cone_array.py
[27.399s] -- Symlinking: /home/alr/Desktop/new_perception/new_eufs_ws/install/eufs_msgs/local/lib/python3.10/dist-packages/eufs_msgs/msg/_cone_array_s.c
[27.409s] -- Symlinking: /home/alr/Desktop/new_perception/new_eufs_ws/install/eufs_msgs/local/lib/python3.10/dist-packages/eufs_msgs/msg/_cone_array_with_covariance.py
[27.419s] -- Symlinking: /home/alr/Desktop/new_perception/new_eufs_ws/install/eufs_msgs/local/lib/python3.10/dist-packages/eufs_msgs/msg/_cone_array_with_covariance_s.c
[27.430s] -- Symlinking: /home/alr/Desktop/new_perception/new_eufs_ws/install/eufs_msgs/local/lib/python3.10/dist-packages/eufs_msgs/msg/_cone_association.py
[27.440s] -- Symlinking: /home/alr/Desktop/new_perception/new_eufs_ws/install/eufs_msgs/local/lib/python3.10/dist-packages/eufs_msgs/msg/_cone_association_array.py
[27.450s] -- Symlinking: /home/alr/Desktop/new_perception/new_eufs_ws/install/eufs_msgs/local/lib/python3.10/dist-packages/eufs_msgs/msg/_cone_association_array_array_stamped.py
[27.460s] -- Symlinking: /home/alr/Desktop/new_perception/new_eufs_ws/install/eufs_msgs/local/lib/python3.10/dist-packages/eufs_msgs/msg/_cone_association_array_array_stamped_s.c
[27.470s] -- Symlinking: /home/alr/Desktop/new_perception/new_eufs_ws/install/eufs_msgs/local/lib/python3.10/dist-packages/eufs_msgs/msg/_cone_association_array_s.c
[27.479s] -- Symlinking: /home/alr/Desktop/new_perception/new_eufs_ws/install/eufs_msgs/local/lib/python3.10/dist-packages/eufs_msgs/msg/_cone_association_array_stamped.py
[27.489s] -- Symlinking: /home/alr/Desktop/new_perception/new_eufs_ws/install/eufs_msgs/local/lib/python3.10/dist-packages/eufs_msgs/msg/_cone_association_array_stamped_s.c
[27.499s] -- Symlinking: /home/alr/Desktop/new_perception/new_eufs_ws/install/eufs_msgs/local/lib/python3.10/dist-packages/eufs_msgs/msg/_cone_association_s.c
[27.509s] -- Symlinking: /home/alr/Desktop/new_perception/new_eufs_ws/install/eufs_msgs/local/lib/python3.10/dist-packages/eufs_msgs/msg/_cone_with_color_probability.py
[27.519s] -- Symlinking: /home/alr/Desktop/new_perception/new_eufs_ws/install/eufs_msgs/local/lib/python3.10/dist-packages/eufs_msgs/msg/_cone_with_color_probability_array.py
[27.530s] -- Symlinking: /home/alr/Desktop/new_perception/new_eufs_ws/install/eufs_msgs/local/lib/python3.10/dist-packages/eufs_msgs/msg/_cone_with_color_probability_array_s.c
[27.540s] -- Symlinking: /home/alr/Desktop/new_perception/new_eufs_ws/install/eufs_msgs/local/lib/python3.10/dist-packages/eufs_msgs/msg/_cone_with_color_probability_s.c
[27.550s] -- Symlinking: /home/alr/Desktop/new_perception/new_eufs_ws/install/eufs_msgs/local/lib/python3.10/dist-packages/eufs_msgs/msg/_cone_with_covariance.py
[27.560s] -- Symlinking: /home/alr/Desktop/new_perception/new_eufs_ws/install/eufs_msgs/local/lib/python3.10/dist-packages/eufs_msgs/msg/_cone_with_covariance_s.c
[27.570s] -- Symlinking: /home/alr/Desktop/new_perception/new_eufs_ws/install/eufs_msgs/local/lib/python3.10/dist-packages/eufs_msgs/msg/_costmap.py
[27.579s] -- Symlinking: /home/alr/Desktop/new_perception/new_eufs_ws/install/eufs_msgs/local/lib/python3.10/dist-packages/eufs_msgs/msg/_costmap_s.c
[27.590s] -- Symlinking: /home/alr/Desktop/new_perception/new_eufs_ws/install/eufs_msgs/local/lib/python3.10/dist-packages/eufs_msgs/msg/_cpu_status.py
[27.599s] -- Symlinking: /home/alr/Desktop/new_perception/new_eufs_ws/install/eufs_msgs/local/lib/python3.10/dist-packages/eufs_msgs/msg/_cpu_status_s.c
[27.609s] -- Symlinking: /home/alr/Desktop/new_perception/new_eufs_ws/install/eufs_msgs/local/lib/python3.10/dist-packages/eufs_msgs/msg/_cpu_usage.py
[27.619s] -- Symlinking: /home/alr/Desktop/new_perception/new_eufs_ws/install/eufs_msgs/local/lib/python3.10/dist-packages/eufs_msgs/msg/_cpu_usage_s.c
[27.629s] -- Symlinking: /home/alr/Desktop/new_perception/new_eufs_ws/install/eufs_msgs/local/lib/python3.10/dist-packages/eufs_msgs/msg/_ekf_err.py
[27.639s] -- Symlinking: /home/alr/Desktop/new_perception/new_eufs_ws/install/eufs_msgs/local/lib/python3.10/dist-packages/eufs_msgs/msg/_ekf_err_s.c
[27.650s] -- Symlinking: /home/alr/Desktop/new_perception/new_eufs_ws/install/eufs_msgs/local/lib/python3.10/dist-packages/eufs_msgs/msg/_ekf_state.py
[27.660s] -- Symlinking: /home/alr/Desktop/new_perception/new_eufs_ws/install/eufs_msgs/local/lib/python3.10/dist-packages/eufs_msgs/msg/_ekf_state_s.c
[27.670s] -- Symlinking: /home/alr/Desktop/new_perception/new_eufs_ws/install/eufs_msgs/local/lib/python3.10/dist-packages/eufs_msgs/msg/_full_state.py
[27.679s] -- Symlinking: /home/alr/Desktop/new_perception/new_eufs_ws/install/eufs_msgs/local/lib/python3.10/dist-packages/eufs_msgs/msg/_full_state_s.c
[27.690s] -- Symlinking: /home/alr/Desktop/new_perception/new_eufs_ws/install/eufs_msgs/local/lib/python3.10/dist-packages/eufs_msgs/msg/_heartbeat.py
[27.699s] -- Symlinking: /home/alr/Desktop/new_perception/new_eufs_ws/install/eufs_msgs/local/lib/python3.10/dist-packages/eufs_msgs/msg/_heartbeat_s.c
[27.710s] -- Symlinking: /home/alr/Desktop/new_perception/new_eufs_ws/install/eufs_msgs/local/lib/python3.10/dist-packages/eufs_msgs/msg/_integration_err.py
[27.719s] -- Symlinking: /home/alr/Desktop/new_perception/new_eufs_ws/install/eufs_msgs/local/lib/python3.10/dist-packages/eufs_msgs/msg/_integration_err_s.c
[27.730s] -- Symlinking: /home/alr/Desktop/new_perception/new_eufs_ws/install/eufs_msgs/local/lib/python3.10/dist-packages/eufs_msgs/msg/_lap_stats.py
[27.740s] -- Symlinking: /home/alr/Desktop/new_perception/new_eufs_ws/install/eufs_msgs/local/lib/python3.10/dist-packages/eufs_msgs/msg/_lap_stats_s.c
[27.751s] -- Symlinking: /home/alr/Desktop/new_perception/new_eufs_ws/install/eufs_msgs/local/lib/python3.10/dist-packages/eufs_msgs/msg/_mpc_state.py
[27.760s] -- Symlinking: /home/alr/Desktop/new_perception/new_eufs_ws/install/eufs_msgs/local/lib/python3.10/dist-packages/eufs_msgs/msg/_mpc_state_s.c
[27.770s] -- Symlinking: /home/alr/Desktop/new_perception/new_eufs_ws/install/eufs_msgs/local/lib/python3.10/dist-packages/eufs_msgs/msg/_node_state.py
[27.780s] -- Symlinking: /home/alr/Desktop/new_perception/new_eufs_ws/install/eufs_msgs/local/lib/python3.10/dist-packages/eufs_msgs/msg/_node_state_array.py
[27.790s] -- Symlinking: /home/alr/Desktop/new_perception/new_eufs_ws/install/eufs_msgs/local/lib/python3.10/dist-packages/eufs_msgs/msg/_node_state_array_s.c
[27.799s] -- Symlinking: /home/alr/Desktop/new_perception/new_eufs_ws/install/eufs_msgs/local/lib/python3.10/dist-packages/eufs_msgs/msg/_node_state_s.c
[27.809s] -- Symlinking: /home/alr/Desktop/new_perception/new_eufs_ws/install/eufs_msgs/local/lib/python3.10/dist-packages/eufs_msgs/msg/_oss.py
[27.818s] -- Symlinking: /home/alr/Desktop/new_perception/new_eufs_ws/install/eufs_msgs/local/lib/python3.10/dist-packages/eufs_msgs/msg/_oss_s.c
[27.829s] -- Symlinking: /home/alr/Desktop/new_perception/new_eufs_ws/install/eufs_msgs/local/lib/python3.10/dist-packages/eufs_msgs/msg/_particle.py
[27.837s] -- Symlinking: /home/alr/Desktop/new_perception/new_eufs_ws/install/eufs_msgs/local/lib/python3.10/dist-packages/eufs_msgs/msg/_particle_s.c
[27.843s] -- Symlinking: /home/alr/Desktop/new_perception/new_eufs_ws/install/eufs_msgs/local/lib/python3.10/dist-packages/eufs_msgs/msg/_particle_slam.py
[27.851s] -- Symlinking: /home/alr/Desktop/new_perception/new_eufs_ws/install/eufs_msgs/local/lib/python3.10/dist-packages/eufs_msgs/msg/_particle_slam_s.c
[27.857s] -- Symlinking: /home/alr/Desktop/new_perception/new_eufs_ws/install/eufs_msgs/local/lib/python3.10/dist-packages/eufs_msgs/msg/_particle_slam_stamped.py
[27.865s] -- Symlinking: /home/alr/Desktop/new_perception/new_eufs_ws/install/eufs_msgs/local/lib/python3.10/dist-packages/eufs_msgs/msg/_particle_slam_stamped_s.c
[27.873s] -- Symlinking: /home/alr/Desktop/new_perception/new_eufs_ws/install/eufs_msgs/local/lib/python3.10/dist-packages/eufs_msgs/msg/_particle_stamped.py
[27.883s] -- Symlinking: /home/alr/Desktop/new_perception/new_eufs_ws/install/eufs_msgs/local/lib/python3.10/dist-packages/eufs_msgs/msg/_particle_stamped_s.c
[27.893s] -- Symlinking: /home/alr/Desktop/new_perception/new_eufs_ws/install/eufs_msgs/local/lib/python3.10/dist-packages/eufs_msgs/msg/_path_integral_params.py
[27.902s] -- Symlinking: /home/alr/Desktop/new_perception/new_eufs_ws/install/eufs_msgs/local/lib/python3.10/dist-packages/eufs_msgs/msg/_path_integral_params_s.c
[27.912s] -- Symlinking: /home/alr/Desktop/new_perception/new_eufs_ws/install/eufs_msgs/local/lib/python3.10/dist-packages/eufs_msgs/msg/_path_integral_stats.py
[27.921s] -- Symlinking: /home/alr/Desktop/new_perception/new_eufs_ws/install/eufs_msgs/local/lib/python3.10/dist-packages/eufs_msgs/msg/_path_integral_stats_s.c
[27.932s] -- Symlinking: /home/alr/Desktop/new_perception/new_eufs_ws/install/eufs_msgs/local/lib/python3.10/dist-packages/eufs_msgs/msg/_path_integral_status.py
[27.942s] -- Symlinking: /home/alr/Desktop/new_perception/new_eufs_ws/install/eufs_msgs/local/lib/python3.10/dist-packages/eufs_msgs/msg/_path_integral_status_s.c
[27.952s] -- Symlinking: /home/alr/Desktop/new_perception/new_eufs_ws/install/eufs_msgs/local/lib/python3.10/dist-packages/eufs_msgs/msg/_path_integral_timing.py
[27.962s] -- Symlinking: /home/alr/Desktop/new_perception/new_eufs_ws/install/eufs_msgs/local/lib/python3.10/dist-packages/eufs_msgs/msg/_path_integral_timing_s.c
[27.971s] -- Symlinking: /home/alr/Desktop/new_perception/new_eufs_ws/install/eufs_msgs/local/lib/python3.10/dist-packages/eufs_msgs/msg/_planning_mode.py
[27.982s] -- Symlinking: /home/alr/Desktop/new_perception/new_eufs_ws/install/eufs_msgs/local/lib/python3.10/dist-packages/eufs_msgs/msg/_planning_mode_s.c
[27.990s] -- Symlinking: /home/alr/Desktop/new_perception/new_eufs_ws/install/eufs_msgs/local/lib/python3.10/dist-packages/eufs_msgs/msg/_point_array.py
[28.001s] -- Symlinking: /home/alr/Desktop/new_perception/new_eufs_ws/install/eufs_msgs/local/lib/python3.10/dist-packages/eufs_msgs/msg/_point_array_s.c
[28.011s] -- Symlinking: /home/alr/Desktop/new_perception/new_eufs_ws/install/eufs_msgs/local/lib/python3.10/dist-packages/eufs_msgs/msg/_point_array_stamped.py
[28.020s] -- Symlinking: /home/alr/Desktop/new_perception/new_eufs_ws/install/eufs_msgs/local/lib/python3.10/dist-packages/eufs_msgs/msg/_point_array_stamped_s.c
[28.031s] -- Symlinking: /home/alr/Desktop/new_perception/new_eufs_ws/install/eufs_msgs/local/lib/python3.10/dist-packages/eufs_msgs/msg/_pure_pursuit_checkpoint.py
[28.041s] -- Symlinking: /home/alr/Desktop/new_perception/new_eufs_ws/install/eufs_msgs/local/lib/python3.10/dist-packages/eufs_msgs/msg/_pure_pursuit_checkpoint_array_stamped.py
[28.051s] -- Symlinking: /home/alr/Desktop/new_perception/new_eufs_ws/install/eufs_msgs/local/lib/python3.10/dist-packages/eufs_msgs/msg/_pure_pursuit_checkpoint_array_stamped_s.c
[28.061s] -- Symlinking: /home/alr/Desktop/new_perception/new_eufs_ws/install/eufs_msgs/local/lib/python3.10/dist-packages/eufs_msgs/msg/_pure_pursuit_checkpoint_s.c
[28.071s] -- Symlinking: /home/alr/Desktop/new_perception/new_eufs_ws/install/eufs_msgs/local/lib/python3.10/dist-packages/eufs_msgs/msg/_runstop.py
[28.081s] -- Symlinking: /home/alr/Desktop/new_perception/new_eufs_ws/install/eufs_msgs/local/lib/python3.10/dist-packages/eufs_msgs/msg/_runstop_s.c
[28.091s] -- Symlinking: /home/alr/Desktop/new_perception/new_eufs_ws/install/eufs_msgs/local/lib/python3.10/dist-packages/eufs_msgs/msg/_slam_err.py
[28.101s] -- Symlinking: /home/alr/Desktop/new_perception/new_eufs_ws/install/eufs_msgs/local/lib/python3.10/dist-packages/eufs_msgs/msg/_slam_err_s.c
[28.111s] -- Symlinking: /home/alr/Desktop/new_perception/new_eufs_ws/install/eufs_msgs/local/lib/python3.10/dist-packages/eufs_msgs/msg/_slam_state.py
[28.122s] -- Symlinking: /home/alr/Desktop/new_perception/new_eufs_ws/install/eufs_msgs/local/lib/python3.10/dist-packages/eufs_msgs/msg/_slam_state_s.c
[28.134s] -- Symlinking: /home/alr/Desktop/new_perception/new_eufs_ws/install/eufs_msgs/local/lib/python3.10/dist-packages/eufs_msgs/msg/_state_machine_state.py
[28.144s] -- Symlinking: /home/alr/Desktop/new_perception/new_eufs_ws/install/eufs_msgs/local/lib/python3.10/dist-packages/eufs_msgs/msg/_state_machine_state_s.c
[28.154s] -- Symlinking: /home/alr/Desktop/new_perception/new_eufs_ws/install/eufs_msgs/local/lib/python3.10/dist-packages/eufs_msgs/msg/_stereo_image.py
[28.163s] -- Symlinking: /home/alr/Desktop/new_perception/new_eufs_ws/install/eufs_msgs/local/lib/python3.10/dist-packages/eufs_msgs/msg/_stereo_image_s.c
[28.173s] -- Symlinking: /home/alr/Desktop/new_perception/new_eufs_ws/install/eufs_msgs/local/lib/python3.10/dist-packages/eufs_msgs/msg/_system_status.py
[28.183s] -- Symlinking: /home/alr/Desktop/new_perception/new_eufs_ws/install/eufs_msgs/local/lib/python3.10/dist-packages/eufs_msgs/msg/_system_status_s.c
[28.193s] -- Symlinking: /home/alr/Desktop/new_perception/new_eufs_ws/install/eufs_msgs/local/lib/python3.10/dist-packages/eufs_msgs/msg/_topic_status.py
[28.203s] -- Symlinking: /home/alr/Desktop/new_perception/new_eufs_ws/install/eufs_msgs/local/lib/python3.10/dist-packages/eufs_msgs/msg/_topic_status_s.c
[28.213s] -- Symlinking: /home/alr/Desktop/new_perception/new_eufs_ws/install/eufs_msgs/local/lib/python3.10/dist-packages/eufs_msgs/msg/_vehicle_commands.py
[28.223s] -- Symlinking: /home/alr/Desktop/new_perception/new_eufs_ws/install/eufs_msgs/local/lib/python3.10/dist-packages/eufs_msgs/msg/_vehicle_commands_s.c
[28.234s] -- Symlinking: /home/alr/Desktop/new_perception/new_eufs_ws/install/eufs_msgs/local/lib/python3.10/dist-packages/eufs_msgs/msg/_vehicle_commands_stamped.py
[28.244s] -- Symlinking: /home/alr/Desktop/new_perception/new_eufs_ws/install/eufs_msgs/local/lib/python3.10/dist-packages/eufs_msgs/msg/_vehicle_commands_stamped_s.c
[28.253s] -- Symlinking: /home/alr/Desktop/new_perception/new_eufs_ws/install/eufs_msgs/local/lib/python3.10/dist-packages/eufs_msgs/msg/_waypoint.py
[28.264s] -- Symlinking: /home/alr/Desktop/new_perception/new_eufs_ws/install/eufs_msgs/local/lib/python3.10/dist-packages/eufs_msgs/msg/_waypoint_array_stamped.py
[28.274s] -- Symlinking: /home/alr/Desktop/new_perception/new_eufs_ws/install/eufs_msgs/local/lib/python3.10/dist-packages/eufs_msgs/msg/_waypoint_array_stamped_s.c
[28.284s] -- Symlinking: /home/alr/Desktop/new_perception/new_eufs_ws/install/eufs_msgs/local/lib/python3.10/dist-packages/eufs_msgs/msg/_waypoint_s.c
[28.294s] -- Symlinking: /home/alr/Desktop/new_perception/new_eufs_ws/install/eufs_msgs/local/lib/python3.10/dist-packages/eufs_msgs/msg/_wheel_odometry_err.py
[28.304s] -- Symlinking: /home/alr/Desktop/new_perception/new_eufs_ws/install/eufs_msgs/local/lib/python3.10/dist-packages/eufs_msgs/msg/_wheel_odometry_err_s.c
[28.314s] -- Symlinking: /home/alr/Desktop/new_perception/new_eufs_ws/install/eufs_msgs/local/lib/python3.10/dist-packages/eufs_msgs/msg/_wheel_speeds.py
[28.324s] -- Symlinking: /home/alr/Desktop/new_perception/new_eufs_ws/install/eufs_msgs/local/lib/python3.10/dist-packages/eufs_msgs/msg/_wheel_speeds_s.c
[28.333s] -- Symlinking: /home/alr/Desktop/new_perception/new_eufs_ws/install/eufs_msgs/local/lib/python3.10/dist-packages/eufs_msgs/msg/_wheel_speeds_stamped.py
[28.343s] -- Symlinking: /home/alr/Desktop/new_perception/new_eufs_ws/install/eufs_msgs/local/lib/python3.10/dist-packages/eufs_msgs/msg/_wheel_speeds_stamped_s.c
[28.353s] -- Symlinking: /home/alr/Desktop/new_perception/new_eufs_ws/install/eufs_msgs/local/lib/python3.10/dist-packages/eufs_msgs/srv/__init__.py
[28.363s] -- Symlinking: /home/alr/Desktop/new_perception/new_eufs_ws/install/eufs_msgs/local/lib/python3.10/dist-packages/eufs_msgs/srv/_get_map.py
[28.373s] -- Symlinking: /home/alr/Desktop/new_perception/new_eufs_ws/install/eufs_msgs/local/lib/python3.10/dist-packages/eufs_msgs/srv/_get_map_s.c
[28.383s] -- Symlinking: /home/alr/Desktop/new_perception/new_eufs_ws/install/eufs_msgs/local/lib/python3.10/dist-packages/eufs_msgs/srv/_record_start.py
[28.393s] -- Symlinking: /home/alr/Desktop/new_perception/new_eufs_ws/install/eufs_msgs/local/lib/python3.10/dist-packages/eufs_msgs/srv/_record_start_s.c
[28.402s] -- Symlinking: /home/alr/Desktop/new_perception/new_eufs_ws/install/eufs_msgs/local/lib/python3.10/dist-packages/eufs_msgs/srv/_record_stop.py
[28.411s] -- Symlinking: /home/alr/Desktop/new_perception/new_eufs_ws/install/eufs_msgs/local/lib/python3.10/dist-packages/eufs_msgs/srv/_record_stop_s.c
[28.421s] -- Symlinking: /home/alr/Desktop/new_perception/new_eufs_ws/install/eufs_msgs/local/lib/python3.10/dist-packages/eufs_msgs/srv/_register.py
[28.430s] -- Symlinking: /home/alr/Desktop/new_perception/new_eufs_ws/install/eufs_msgs/local/lib/python3.10/dist-packages/eufs_msgs/srv/_register_s.c
[28.441s] -- Symlinking: /home/alr/Desktop/new_perception/new_eufs_ws/install/eufs_msgs/local/lib/python3.10/dist-packages/eufs_msgs/srv/_set_can_state.py
[28.452s] -- Symlinking: /home/alr/Desktop/new_perception/new_eufs_ws/install/eufs_msgs/local/lib/python3.10/dist-packages/eufs_msgs/srv/_set_can_state_s.c
[28.459s] -- Symlinking: /home/alr/Desktop/new_perception/new_eufs_ws/install/eufs_msgs/local/lib/python3.10/dist-packages/eufs_msgs/srv/_set_mission.py
[28.468s] -- Symlinking: /home/alr/Desktop/new_perception/new_eufs_ws/install/eufs_msgs/local/lib/python3.10/dist-packages/eufs_msgs/srv/_set_mission_s.c
[28.478s] -- Symlinking: /home/alr/Desktop/new_perception/new_eufs_ws/install/eufs_msgs/local/lib/python3.10/dist-packages/eufs_msgs/srv/_set_string.py
[28.486s] -- Symlinking: /home/alr/Desktop/new_perception/new_eufs_ws/install/eufs_msgs/local/lib/python3.10/dist-packages/eufs_msgs/srv/_set_string_s.c
[28.494s] -- Symlinking: /home/alr/Desktop/new_perception/new_eufs_ws/install/eufs_msgs/local/lib/python3.10/dist-packages/eufs_msgs/srv/_set_track.py
[28.504s] -- Symlinking: /home/alr/Desktop/new_perception/new_eufs_ws/install/eufs_msgs/local/lib/python3.10/dist-packages/eufs_msgs/srv/_set_track_s.c
[28.514s] -- Up-to-date symlink: /home/alr/Desktop/new_perception/new_eufs_ws/install/eufs_msgs/local/lib/python3.10/dist-packages/eufs_msgs/eufs_msgs_s__rosidl_typesupport_fastrtps_c.cpython-310-x86_64-linux-gnu.so
[28.515s] -- Up-to-date symlink: /home/alr/Desktop/new_perception/new_eufs_ws/install/eufs_msgs/local/lib/python3.10/dist-packages/eufs_msgs/eufs_msgs_s__rosidl_typesupport_introspection_c.cpython-310-x86_64-linux-gnu.so
[28.515s] -- Up-to-date symlink: /home/alr/Desktop/new_perception/new_eufs_ws/install/eufs_msgs/local/lib/python3.10/dist-packages/eufs_msgs/eufs_msgs_s__rosidl_typesupport_c.cpython-310-x86_64-linux-gnu.so
[28.515s] -- Symlinking: /home/alr/Desktop/new_perception/new_eufs_ws/install/eufs_msgs/share/ament_index/resource_index/rust_packages/eufs_msgs
[28.526s] -- Symlinking: /home/alr/Desktop/new_perception/new_eufs_ws/install/eufs_msgs/share/eufs_msgs/rust/Cargo.toml
[28.536s] -- Symlinking: /home/alr/Desktop/new_perception/new_eufs_ws/install/eufs_msgs/share/eufs_msgs/rust/build.rs
[28.546s] -- Symlinking: /home/alr/Desktop/new_perception/new_eufs_ws/install/eufs_msgs/share/eufs_msgs/rust/src/action.rs
[28.557s] -- Symlinking: /home/alr/Desktop/new_perception/new_eufs_ws/install/eufs_msgs/share/eufs_msgs/rust/src/action/rmw.rs
[28.567s] -- Symlinking: /home/alr/Desktop/new_perception/new_eufs_ws/install/eufs_msgs/share/eufs_msgs/rust/src/lib.rs
[28.577s] -- Symlinking: /home/alr/Desktop/new_perception/new_eufs_ws/install/eufs_msgs/share/eufs_msgs/rust/src/msg.rs
[28.586s] -- Symlinking: /home/alr/Desktop/new_perception/new_eufs_ws/install/eufs_msgs/share/eufs_msgs/rust/src/msg/rmw.rs
[28.596s] -- Symlinking: /home/alr/Desktop/new_perception/new_eufs_ws/install/eufs_msgs/share/eufs_msgs/rust/src/srv.rs
[28.601s] -- Symlinking: /home/alr/Desktop/new_perception/new_eufs_ws/install/eufs_msgs/share/eufs_msgs/rust/src/srv/rmw.rs
[28.607s] -- Symlinking: /home/alr/Desktop/new_perception/new_eufs_ws/install/eufs_msgs/share/eufs_msgs/msg/BoundingBox.idl
[28.617s] -- Symlinking: /home/alr/Desktop/new_perception/new_eufs_ws/install/eufs_msgs/share/eufs_msgs/msg/BoundingBoxes.idl
[28.622s] -- Symlinking: /home/alr/Desktop/new_perception/new_eufs_ws/install/eufs_msgs/share/eufs_msgs/msg/CanState.idl
[28.631s] -- Symlinking: /home/alr/Desktop/new_perception/new_eufs_ws/install/eufs_msgs/share/eufs_msgs/msg/CarForces.idl
[28.641s] -- Symlinking: /home/alr/Desktop/new_perception/new_eufs_ws/install/eufs_msgs/share/eufs_msgs/msg/CarState.idl
[28.652s] -- Symlinking: /home/alr/Desktop/new_perception/new_eufs_ws/install/eufs_msgs/share/eufs_msgs/msg/ChassisCommand.idl
[28.660s] -- Symlinking: /home/alr/Desktop/new_perception/new_eufs_ws/install/eufs_msgs/share/eufs_msgs/msg/ChassisState.idl
[28.670s] -- Symlinking: /home/alr/Desktop/new_perception/new_eufs_ws/install/eufs_msgs/share/eufs_msgs/msg/ConeArray.idl
[28.679s] -- Symlinking: /home/alr/Desktop/new_perception/new_eufs_ws/install/eufs_msgs/share/eufs_msgs/msg/ConeArrayWithCovariance.idl
[28.688s] -- Symlinking: /home/alr/Desktop/new_perception/new_eufs_ws/install/eufs_msgs/share/eufs_msgs/msg/ConeWithColorProbability.idl
[28.698s] -- Symlinking: /home/alr/Desktop/new_perception/new_eufs_ws/install/eufs_msgs/share/eufs_msgs/msg/ConeWithColorProbabilityArray.idl
[28.706s] -- Symlinking: /home/alr/Desktop/new_perception/new_eufs_ws/install/eufs_msgs/share/eufs_msgs/msg/ConeWithCovariance.idl
[28.716s] -- Symlinking: /home/alr/Desktop/new_perception/new_eufs_ws/install/eufs_msgs/share/eufs_msgs/msg/ConeAssociation.idl
[28.727s] -- Symlinking: /home/alr/Desktop/new_perception/new_eufs_ws/install/eufs_msgs/share/eufs_msgs/msg/ConeAssociationArray.idl
[28.739s] -- Symlinking: /home/alr/Desktop/new_perception/new_eufs_ws/install/eufs_msgs/share/eufs_msgs/msg/ConeAssociationArrayArrayStamped.idl
[28.747s] -- Symlinking: /home/alr/Desktop/new_perception/new_eufs_ws/install/eufs_msgs/share/eufs_msgs/msg/ConeAssociationArrayStamped.idl
[28.752s] -- Symlinking: /home/alr/Desktop/new_perception/new_eufs_ws/install/eufs_msgs/share/eufs_msgs/msg/Costmap.idl
[28.759s] -- Symlinking: /home/alr/Desktop/new_perception/new_eufs_ws/install/eufs_msgs/share/eufs_msgs/msg/CpuStatus.idl
[28.764s] -- Symlinking: /home/alr/Desktop/new_perception/new_eufs_ws/install/eufs_msgs/share/eufs_msgs/msg/CpuUsage.idl
[28.770s] -- Symlinking: /home/alr/Desktop/new_perception/new_eufs_ws/install/eufs_msgs/share/eufs_msgs/msg/EKFErr.idl
[28.777s] -- Symlinking: /home/alr/Desktop/new_perception/new_eufs_ws/install/eufs_msgs/share/eufs_msgs/msg/EKFState.idl
[28.782s] -- Symlinking: /home/alr/Desktop/new_perception/new_eufs_ws/install/eufs_msgs/share/eufs_msgs/msg/FullState.idl
[28.789s] -- Symlinking: /home/alr/Desktop/new_perception/new_eufs_ws/install/eufs_msgs/share/eufs_msgs/msg/Heartbeat.idl
[28.796s] -- Symlinking: /home/alr/Desktop/new_perception/new_eufs_ws/install/eufs_msgs/share/eufs_msgs/msg/IntegrationErr.idl
[28.801s] -- Symlinking: /home/alr/Desktop/new_perception/new_eufs_ws/install/eufs_msgs/share/eufs_msgs/msg/LapStats.idl
[28.806s] -- Symlinking: /home/alr/Desktop/new_perception/new_eufs_ws/install/eufs_msgs/share/eufs_msgs/msg/MPCState.idl
[28.811s] -- Symlinking: /home/alr/Desktop/new_perception/new_eufs_ws/install/eufs_msgs/share/eufs_msgs/msg/NodeState.idl
[28.817s] -- Symlinking: /home/alr/Desktop/new_perception/new_eufs_ws/install/eufs_msgs/share/eufs_msgs/msg/NodeStateArray.idl
[28.822s] -- Symlinking: /home/alr/Desktop/new_perception/new_eufs_ws/install/eufs_msgs/share/eufs_msgs/msg/OSS.idl
[28.829s] -- Symlinking: /home/alr/Desktop/new_perception/new_eufs_ws/install/eufs_msgs/share/eufs_msgs/msg/Particle.idl
[28.838s] -- Symlinking: /home/alr/Desktop/new_perception/new_eufs_ws/install/eufs_msgs/share/eufs_msgs/msg/ParticleSLAM.idl
[28.843s] -- Symlinking: /home/alr/Desktop/new_perception/new_eufs_ws/install/eufs_msgs/share/eufs_msgs/msg/ParticleSLAMStamped.idl
[28.851s] -- Symlinking: /home/alr/Desktop/new_perception/new_eufs_ws/install/eufs_msgs/share/eufs_msgs/msg/ParticleStamped.idl
[28.858s] -- Symlinking: /home/alr/Desktop/new_perception/new_eufs_ws/install/eufs_msgs/share/eufs_msgs/msg/PathIntegralParams.idl
[28.863s] -- Symlinking: /home/alr/Desktop/new_perception/new_eufs_ws/install/eufs_msgs/share/eufs_msgs/msg/PathIntegralStats.idl
[28.870s] -- Symlinking: /home/alr/Desktop/new_perception/new_eufs_ws/install/eufs_msgs/share/eufs_msgs/msg/PathIntegralStatus.idl
[28.877s] -- Symlinking: /home/alr/Desktop/new_perception/new_eufs_ws/install/eufs_msgs/share/eufs_msgs/msg/PathIntegralTiming.idl
[28.882s] -- Symlinking: /home/alr/Desktop/new_perception/new_eufs_ws/install/eufs_msgs/share/eufs_msgs/msg/PlanningMode.idl
[28.887s] -- Symlinking: /home/alr/Desktop/new_perception/new_eufs_ws/install/eufs_msgs/share/eufs_msgs/msg/PointArray.idl
[28.892s] -- Symlinking: /home/alr/Desktop/new_perception/new_eufs_ws/install/eufs_msgs/share/eufs_msgs/msg/PointArrayStamped.idl
[28.899s] -- Symlinking: /home/alr/Desktop/new_perception/new_eufs_ws/install/eufs_msgs/share/eufs_msgs/msg/PurePursuitCheckpoint.idl
[28.904s] -- Symlinking: /home/alr/Desktop/new_perception/new_eufs_ws/install/eufs_msgs/share/eufs_msgs/msg/PurePursuitCheckpointArrayStamped.idl
[28.909s] -- Symlinking: /home/alr/Desktop/new_perception/new_eufs_ws/install/eufs_msgs/share/eufs_msgs/msg/Runstop.idl
[28.918s] -- Symlinking: /home/alr/Desktop/new_perception/new_eufs_ws/install/eufs_msgs/share/eufs_msgs/msg/SLAMErr.idl
[28.926s] -- Symlinking: /home/alr/Desktop/new_perception/new_eufs_ws/install/eufs_msgs/share/eufs_msgs/msg/SLAMState.idl
[28.938s] -- Symlinking: /home/alr/Desktop/new_perception/new_eufs_ws/install/eufs_msgs/share/eufs_msgs/msg/StateMachineState.idl
[28.948s] -- Symlinking: /home/alr/Desktop/new_perception/new_eufs_ws/install/eufs_msgs/share/eufs_msgs/msg/StereoImage.idl
[28.958s] -- Symlinking: /home/alr/Desktop/new_perception/new_eufs_ws/install/eufs_msgs/share/eufs_msgs/msg/SystemStatus.idl
[28.968s] -- Symlinking: /home/alr/Desktop/new_perception/new_eufs_ws/install/eufs_msgs/share/eufs_msgs/msg/TopicStatus.idl
[28.978s] -- Symlinking: /home/alr/Desktop/new_perception/new_eufs_ws/install/eufs_msgs/share/eufs_msgs/msg/VehicleCommands.idl
[28.987s] -- Symlinking: /home/alr/Desktop/new_perception/new_eufs_ws/install/eufs_msgs/share/eufs_msgs/msg/VehicleCommandsStamped.idl
[28.997s] -- Symlinking: /home/alr/Desktop/new_perception/new_eufs_ws/install/eufs_msgs/share/eufs_msgs/msg/Waypoint.idl
[29.007s] -- Symlinking: /home/alr/Desktop/new_perception/new_eufs_ws/install/eufs_msgs/share/eufs_msgs/msg/WaypointArrayStamped.idl
[29.017s] -- Symlinking: /home/alr/Desktop/new_perception/new_eufs_ws/install/eufs_msgs/share/eufs_msgs/msg/WheelOdometryErr.idl
[29.028s] -- Symlinking: /home/alr/Desktop/new_perception/new_eufs_ws/install/eufs_msgs/share/eufs_msgs/msg/WheelSpeeds.idl
[29.040s] -- Symlinking: /home/alr/Desktop/new_perception/new_eufs_ws/install/eufs_msgs/share/eufs_msgs/msg/WheelSpeedsStamped.idl
[29.048s] -- Symlinking: /home/alr/Desktop/new_perception/new_eufs_ws/install/eufs_msgs/share/eufs_msgs/action/CheckForObjects.idl
[29.058s] -- Symlinking: /home/alr/Desktop/new_perception/new_eufs_ws/install/eufs_msgs/share/eufs_msgs/srv/RecordStart.idl
[29.068s] -- Symlinking: /home/alr/Desktop/new_perception/new_eufs_ws/install/eufs_msgs/share/eufs_msgs/srv/RecordStop.idl
[29.078s] -- Symlinking: /home/alr/Desktop/new_perception/new_eufs_ws/install/eufs_msgs/share/eufs_msgs/srv/Register.idl
[29.088s] -- Symlinking: /home/alr/Desktop/new_perception/new_eufs_ws/install/eufs_msgs/share/eufs_msgs/srv/SetCanState.idl
[29.097s] -- Symlinking: /home/alr/Desktop/new_perception/new_eufs_ws/install/eufs_msgs/share/eufs_msgs/srv/SetString.idl
[29.108s] -- Symlinking: /home/alr/Desktop/new_perception/new_eufs_ws/install/eufs_msgs/share/eufs_msgs/srv/SetTrack.idl
[29.117s] -- Symlinking: /home/alr/Desktop/new_perception/new_eufs_ws/install/eufs_msgs/share/eufs_msgs/srv/SetMission.idl
[29.127s] -- Symlinking: /home/alr/Desktop/new_perception/new_eufs_ws/install/eufs_msgs/share/eufs_msgs/srv/GetMap.idl
[29.138s] -- Symlinking: /home/alr/Desktop/new_perception/new_eufs_ws/install/eufs_msgs/share/eufs_msgs/msg/BoundingBox.msg
[29.148s] -- Symlinking: /home/alr/Desktop/new_perception/new_eufs_ws/install/eufs_msgs/share/eufs_msgs/msg/BoundingBoxes.msg
[29.158s] -- Symlinking: /home/alr/Desktop/new_perception/new_eufs_ws/install/eufs_msgs/share/eufs_msgs/msg/CanState.msg
[29.168s] -- Symlinking: /home/alr/Desktop/new_perception/new_eufs_ws/install/eufs_msgs/share/eufs_msgs/msg/CarForces.msg
[29.177s] -- Symlinking: /home/alr/Desktop/new_perception/new_eufs_ws/install/eufs_msgs/share/eufs_msgs/msg/CarState.msg
[29.188s] -- Symlinking: /home/alr/Desktop/new_perception/new_eufs_ws/install/eufs_msgs/share/eufs_msgs/msg/ChassisCommand.msg
[29.197s] -- Symlinking: /home/alr/Desktop/new_perception/new_eufs_ws/install/eufs_msgs/share/eufs_msgs/msg/ChassisState.msg
[29.208s] -- Symlinking: /home/alr/Desktop/new_perception/new_eufs_ws/install/eufs_msgs/share/eufs_msgs/msg/ConeArray.msg
[29.218s] -- Symlinking: /home/alr/Desktop/new_perception/new_eufs_ws/install/eufs_msgs/share/eufs_msgs/msg/ConeArrayWithCovariance.msg
[29.228s] -- Symlinking: /home/alr/Desktop/new_perception/new_eufs_ws/install/eufs_msgs/share/eufs_msgs/msg/ConeWithColorProbability.msg
[29.238s] -- Symlinking: /home/alr/Desktop/new_perception/new_eufs_ws/install/eufs_msgs/share/eufs_msgs/msg/ConeWithColorProbabilityArray.msg
[29.247s] -- Symlinking: /home/alr/Desktop/new_perception/new_eufs_ws/install/eufs_msgs/share/eufs_msgs/msg/ConeWithCovariance.msg
[29.257s] -- Symlinking: /home/alr/Desktop/new_perception/new_eufs_ws/install/eufs_msgs/share/eufs_msgs/msg/ConeAssociation.msg
[29.266s] -- Symlinking: /home/alr/Desktop/new_perception/new_eufs_ws/install/eufs_msgs/share/eufs_msgs/msg/ConeAssociationArray.msg
[29.277s] -- Symlinking: /home/alr/Desktop/new_perception/new_eufs_ws/install/eufs_msgs/share/eufs_msgs/msg/ConeAssociationArrayArrayStamped.msg
[29.287s] -- Symlinking: /home/alr/Desktop/new_perception/new_eufs_ws/install/eufs_msgs/share/eufs_msgs/msg/ConeAssociationArrayStamped.msg
[29.297s] -- Symlinking: /home/alr/Desktop/new_perception/new_eufs_ws/install/eufs_msgs/share/eufs_msgs/msg/Costmap.msg
[29.308s] -- Symlinking: /home/alr/Desktop/new_perception/new_eufs_ws/install/eufs_msgs/share/eufs_msgs/msg/CpuStatus.msg
[29.318s] -- Symlinking: /home/alr/Desktop/new_perception/new_eufs_ws/install/eufs_msgs/share/eufs_msgs/msg/CpuUsage.msg
[29.326s] -- Symlinking: /home/alr/Desktop/new_perception/new_eufs_ws/install/eufs_msgs/share/eufs_msgs/msg/EKFErr.msg
[29.336s] -- Symlinking: /home/alr/Desktop/new_perception/new_eufs_ws/install/eufs_msgs/share/eufs_msgs/msg/EKFState.msg
[29.346s] -- Symlinking: /home/alr/Desktop/new_perception/new_eufs_ws/install/eufs_msgs/share/eufs_msgs/msg/FullState.msg
[29.357s] -- Symlinking: /home/alr/Desktop/new_perception/new_eufs_ws/install/eufs_msgs/share/eufs_msgs/msg/Heartbeat.msg
[29.369s] -- Symlinking: /home/alr/Desktop/new_perception/new_eufs_ws/install/eufs_msgs/share/eufs_msgs/msg/IntegrationErr.msg
[29.379s] -- Symlinking: /home/alr/Desktop/new_perception/new_eufs_ws/install/eufs_msgs/share/eufs_msgs/msg/LapStats.msg
[29.390s] -- Symlinking: /home/alr/Desktop/new_perception/new_eufs_ws/install/eufs_msgs/share/eufs_msgs/msg/MPCState.msg
[29.400s] -- Symlinking: /home/alr/Desktop/new_perception/new_eufs_ws/install/eufs_msgs/share/eufs_msgs/msg/NodeState.msg
[29.411s] -- Symlinking: /home/alr/Desktop/new_perception/new_eufs_ws/install/eufs_msgs/share/eufs_msgs/msg/NodeStateArray.msg
[29.420s] -- Symlinking: /home/alr/Desktop/new_perception/new_eufs_ws/install/eufs_msgs/share/eufs_msgs/msg/OSS.msg
[29.431s] -- Symlinking: /home/alr/Desktop/new_perception/new_eufs_ws/install/eufs_msgs/share/eufs_msgs/msg/Particle.msg
[29.441s] -- Symlinking: /home/alr/Desktop/new_perception/new_eufs_ws/install/eufs_msgs/share/eufs_msgs/msg/ParticleSLAM.msg
[29.451s] -- Symlinking: /home/alr/Desktop/new_perception/new_eufs_ws/install/eufs_msgs/share/eufs_msgs/msg/ParticleSLAMStamped.msg
[29.461s] -- Symlinking: /home/alr/Desktop/new_perception/new_eufs_ws/install/eufs_msgs/share/eufs_msgs/msg/ParticleStamped.msg
[29.471s] -- Symlinking: /home/alr/Desktop/new_perception/new_eufs_ws/install/eufs_msgs/share/eufs_msgs/msg/PathIntegralParams.msg
[29.480s] -- Symlinking: /home/alr/Desktop/new_perception/new_eufs_ws/install/eufs_msgs/share/eufs_msgs/msg/PathIntegralStats.msg
[29.490s] -- Symlinking: /home/alr/Desktop/new_perception/new_eufs_ws/install/eufs_msgs/share/eufs_msgs/msg/PathIntegralStatus.msg
[29.500s] -- Symlinking: /home/alr/Desktop/new_perception/new_eufs_ws/install/eufs_msgs/share/eufs_msgs/msg/PathIntegralTiming.msg
[29.510s] -- Symlinking: /home/alr/Desktop/new_perception/new_eufs_ws/install/eufs_msgs/share/eufs_msgs/msg/PlanningMode.msg
[29.520s] -- Symlinking: /home/alr/Desktop/new_perception/new_eufs_ws/install/eufs_msgs/share/eufs_msgs/msg/PointArray.msg
[29.527s] -- Symlinking: /home/alr/Desktop/new_perception/new_eufs_ws/install/eufs_msgs/share/eufs_msgs/msg/PointArrayStamped.msg
[29.535s] -- Symlinking: /home/alr/Desktop/new_perception/new_eufs_ws/install/eufs_msgs/share/eufs_msgs/msg/PurePursuitCheckpoint.msg
[29.544s] -- Symlinking: /home/alr/Desktop/new_perception/new_eufs_ws/install/eufs_msgs/share/eufs_msgs/msg/PurePursuitCheckpointArrayStamped.msg
[29.554s] -- Symlinking: /home/alr/Desktop/new_perception/new_eufs_ws/install/eufs_msgs/share/eufs_msgs/msg/Runstop.msg
[29.561s] -- Symlinking: /home/alr/Desktop/new_perception/new_eufs_ws/install/eufs_msgs/share/eufs_msgs/msg/SLAMErr.msg
[29.567s] -- Symlinking: /home/alr/Desktop/new_perception/new_eufs_ws/install/eufs_msgs/share/eufs_msgs/msg/SLAMState.msg
[29.574s] -- Symlinking: /home/alr/Desktop/new_perception/new_eufs_ws/install/eufs_msgs/share/eufs_msgs/msg/StateMachineState.msg
[29.581s] -- Symlinking: /home/alr/Desktop/new_perception/new_eufs_ws/install/eufs_msgs/share/eufs_msgs/msg/StereoImage.msg
[29.587s] -- Symlinking: /home/alr/Desktop/new_perception/new_eufs_ws/install/eufs_msgs/share/eufs_msgs/msg/SystemStatus.msg
[29.594s] -- Symlinking: /home/alr/Desktop/new_perception/new_eufs_ws/install/eufs_msgs/share/eufs_msgs/msg/TopicStatus.msg
[29.601s] -- Symlinking: /home/alr/Desktop/new_perception/new_eufs_ws/install/eufs_msgs/share/eufs_msgs/msg/VehicleCommands.msg
[29.605s] -- Symlinking: /home/alr/Desktop/new_perception/new_eufs_ws/install/eufs_msgs/share/eufs_msgs/msg/VehicleCommandsStamped.msg
[29.612s] -- Symlinking: /home/alr/Desktop/new_perception/new_eufs_ws/install/eufs_msgs/share/eufs_msgs/msg/Waypoint.msg
[29.619s] -- Symlinking: /home/alr/Desktop/new_perception/new_eufs_ws/install/eufs_msgs/share/eufs_msgs/msg/WaypointArrayStamped.msg
[29.624s] -- Symlinking: /home/alr/Desktop/new_perception/new_eufs_ws/install/eufs_msgs/share/eufs_msgs/msg/WheelOdometryErr.msg
[29.631s] -- Symlinking: /home/alr/Desktop/new_perception/new_eufs_ws/install/eufs_msgs/share/eufs_msgs/msg/WheelSpeeds.msg
[29.637s] -- Symlinking: /home/alr/Desktop/new_perception/new_eufs_ws/install/eufs_msgs/share/eufs_msgs/msg/WheelSpeedsStamped.msg
[29.643s] -- Symlinking: /home/alr/Desktop/new_perception/new_eufs_ws/install/eufs_msgs/share/eufs_msgs/action/CheckForObjects.action
[29.648s] -- Symlinking: /home/alr/Desktop/new_perception/new_eufs_ws/install/eufs_msgs/share/eufs_msgs/srv/RecordStart.srv
[29.655s] -- Symlinking: /home/alr/Desktop/new_perception/new_eufs_ws/install/eufs_msgs/share/eufs_msgs/srv/RecordStart_Request.msg
[29.661s] -- Symlinking: /home/alr/Desktop/new_perception/new_eufs_ws/install/eufs_msgs/share/eufs_msgs/srv/RecordStart_Response.msg
[29.666s] -- Symlinking: /home/alr/Desktop/new_perception/new_eufs_ws/install/eufs_msgs/share/eufs_msgs/srv/RecordStop.srv
[29.671s] -- Symlinking: /home/alr/Desktop/new_perception/new_eufs_ws/install/eufs_msgs/share/eufs_msgs/srv/RecordStop_Request.msg
[29.677s] -- Symlinking: /home/alr/Desktop/new_perception/new_eufs_ws/install/eufs_msgs/share/eufs_msgs/srv/RecordStop_Response.msg
[29.682s] -- Symlinking: /home/alr/Desktop/new_perception/new_eufs_ws/install/eufs_msgs/share/eufs_msgs/srv/Register.srv
[29.687s] -- Symlinking: /home/alr/Desktop/new_perception/new_eufs_ws/install/eufs_msgs/share/eufs_msgs/srv/Register_Request.msg
[29.693s] -- Symlinking: /home/alr/Desktop/new_perception/new_eufs_ws/install/eufs_msgs/share/eufs_msgs/srv/Register_Response.msg
[29.702s] -- Symlinking: /home/alr/Desktop/new_perception/new_eufs_ws/install/eufs_msgs/share/eufs_msgs/srv/SetCanState.srv
[29.711s] -- Symlinking: /home/alr/Desktop/new_perception/new_eufs_ws/install/eufs_msgs/share/eufs_msgs/srv/SetCanState_Request.msg
[29.721s] -- Symlinking: /home/alr/Desktop/new_perception/new_eufs_ws/install/eufs_msgs/share/eufs_msgs/srv/SetCanState_Response.msg
[29.731s] -- Symlinking: /home/alr/Desktop/new_perception/new_eufs_ws/install/eufs_msgs/share/eufs_msgs/srv/SetString.srv
[29.741s] -- Symlinking: /home/alr/Desktop/new_perception/new_eufs_ws/install/eufs_msgs/share/eufs_msgs/srv/SetString_Request.msg
[29.751s] -- Symlinking: /home/alr/Desktop/new_perception/new_eufs_ws/install/eufs_msgs/share/eufs_msgs/srv/SetString_Response.msg
[29.761s] -- Symlinking: /home/alr/Desktop/new_perception/new_eufs_ws/install/eufs_msgs/share/eufs_msgs/srv/SetTrack.srv
[29.769s] -- Symlinking: /home/alr/Desktop/new_perception/new_eufs_ws/install/eufs_msgs/share/eufs_msgs/srv/SetTrack_Request.msg
[29.778s] -- Symlinking: /home/alr/Desktop/new_perception/new_eufs_ws/install/eufs_msgs/share/eufs_msgs/srv/SetTrack_Response.msg
[29.790s] -- Symlinking: /home/alr/Desktop/new_perception/new_eufs_ws/install/eufs_msgs/share/eufs_msgs/srv/SetMission.srv
[29.802s] -- Symlinking: /home/alr/Desktop/new_perception/new_eufs_ws/install/eufs_msgs/share/eufs_msgs/srv/SetMission_Request.msg
[29.812s] -- Symlinking: /home/alr/Desktop/new_perception/new_eufs_ws/install/eufs_msgs/share/eufs_msgs/srv/SetMission_Response.msg
[29.823s] -- Symlinking: /home/alr/Desktop/new_perception/new_eufs_ws/install/eufs_msgs/share/eufs_msgs/srv/GetMap.srv
[29.833s] -- Symlinking: /home/alr/Desktop/new_perception/new_eufs_ws/install/eufs_msgs/share/eufs_msgs/srv/GetMap_Request.msg
[29.843s] -- Symlinking: /home/alr/Desktop/new_perception/new_eufs_ws/install/eufs_msgs/share/eufs_msgs/srv/GetMap_Response.msg
[29.854s] -- Symlinking: /home/alr/Desktop/new_perception/new_eufs_ws/install/eufs_msgs/share/ament_index/resource_index/package_run_dependencies/eufs_msgs
[29.863s] -- Symlinking: /home/alr/Desktop/new_perception/new_eufs_ws/install/eufs_msgs/share/ament_index/resource_index/parent_prefix_path/eufs_msgs
[29.874s] -- Symlinking: /home/alr/Desktop/new_perception/new_eufs_ws/install/eufs_msgs/share/eufs_msgs/environment/ament_prefix_path.sh
[29.884s] -- Symlinking: /home/alr/Desktop/new_perception/new_eufs_ws/install/eufs_msgs/share/eufs_msgs/environment/ament_prefix_path.dsv
[29.893s] -- Symlinking: /home/alr/Desktop/new_perception/new_eufs_ws/install/eufs_msgs/share/eufs_msgs/environment/path.sh
[29.904s] -- Symlinking: /home/alr/Desktop/new_perception/new_eufs_ws/install/eufs_msgs/share/eufs_msgs/environment/path.dsv
[29.914s] -- Symlinking: /home/alr/Desktop/new_perception/new_eufs_ws/install/eufs_msgs/share/eufs_msgs/local_setup.bash
[29.924s] -- Symlinking: /home/alr/Desktop/new_perception/new_eufs_ws/install/eufs_msgs/share/eufs_msgs/local_setup.sh
[29.933s] -- Symlinking: /home/alr/Desktop/new_perception/new_eufs_ws/install/eufs_msgs/share/eufs_msgs/local_setup.zsh
[29.944s] -- Symlinking: /home/alr/Desktop/new_perception/new_eufs_ws/install/eufs_msgs/share/eufs_msgs/local_setup.dsv
[29.955s] -- Symlinking: /home/alr/Desktop/new_perception/new_eufs_ws/install/eufs_msgs/share/eufs_msgs/package.dsv
[29.964s] -- Symlinking: /home/alr/Desktop/new_perception/new_eufs_ws/install/eufs_msgs/share/ament_index/resource_index/packages/eufs_msgs
[29.975s] -- Symlinking: /home/alr/Desktop/new_perception/new_eufs_ws/install/eufs_msgs/share/eufs_msgs/cmake/rosidl_cmake-extras.cmake
[29.984s] -- Symlinking: /home/alr/Desktop/new_perception/new_eufs_ws/install/eufs_msgs/share/eufs_msgs/cmake/ament_cmake_export_dependencies-extras.cmake
[29.994s] -- Symlinking: /home/alr/Desktop/new_perception/new_eufs_ws/install/eufs_msgs/share/eufs_msgs/cmake/ament_cmake_export_include_directories-extras.cmake
[30.004s] -- Symlinking: /home/alr/Desktop/new_perception/new_eufs_ws/install/eufs_msgs/share/eufs_msgs/cmake/ament_cmake_export_libraries-extras.cmake
[30.012s] -- Symlinking: /home/alr/Desktop/new_perception/new_eufs_ws/install/eufs_msgs/share/eufs_msgs/cmake/ament_cmake_export_targets-extras.cmake
[30.022s] -- Symlinking: /home/alr/Desktop/new_perception/new_eufs_ws/install/eufs_msgs/share/eufs_msgs/cmake/rosidl_cmake_export_typesupport_targets-extras.cmake
[30.032s] -- Symlinking: /home/alr/Desktop/new_perception/new_eufs_ws/install/eufs_msgs/share/eufs_msgs/cmake/rosidl_cmake_export_typesupport_libraries-extras.cmake
[30.043s] -- Symlinking: /home/alr/Desktop/new_perception/new_eufs_ws/install/eufs_msgs/share/eufs_msgs/cmake/eufs_msgsConfig.cmake
[30.053s] -- Symlinking: /home/alr/Desktop/new_perception/new_eufs_ws/install/eufs_msgs/share/eufs_msgs/cmake/eufs_msgsConfig-version.cmake
[30.064s] -- Symlinking: /home/alr/Desktop/new_perception/new_eufs_ws/install/eufs_msgs/share/eufs_msgs/package.xml
[30.071s] -- Installing: /home/alr/Desktop/new_perception/new_eufs_ws/install/eufs_msgs/lib/libeufs_msgs__rosidl_generator_c.so
[30.072s] -- Set runtime path of "/home/alr/Desktop/new_perception/new_eufs_ws/install/eufs_msgs/lib/libeufs_msgs__rosidl_generator_c.so" to ""
[30.072s] -- Installing: /home/alr/Desktop/new_perception/new_eufs_ws/install/eufs_msgs/lib/libeufs_msgs__rosidl_typesupport_fastrtps_c.so
[30.072s] -- Set runtime path of "/home/alr/Desktop/new_perception/new_eufs_ws/install/eufs_msgs/lib/libeufs_msgs__rosidl_typesupport_fastrtps_c.so" to ""
[30.072s] -- Installing: /home/alr/Desktop/new_perception/new_eufs_ws/install/eufs_msgs/lib/libeufs_msgs__rosidl_typesupport_introspection_c.so
[30.072s] -- Set runtime path of "/home/alr/Desktop/new_perception/new_eufs_ws/install/eufs_msgs/lib/libeufs_msgs__rosidl_typesupport_introspection_c.so" to ""
[30.072s] -- Installing: /home/alr/Desktop/new_perception/new_eufs_ws/install/eufs_msgs/lib/libeufs_msgs__rosidl_typesupport_c.so
[30.072s] -- Set runtime path of "/home/alr/Desktop/new_perception/new_eufs_ws/install/eufs_msgs/lib/libeufs_msgs__rosidl_typesupport_c.so" to ""
[30.072s] -- Installing: /home/alr/Desktop/new_perception/new_eufs_ws/install/eufs_msgs/lib/libeufs_msgs__rosidl_typesupport_fastrtps_cpp.so
[30.073s] -- Set runtime path of "/home/alr/Desktop/new_perception/new_eufs_ws/install/eufs_msgs/lib/libeufs_msgs__rosidl_typesupport_fastrtps_cpp.so" to ""
[30.073s] -- Installing: /home/alr/Desktop/new_perception/new_eufs_ws/install/eufs_msgs/lib/libeufs_msgs__rosidl_typesupport_introspection_cpp.so
[30.074s] -- Set runtime path of "/home/alr/Desktop/new_perception/new_eufs_ws/install/eufs_msgs/lib/libeufs_msgs__rosidl_typesupport_introspection_cpp.so" to ""
[30.074s] -- Installing: /home/alr/Desktop/new_perception/new_eufs_ws/install/eufs_msgs/lib/libeufs_msgs__rosidl_typesupport_cpp.so
[30.074s] -- Set runtime path of "/home/alr/Desktop/new_perception/new_eufs_ws/install/eufs_msgs/lib/libeufs_msgs__rosidl_typesupport_cpp.so" to ""
[30.140s] Listing '/home/alr/Desktop/new_perception/new_eufs_ws/install/eufs_msgs/local/lib/python3.10/dist-packages/eufs_msgs'...
[30.140s] Compiling '/home/alr/Desktop/new_perception/new_eufs_ws/install/eufs_msgs/local/lib/python3.10/dist-packages/eufs_msgs/__init__.py'...
[30.140s] Listing '/home/alr/Desktop/new_perception/new_eufs_ws/install/eufs_msgs/local/lib/python3.10/dist-packages/eufs_msgs/action'...
[30.140s] Compiling '/home/alr/Desktop/new_perception/new_eufs_ws/install/eufs_msgs/local/lib/python3.10/dist-packages/eufs_msgs/action/__init__.py'...
[30.140s] Compiling '/home/alr/Desktop/new_perception/new_eufs_ws/install/eufs_msgs/local/lib/python3.10/dist-packages/eufs_msgs/action/_check_for_objects.py'...
[30.140s] Listing '/home/alr/Desktop/new_perception/new_eufs_ws/install/eufs_msgs/local/lib/python3.10/dist-packages/eufs_msgs/msg'...
[30.140s] Compiling '/home/alr/Desktop/new_perception/new_eufs_ws/install/eufs_msgs/local/lib/python3.10/dist-packages/eufs_msgs/msg/__init__.py'...
[30.140s] Compiling '/home/alr/Desktop/new_perception/new_eufs_ws/install/eufs_msgs/local/lib/python3.10/dist-packages/eufs_msgs/msg/_bounding_box.py'...
[30.140s] Compiling '/home/alr/Desktop/new_perception/new_eufs_ws/install/eufs_msgs/local/lib/python3.10/dist-packages/eufs_msgs/msg/_bounding_boxes.py'...
[30.140s] Compiling '/home/alr/Desktop/new_perception/new_eufs_ws/install/eufs_msgs/local/lib/python3.10/dist-packages/eufs_msgs/msg/_can_state.py'...
[30.140s] Compiling '/home/alr/Desktop/new_perception/new_eufs_ws/install/eufs_msgs/local/lib/python3.10/dist-packages/eufs_msgs/msg/_car_forces.py'...
[30.140s] Compiling '/home/alr/Desktop/new_perception/new_eufs_ws/install/eufs_msgs/local/lib/python3.10/dist-packages/eufs_msgs/msg/_car_state.py'...
[30.140s] Compiling '/home/alr/Desktop/new_perception/new_eufs_ws/install/eufs_msgs/local/lib/python3.10/dist-packages/eufs_msgs/msg/_chassis_command.py'...
[30.140s] Compiling '/home/alr/Desktop/new_perception/new_eufs_ws/install/eufs_msgs/local/lib/python3.10/dist-packages/eufs_msgs/msg/_chassis_state.py'...
[30.140s] Compiling '/home/alr/Desktop/new_perception/new_eufs_ws/install/eufs_msgs/local/lib/python3.10/dist-packages/eufs_msgs/msg/_cone_array.py'...
[30.140s] Compiling '/home/alr/Desktop/new_perception/new_eufs_ws/install/eufs_msgs/local/lib/python3.10/dist-packages/eufs_msgs/msg/_cone_array_with_covariance.py'...
[30.140s] Compiling '/home/alr/Desktop/new_perception/new_eufs_ws/install/eufs_msgs/local/lib/python3.10/dist-packages/eufs_msgs/msg/_cone_association.py'...
[30.140s] Compiling '/home/alr/Desktop/new_perception/new_eufs_ws/install/eufs_msgs/local/lib/python3.10/dist-packages/eufs_msgs/msg/_cone_association_array.py'...
[30.141s] Compiling '/home/alr/Desktop/new_perception/new_eufs_ws/install/eufs_msgs/local/lib/python3.10/dist-packages/eufs_msgs/msg/_cone_association_array_array_stamped.py'...
[30.141s] Compiling '/home/alr/Desktop/new_perception/new_eufs_ws/install/eufs_msgs/local/lib/python3.10/dist-packages/eufs_msgs/msg/_cone_association_array_stamped.py'...
[30.141s] Compiling '/home/alr/Desktop/new_perception/new_eufs_ws/install/eufs_msgs/local/lib/python3.10/dist-packages/eufs_msgs/msg/_cone_with_color_probability.py'...
[30.141s] Compiling '/home/alr/Desktop/new_perception/new_eufs_ws/install/eufs_msgs/local/lib/python3.10/dist-packages/eufs_msgs/msg/_cone_with_color_probability_array.py'...
[30.141s] Compiling '/home/alr/Desktop/new_perception/new_eufs_ws/install/eufs_msgs/local/lib/python3.10/dist-packages/eufs_msgs/msg/_cone_with_covariance.py'...
[30.141s] Compiling '/home/alr/Desktop/new_perception/new_eufs_ws/install/eufs_msgs/local/lib/python3.10/dist-packages/eufs_msgs/msg/_costmap.py'...
[30.141s] Compiling '/home/alr/Desktop/new_perception/new_eufs_ws/install/eufs_msgs/local/lib/python3.10/dist-packages/eufs_msgs/msg/_cpu_status.py'...
[30.141s] Compiling '/home/alr/Desktop/new_perception/new_eufs_ws/install/eufs_msgs/local/lib/python3.10/dist-packages/eufs_msgs/msg/_cpu_usage.py'...
[30.141s] Compiling '/home/alr/Desktop/new_perception/new_eufs_ws/install/eufs_msgs/local/lib/python3.10/dist-packages/eufs_msgs/msg/_ekf_err.py'...
[30.141s] Compiling '/home/alr/Desktop/new_perception/new_eufs_ws/install/eufs_msgs/local/lib/python3.10/dist-packages/eufs_msgs/msg/_ekf_state.py'...
[30.141s] Compiling '/home/alr/Desktop/new_perception/new_eufs_ws/install/eufs_msgs/local/lib/python3.10/dist-packages/eufs_msgs/msg/_full_state.py'...
[30.141s] Compiling '/home/alr/Desktop/new_perception/new_eufs_ws/install/eufs_msgs/local/lib/python3.10/dist-packages/eufs_msgs/msg/_heartbeat.py'...
[30.141s] Compiling '/home/alr/Desktop/new_perception/new_eufs_ws/install/eufs_msgs/local/lib/python3.10/dist-packages/eufs_msgs/msg/_integration_err.py'...
[30.141s] Compiling '/home/alr/Desktop/new_perception/new_eufs_ws/install/eufs_msgs/local/lib/python3.10/dist-packages/eufs_msgs/msg/_lap_stats.py'...
[30.141s] Compiling '/home/alr/Desktop/new_perception/new_eufs_ws/install/eufs_msgs/local/lib/python3.10/dist-packages/eufs_msgs/msg/_mpc_state.py'...
[30.141s] Compiling '/home/alr/Desktop/new_perception/new_eufs_ws/install/eufs_msgs/local/lib/python3.10/dist-packages/eufs_msgs/msg/_node_state.py'...
[30.141s] Compiling '/home/alr/Desktop/new_perception/new_eufs_ws/install/eufs_msgs/local/lib/python3.10/dist-packages/eufs_msgs/msg/_node_state_array.py'...
[30.141s] Compiling '/home/alr/Desktop/new_perception/new_eufs_ws/install/eufs_msgs/local/lib/python3.10/dist-packages/eufs_msgs/msg/_oss.py'...
[30.141s] Compiling '/home/alr/Desktop/new_perception/new_eufs_ws/install/eufs_msgs/local/lib/python3.10/dist-packages/eufs_msgs/msg/_particle.py'...
[30.141s] Compiling '/home/alr/Desktop/new_perception/new_eufs_ws/install/eufs_msgs/local/lib/python3.10/dist-packages/eufs_msgs/msg/_particle_slam.py'...
[30.141s] Compiling '/home/alr/Desktop/new_perception/new_eufs_ws/install/eufs_msgs/local/lib/python3.10/dist-packages/eufs_msgs/msg/_particle_slam_stamped.py'...
[30.141s] Compiling '/home/alr/Desktop/new_perception/new_eufs_ws/install/eufs_msgs/local/lib/python3.10/dist-packages/eufs_msgs/msg/_particle_stamped.py'...
[30.141s] Compiling '/home/alr/Desktop/new_perception/new_eufs_ws/install/eufs_msgs/local/lib/python3.10/dist-packages/eufs_msgs/msg/_path_integral_params.py'...
[30.141s] Compiling '/home/alr/Desktop/new_perception/new_eufs_ws/install/eufs_msgs/local/lib/python3.10/dist-packages/eufs_msgs/msg/_path_integral_stats.py'...
[30.141s] Compiling '/home/alr/Desktop/new_perception/new_eufs_ws/install/eufs_msgs/local/lib/python3.10/dist-packages/eufs_msgs/msg/_path_integral_status.py'...
[30.141s] Compiling '/home/alr/Desktop/new_perception/new_eufs_ws/install/eufs_msgs/local/lib/python3.10/dist-packages/eufs_msgs/msg/_path_integral_timing.py'...
[30.141s] Compiling '/home/alr/Desktop/new_perception/new_eufs_ws/install/eufs_msgs/local/lib/python3.10/dist-packages/eufs_msgs/msg/_planning_mode.py'...
[30.141s] Compiling '/home/alr/Desktop/new_perception/new_eufs_ws/install/eufs_msgs/local/lib/python3.10/dist-packages/eufs_msgs/msg/_point_array.py'...
[30.141s] Compiling '/home/alr/Desktop/new_perception/new_eufs_ws/install/eufs_msgs/local/lib/python3.10/dist-packages/eufs_msgs/msg/_point_array_stamped.py'...
[30.141s] Compiling '/home/alr/Desktop/new_perception/new_eufs_ws/install/eufs_msgs/local/lib/python3.10/dist-packages/eufs_msgs/msg/_pure_pursuit_checkpoint.py'...
[30.141s] Compiling '/home/alr/Desktop/new_perception/new_eufs_ws/install/eufs_msgs/local/lib/python3.10/dist-packages/eufs_msgs/msg/_pure_pursuit_checkpoint_array_stamped.py'...
[30.141s] Compiling '/home/alr/Desktop/new_perception/new_eufs_ws/install/eufs_msgs/local/lib/python3.10/dist-packages/eufs_msgs/msg/_runstop.py'...
[30.141s] Compiling '/home/alr/Desktop/new_perception/new_eufs_ws/install/eufs_msgs/local/lib/python3.10/dist-packages/eufs_msgs/msg/_slam_err.py'...
[30.141s] Compiling '/home/alr/Desktop/new_perception/new_eufs_ws/install/eufs_msgs/local/lib/python3.10/dist-packages/eufs_msgs/msg/_slam_state.py'...
[30.141s] Compiling '/home/alr/Desktop/new_perception/new_eufs_ws/install/eufs_msgs/local/lib/python3.10/dist-packages/eufs_msgs/msg/_state_machine_state.py'...
[30.141s] Compiling '/home/alr/Desktop/new_perception/new_eufs_ws/install/eufs_msgs/local/lib/python3.10/dist-packages/eufs_msgs/msg/_stereo_image.py'...
[30.141s] Compiling '/home/alr/Desktop/new_perception/new_eufs_ws/install/eufs_msgs/local/lib/python3.10/dist-packages/eufs_msgs/msg/_system_status.py'...
[30.141s] Compiling '/home/alr/Desktop/new_perception/new_eufs_ws/install/eufs_msgs/local/lib/python3.10/dist-packages/eufs_msgs/msg/_topic_status.py'...
[30.151s] Compiling '/home/alr/Desktop/new_perception/new_eufs_ws/install/eufs_msgs/local/lib/python3.10/dist-packages/eufs_msgs/msg/_vehicle_commands.py'...
[30.151s] Compiling '/home/alr/Desktop/new_perception/new_eufs_ws/install/eufs_msgs/local/lib/python3.10/dist-packages/eufs_msgs/msg/_vehicle_commands_stamped.py'...
[30.151s] Compiling '/home/alr/Desktop/new_perception/new_eufs_ws/install/eufs_msgs/local/lib/python3.10/dist-packages/eufs_msgs/msg/_waypoint.py'...
[30.151s] Compiling '/home/alr/Desktop/new_perception/new_eufs_ws/install/eufs_msgs/local/lib/python3.10/dist-packages/eufs_msgs/msg/_waypoint_array_stamped.py'...
[30.151s] Compiling '/home/alr/Desktop/new_perception/new_eufs_ws/install/eufs_msgs/local/lib/python3.10/dist-packages/eufs_msgs/msg/_wheel_odometry_err.py'...
[30.151s] Compiling '/home/alr/Desktop/new_perception/new_eufs_ws/install/eufs_msgs/local/lib/python3.10/dist-packages/eufs_msgs/msg/_wheel_speeds.py'...
[30.151s] Compiling '/home/alr/Desktop/new_perception/new_eufs_ws/install/eufs_msgs/local/lib/python3.10/dist-packages/eufs_msgs/msg/_wheel_speeds_stamped.py'...
[30.151s] Listing '/home/alr/Desktop/new_perception/new_eufs_ws/install/eufs_msgs/local/lib/python3.10/dist-packages/eufs_msgs/srv'...
[30.151s] Compiling '/home/alr/Desktop/new_perception/new_eufs_ws/install/eufs_msgs/local/lib/python3.10/dist-packages/eufs_msgs/srv/__init__.py'...
[30.151s] Compiling '/home/alr/Desktop/new_perception/new_eufs_ws/install/eufs_msgs/local/lib/python3.10/dist-packages/eufs_msgs/srv/_get_map.py'...
[30.151s] Compiling '/home/alr/Desktop/new_perception/new_eufs_ws/install/eufs_msgs/local/lib/python3.10/dist-packages/eufs_msgs/srv/_record_start.py'...
[30.151s] Compiling '/home/alr/Desktop/new_perception/new_eufs_ws/install/eufs_msgs/local/lib/python3.10/dist-packages/eufs_msgs/srv/_record_stop.py'...
[30.151s] Compiling '/home/alr/Desktop/new_perception/new_eufs_ws/install/eufs_msgs/local/lib/python3.10/dist-packages/eufs_msgs/srv/_register.py'...
[30.151s] Compiling '/home/alr/Desktop/new_perception/new_eufs_ws/install/eufs_msgs/local/lib/python3.10/dist-packages/eufs_msgs/srv/_set_can_state.py'...
[30.151s] Compiling '/home/alr/Desktop/new_perception/new_eufs_ws/install/eufs_msgs/local/lib/python3.10/dist-packages/eufs_msgs/srv/_set_mission.py'...
[30.151s] Compiling '/home/alr/Desktop/new_perception/new_eufs_ws/install/eufs_msgs/local/lib/python3.10/dist-packages/eufs_msgs/srv/_set_string.py'...
[30.151s] Compiling '/home/alr/Desktop/new_perception/new_eufs_ws/install/eufs_msgs/local/lib/python3.10/dist-packages/eufs_msgs/srv/_set_track.py'...
[30.154s] -- Installing: /home/alr/Desktop/new_perception/new_eufs_ws/install/eufs_msgs/lib/libeufs_msgs__rosidl_generator_py.so
[30.154s] -- Set runtime path of "/home/alr/Desktop/new_perception/new_eufs_ws/install/eufs_msgs/lib/libeufs_msgs__rosidl_generator_py.so" to ""
[30.154s] -- Installing: /home/alr/Desktop/new_perception/new_eufs_ws/install/eufs_msgs/share/eufs_msgs/cmake/export_eufs_msgs__rosidl_generator_cExport.cmake
[30.154s] -- Installing: /home/alr/Desktop/new_perception/new_eufs_ws/install/eufs_msgs/share/eufs_msgs/cmake/export_eufs_msgs__rosidl_generator_cExport-noconfig.cmake
[30.154s] -- Installing: /home/alr/Desktop/new_perception/new_eufs_ws/install/eufs_msgs/share/eufs_msgs/cmake/export_eufs_msgs__rosidl_typesupport_fastrtps_cExport.cmake
[30.154s] -- Installing: /home/alr/Desktop/new_perception/new_eufs_ws/install/eufs_msgs/share/eufs_msgs/cmake/export_eufs_msgs__rosidl_typesupport_fastrtps_cExport-noconfig.cmake
[30.155s] -- Installing: /home/alr/Desktop/new_perception/new_eufs_ws/install/eufs_msgs/share/eufs_msgs/cmake/eufs_msgs__rosidl_typesupport_introspection_cExport.cmake
[30.155s] -- Installing: /home/alr/Desktop/new_perception/new_eufs_ws/install/eufs_msgs/share/eufs_msgs/cmake/eufs_msgs__rosidl_typesupport_introspection_cExport-noconfig.cmake
[30.155s] -- Installing: /home/alr/Desktop/new_perception/new_eufs_ws/install/eufs_msgs/share/eufs_msgs/cmake/eufs_msgs__rosidl_typesupport_cExport.cmake
[30.155s] -- Installing: /home/alr/Desktop/new_perception/new_eufs_ws/install/eufs_msgs/share/eufs_msgs/cmake/eufs_msgs__rosidl_typesupport_cExport-noconfig.cmake
[30.155s] -- Installing: /home/alr/Desktop/new_perception/new_eufs_ws/install/eufs_msgs/share/eufs_msgs/cmake/export_eufs_msgs__rosidl_generator_cppExport.cmake
[30.155s] -- Installing: /home/alr/Desktop/new_perception/new_eufs_ws/install/eufs_msgs/share/eufs_msgs/cmake/export_eufs_msgs__rosidl_typesupport_fastrtps_cppExport.cmake
[30.155s] -- Installing: /home/alr/Desktop/new_perception/new_eufs_ws/install/eufs_msgs/share/eufs_msgs/cmake/export_eufs_msgs__rosidl_typesupport_fastrtps_cppExport-noconfig.cmake
[30.155s] -- Installing: /home/alr/Desktop/new_perception/new_eufs_ws/install/eufs_msgs/share/eufs_msgs/cmake/eufs_msgs__rosidl_typesupport_introspection_cppExport.cmake
[30.155s] -- Installing: /home/alr/Desktop/new_perception/new_eufs_ws/install/eufs_msgs/share/eufs_msgs/cmake/eufs_msgs__rosidl_typesupport_introspection_cppExport-noconfig.cmake
[30.155s] -- Installing: /home/alr/Desktop/new_perception/new_eufs_ws/install/eufs_msgs/share/eufs_msgs/cmake/eufs_msgs__rosidl_typesupport_cppExport.cmake
[30.155s] -- Installing: /home/alr/Desktop/new_perception/new_eufs_ws/install/eufs_msgs/share/eufs_msgs/cmake/eufs_msgs__rosidl_typesupport_cppExport-noconfig.cmake
[30.155s] -- Installing: /home/alr/Desktop/new_perception/new_eufs_ws/install/eufs_msgs/share/eufs_msgs/cmake/export_eufs_msgs__rosidl_generator_pyExport.cmake
[30.155s] -- Installing: /home/alr/Desktop/new_perception/new_eufs_ws/install/eufs_msgs/share/eufs_msgs/cmake/export_eufs_msgs__rosidl_generator_pyExport-noconfig.cmake
[30.156s] Invoked command in '/home/alr/Desktop/new_perception/new_eufs_ws/build/eufs_msgs' returned '0': CMAKE_PREFIX_PATH=${CMAKE_PREFIX_PATH}:/home/alr/Desktop/new_perception/new_eufs_ws/install/opencv_tests:/home/alr/Desktop/new_perception/new_eufs_ws/install/fsd_planner:/home/alr/Desktop/new_perception/new_eufs_ws/install/eufs_launcher:/home/alr/Desktop/new_perception/new_eufs_ws/install/eufs_tracks:/home/alr/Desktop/new_perception/new_eufs_ws/install/eufs_rqt:/home/alr/Desktop/new_perception/new_eufs_ws/install/eufs_racecar:/opt/ros/humble /usr/bin/cmake --install /home/alr/Desktop/new_perception/new_eufs_ws/build/eufs_msgs
