[0.056s] [34mcolcon[0m [1;30mDEBUG[0m [32mCommand line arguments: ['/usr/bin/colcon', 'build', '--symlink-install'][0m
[0.056s] [34mcolcon[0m [1;30mDEBUG[0m [32mParsed command line arguments: Namespace(log_base=None, log_level=None, verb_name='build', build_base='build', install_base='install', merge_install=False, symlink_install=True, test_result_base=None, continue_on_error=False, executor='parallel', parallel_workers=20, event_handlers=None, ignore_user_meta=False, metas=['./colcon.meta'], base_paths=['.'], packages_ignore=None, packages_ignore_regex=None, paths=None, packages_up_to=None, packages_up_to_regex=None, packages_above=None, packages_above_and_dependencies=None, packages_above_depth=None, packages_select_by_dep=None, packages_skip_by_dep=None, packages_skip_up_to=None, packages_select_build_failed=False, packages_skip_build_finished=False, packages_select_test_failures=False, packages_skip_test_passed=False, packages_select=None, packages_skip=None, packages_select_regex=None, packages_skip_regex=None, packages_start=None, packages_end=None, allow_overriding=[], cmake_args=None, cmake_target=None, cmake_target_skip_unavailable=False, cmake_clean_cache=False, cmake_clean_first=False, cmake_force_configure=False, ament_cmake_args=None, catkin_cmake_args=None, catkin_skip_building_tests=False, verb_parser=<colcon_defaults.argument_parser.defaults.DefaultArgumentsDecorator object at 0x79a09101fcd0>, verb_extension=<colcon_core.verb.build.BuildVerb object at 0x79a09101f7c0>, main=<bound method BuildVerb.main of <colcon_core.verb.build.BuildVerb object at 0x79a09101f7c0>>)[0m
[0.138s] [34mcolcon.colcon_core.package_discovery[0m [1;30mLevel 1[0m discover_packages(colcon_meta) check parameters
[0.138s] [34mcolcon.colcon_core.package_discovery[0m [1;30mLevel 1[0m discover_packages(recursive) check parameters
[0.138s] [34mcolcon.colcon_core.package_discovery[0m [1;30mLevel 1[0m discover_packages(ignore) check parameters
[0.138s] [34mcolcon.colcon_core.package_discovery[0m [1;30mLevel 1[0m discover_packages(path) check parameters
[0.139s] [34mcolcon.colcon_core.package_discovery[0m [1;30mLevel 1[0m discover_packages(colcon_meta) discover
[0.139s] [34mcolcon.colcon_core.package_discovery[0m [1;30mLevel 1[0m discover_packages(recursive) discover
[0.139s] [34mcolcon.colcon_core.package_discovery[0m [1;30mINFO[0m Crawling recursively for packages in '/home/alr/Desktop/new_perception/new_eufs_ws'
[0.139s] [34mcolcon.colcon_core.package_identification[0m [1;30mLevel 1[0m _identify(.) by extensions ['ignore', 'ignore_ament_install']
[0.139s] [34mcolcon.colcon_core.package_identification[0m [1;30mLevel 1[0m _identify(.) by extension 'ignore'
[0.139s] [34mcolcon.colcon_core.package_identification[0m [1;30mLevel 1[0m _identify(.) by extension 'ignore_ament_install'
[0.139s] [34mcolcon.colcon_core.package_identification[0m [1;30mLevel 1[0m _identify(.) by extensions ['colcon_pkg']
[0.139s] [34mcolcon.colcon_core.package_identification[0m [1;30mLevel 1[0m _identify(.) by extension 'colcon_pkg'
[0.139s] [34mcolcon.colcon_core.package_identification[0m [1;30mLevel 1[0m _identify(.) by extensions ['colcon_meta']
[0.139s] [34mcolcon.colcon_core.package_identification[0m [1;30mLevel 1[0m _identify(.) by extension 'colcon_meta'
[0.139s] [34mcolcon.colcon_core.package_identification[0m [1;30mLevel 1[0m _identify(.) by extensions ['ros']
[0.139s] [34mcolcon.colcon_core.package_identification[0m [1;30mLevel 1[0m _identify(.) by extension 'ros'
[0.158s] [34mcolcon.colcon_core.package_identification[0m [1;30mLevel 1[0m _identify(.) by extensions ['cmake', 'python']
[0.158s] [34mcolcon.colcon_core.package_identification[0m [1;30mLevel 1[0m _identify(.) by extension 'cmake'
[0.158s] [34mcolcon.colcon_core.package_identification[0m [1;30mLevel 1[0m _identify(.) by extension 'python'
[0.158s] [34mcolcon.colcon_core.package_identification[0m [1;30mLevel 1[0m _identify(.) by extensions ['python_setup_py']
[0.158s] [34mcolcon.colcon_core.package_identification[0m [1;30mLevel 1[0m _identify(.) by extension 'python_setup_py'
[0.158s] [34mcolcon.colcon_core.package_identification[0m [1;30mLevel 1[0m _identify(build) by extensions ['ignore', 'ignore_ament_install']
[0.158s] [34mcolcon.colcon_core.package_identification[0m [1;30mLevel 1[0m _identify(build) by extension 'ignore'
[0.158s] [34mcolcon.colcon_core.package_identification[0m [1;30mLevel 1[0m _identify(build) ignored
[0.158s] [34mcolcon.colcon_core.package_identification[0m [1;30mLevel 1[0m _identify(install) by extensions ['ignore', 'ignore_ament_install']
[0.158s] [34mcolcon.colcon_core.package_identification[0m [1;30mLevel 1[0m _identify(install) by extension 'ignore'
[0.158s] [34mcolcon.colcon_core.package_identification[0m [1;30mLevel 1[0m _identify(install) ignored
[0.158s] [34mcolcon.colcon_core.package_identification[0m [1;30mLevel 1[0m _identify(log) by extensions ['ignore', 'ignore_ament_install']
[0.158s] [34mcolcon.colcon_core.package_identification[0m [1;30mLevel 1[0m _identify(log) by extension 'ignore'
[0.159s] [34mcolcon.colcon_core.package_identification[0m [1;30mLevel 1[0m _identify(log) ignored
[0.159s] [34mcolcon.colcon_core.package_identification[0m [1;30mLevel 1[0m _identify(runs) by extensions ['ignore', 'ignore_ament_install']
[0.159s] [34mcolcon.colcon_core.package_identification[0m [1;30mLevel 1[0m _identify(runs) by extension 'ignore'
[0.159s] [34mcolcon.colcon_core.package_identification[0m [1;30mLevel 1[0m _identify(runs) by extension 'ignore_ament_install'
[0.159s] [34mcolcon.colcon_core.package_identification[0m [1;30mLevel 1[0m _identify(runs) by extensions ['colcon_pkg']
[0.159s] [34mcolcon.colcon_core.package_identification[0m [1;30mLevel 1[0m _identify(runs) by extension 'colcon_pkg'
[0.159s] [34mcolcon.colcon_core.package_identification[0m [1;30mLevel 1[0m _identify(runs) by extensions ['colcon_meta']
[0.159s] [34mcolcon.colcon_core.package_identification[0m [1;30mLevel 1[0m _identify(runs) by extension 'colcon_meta'
[0.159s] [34mcolcon.colcon_core.package_identification[0m [1;30mLevel 1[0m _identify(runs) by extensions ['ros']
[0.159s] [34mcolcon.colcon_core.package_identification[0m [1;30mLevel 1[0m _identify(runs) by extension 'ros'
[0.159s] [34mcolcon.colcon_core.package_identification[0m [1;30mLevel 1[0m _identify(runs) by extensions ['cmake', 'python']
[0.159s] [34mcolcon.colcon_core.package_identification[0m [1;30mLevel 1[0m _identify(runs) by extension 'cmake'
[0.159s] [34mcolcon.colcon_core.package_identification[0m [1;30mLevel 1[0m _identify(runs) by extension 'python'
[0.159s] [34mcolcon.colcon_core.package_identification[0m [1;30mLevel 1[0m _identify(runs) by extensions ['python_setup_py']
[0.159s] [34mcolcon.colcon_core.package_identification[0m [1;30mLevel 1[0m _identify(runs) by extension 'python_setup_py'
[0.159s] [34mcolcon.colcon_core.package_identification[0m [1;30mLevel 1[0m _identify(runs/detect) by extensions ['ignore', 'ignore_ament_install']
[0.159s] [34mcolcon.colcon_core.package_identification[0m [1;30mLevel 1[0m _identify(runs/detect) by extension 'ignore'
[0.159s] [34mcolcon.colcon_core.package_identification[0m [1;30mLevel 1[0m _identify(runs/detect) by extension 'ignore_ament_install'
[0.159s] [34mcolcon.colcon_core.package_identification[0m [1;30mLevel 1[0m _identify(runs/detect) by extensions ['colcon_pkg']
[0.159s] [34mcolcon.colcon_core.package_identification[0m [1;30mLevel 1[0m _identify(runs/detect) by extension 'colcon_pkg'
[0.159s] [34mcolcon.colcon_core.package_identification[0m [1;30mLevel 1[0m _identify(runs/detect) by extensions ['colcon_meta']
[0.159s] [34mcolcon.colcon_core.package_identification[0m [1;30mLevel 1[0m _identify(runs/detect) by extension 'colcon_meta'
[0.159s] [34mcolcon.colcon_core.package_identification[0m [1;30mLevel 1[0m _identify(runs/detect) by extensions ['ros']
[0.159s] [34mcolcon.colcon_core.package_identification[0m [1;30mLevel 1[0m _identify(runs/detect) by extension 'ros'
[0.159s] [34mcolcon.colcon_core.package_identification[0m [1;30mLevel 1[0m _identify(runs/detect) by extensions ['cmake', 'python']
[0.159s] [34mcolcon.colcon_core.package_identification[0m [1;30mLevel 1[0m _identify(runs/detect) by extension 'cmake'
[0.159s] [34mcolcon.colcon_core.package_identification[0m [1;30mLevel 1[0m _identify(runs/detect) by extension 'python'
[0.159s] [34mcolcon.colcon_core.package_identification[0m [1;30mLevel 1[0m _identify(runs/detect) by extensions ['python_setup_py']
[0.159s] [34mcolcon.colcon_core.package_identification[0m [1;30mLevel 1[0m _identify(runs/detect) by extension 'python_setup_py'
[0.159s] [34mcolcon.colcon_core.package_identification[0m [1;30mLevel 1[0m _identify(runs/detect/predict) by extensions ['ignore', 'ignore_ament_install']
[0.159s] [34mcolcon.colcon_core.package_identification[0m [1;30mLevel 1[0m _identify(runs/detect/predict) by extension 'ignore'
[0.159s] [34mcolcon.colcon_core.package_identification[0m [1;30mLevel 1[0m _identify(runs/detect/predict) by extension 'ignore_ament_install'
[0.159s] [34mcolcon.colcon_core.package_identification[0m [1;30mLevel 1[0m _identify(runs/detect/predict) by extensions ['colcon_pkg']
[0.159s] [34mcolcon.colcon_core.package_identification[0m [1;30mLevel 1[0m _identify(runs/detect/predict) by extension 'colcon_pkg'
[0.159s] [34mcolcon.colcon_core.package_identification[0m [1;30mLevel 1[0m _identify(runs/detect/predict) by extensions ['colcon_meta']
[0.159s] [34mcolcon.colcon_core.package_identification[0m [1;30mLevel 1[0m _identify(runs/detect/predict) by extension 'colcon_meta'
[0.159s] [34mcolcon.colcon_core.package_identification[0m [1;30mLevel 1[0m _identify(runs/detect/predict) by extensions ['ros']
[0.159s] [34mcolcon.colcon_core.package_identification[0m [1;30mLevel 1[0m _identify(runs/detect/predict) by extension 'ros'
[0.159s] [34mcolcon.colcon_core.package_identification[0m [1;30mLevel 1[0m _identify(runs/detect/predict) by extensions ['cmake', 'python']
[0.159s] [34mcolcon.colcon_core.package_identification[0m [1;30mLevel 1[0m _identify(runs/detect/predict) by extension 'cmake'
[0.159s] [34mcolcon.colcon_core.package_identification[0m [1;30mLevel 1[0m _identify(runs/detect/predict) by extension 'python'
[0.159s] [34mcolcon.colcon_core.package_identification[0m [1;30mLevel 1[0m _identify(runs/detect/predict) by extensions ['python_setup_py']
[0.159s] [34mcolcon.colcon_core.package_identification[0m [1;30mLevel 1[0m _identify(runs/detect/predict) by extension 'python_setup_py'
[0.159s] [34mcolcon.colcon_core.package_identification[0m [1;30mLevel 1[0m _identify(runs/detect/predict-2) by extensions ['ignore', 'ignore_ament_install']
[0.159s] [34mcolcon.colcon_core.package_identification[0m [1;30mLevel 1[0m _identify(runs/detect/predict-2) by extension 'ignore'
[0.160s] [34mcolcon.colcon_core.package_identification[0m [1;30mLevel 1[0m _identify(runs/detect/predict-2) by extension 'ignore_ament_install'
[0.160s] [34mcolcon.colcon_core.package_identification[0m [1;30mLevel 1[0m _identify(runs/detect/predict-2) by extensions ['colcon_pkg']
[0.160s] [34mcolcon.colcon_core.package_identification[0m [1;30mLevel 1[0m _identify(runs/detect/predict-2) by extension 'colcon_pkg'
[0.160s] [34mcolcon.colcon_core.package_identification[0m [1;30mLevel 1[0m _identify(runs/detect/predict-2) by extensions ['colcon_meta']
[0.160s] [34mcolcon.colcon_core.package_identification[0m [1;30mLevel 1[0m _identify(runs/detect/predict-2) by extension 'colcon_meta'
[0.160s] [34mcolcon.colcon_core.package_identification[0m [1;30mLevel 1[0m _identify(runs/detect/predict-2) by extensions ['ros']
[0.160s] [34mcolcon.colcon_core.package_identification[0m [1;30mLevel 1[0m _identify(runs/detect/predict-2) by extension 'ros'
[0.160s] [34mcolcon.colcon_core.package_identification[0m [1;30mLevel 1[0m _identify(runs/detect/predict-2) by extensions ['cmake', 'python']
[0.160s] [34mcolcon.colcon_core.package_identification[0m [1;30mLevel 1[0m _identify(runs/detect/predict-2) by extension 'cmake'
[0.160s] [34mcolcon.colcon_core.package_identification[0m [1;30mLevel 1[0m _identify(runs/detect/predict-2) by extension 'python'
[0.160s] [34mcolcon.colcon_core.package_identification[0m [1;30mLevel 1[0m _identify(runs/detect/predict-2) by extensions ['python_setup_py']
[0.160s] [34mcolcon.colcon_core.package_identification[0m [1;30mLevel 1[0m _identify(runs/detect/predict-2) by extension 'python_setup_py'
[0.160s] [34mcolcon.colcon_core.package_identification[0m [1;30mLevel 1[0m _identify(src) by extensions ['ignore', 'ignore_ament_install']
[0.160s] [34mcolcon.colcon_core.package_identification[0m [1;30mLevel 1[0m _identify(src) by extension 'ignore'
[0.160s] [34mcolcon.colcon_core.package_identification[0m [1;30mLevel 1[0m _identify(src) by extension 'ignore_ament_install'
[0.160s] [34mcolcon.colcon_core.package_identification[0m [1;30mLevel 1[0m _identify(src) by extensions ['colcon_pkg']
[0.160s] [34mcolcon.colcon_core.package_identification[0m [1;30mLevel 1[0m _identify(src) by extension 'colcon_pkg'
[0.160s] [34mcolcon.colcon_core.package_identification[0m [1;30mLevel 1[0m _identify(src) by extensions ['colcon_meta']
[0.160s] [34mcolcon.colcon_core.package_identification[0m [1;30mLevel 1[0m _identify(src) by extension 'colcon_meta'
[0.160s] [34mcolcon.colcon_core.package_identification[0m [1;30mLevel 1[0m _identify(src) by extensions ['ros']
[0.160s] [34mcolcon.colcon_core.package_identification[0m [1;30mLevel 1[0m _identify(src) by extension 'ros'
[0.160s] [34mcolcon.colcon_core.package_identification[0m [1;30mLevel 1[0m _identify(src) by extensions ['cmake', 'python']
[0.160s] [34mcolcon.colcon_core.package_identification[0m [1;30mLevel 1[0m _identify(src) by extension 'cmake'
[0.160s] [34mcolcon.colcon_core.package_identification[0m [1;30mLevel 1[0m _identify(src) by extension 'python'
[0.160s] [34mcolcon.colcon_core.package_identification[0m [1;30mLevel 1[0m _identify(src) by extensions ['python_setup_py']
[0.160s] [34mcolcon.colcon_core.package_identification[0m [1;30mLevel 1[0m _identify(src) by extension 'python_setup_py'
[0.160s] [34mcolcon.colcon_core.package_identification[0m [1;30mLevel 1[0m _identify(src/cone_msgs) by extensions ['ignore', 'ignore_ament_install']
[0.160s] [34mcolcon.colcon_core.package_identification[0m [1;30mLevel 1[0m _identify(src/cone_msgs) by extension 'ignore'
[0.160s] [34mcolcon.colcon_core.package_identification[0m [1;30mLevel 1[0m _identify(src/cone_msgs) by extension 'ignore_ament_install'
[0.160s] [34mcolcon.colcon_core.package_identification[0m [1;30mLevel 1[0m _identify(src/cone_msgs) by extensions ['colcon_pkg']
[0.160s] [34mcolcon.colcon_core.package_identification[0m [1;30mLevel 1[0m _identify(src/cone_msgs) by extension 'colcon_pkg'
[0.160s] [34mcolcon.colcon_core.package_identification[0m [1;30mLevel 1[0m _identify(src/cone_msgs) by extensions ['colcon_meta']
[0.160s] [34mcolcon.colcon_core.package_identification[0m [1;30mLevel 1[0m _identify(src/cone_msgs) by extension 'colcon_meta'
[0.160s] [34mcolcon.colcon_core.package_identification[0m [1;30mLevel 1[0m _identify(src/cone_msgs) by extensions ['ros']
[0.160s] [34mcolcon.colcon_core.package_identification[0m [1;30mLevel 1[0m _identify(src/cone_msgs) by extension 'ros'
[0.161s] [34mcolcon.colcon_core.package_identification[0m [1;30mDEBUG[0m [32mPackage 'src/cone_msgs' with type 'ros.ament_cmake' and name 'cone_msgs'[0m
[0.162s] [34mcolcon.colcon_core.package_identification[0m [1;30mLevel 1[0m _identify(src/eufs_msgs) by extensions ['ignore', 'ignore_ament_install']
[0.162s] [34mcolcon.colcon_core.package_identification[0m [1;30mLevel 1[0m _identify(src/eufs_msgs) by extension 'ignore'
[0.162s] [34mcolcon.colcon_core.package_identification[0m [1;30mLevel 1[0m _identify(src/eufs_msgs) by extension 'ignore_ament_install'
[0.162s] [34mcolcon.colcon_core.package_identification[0m [1;30mLevel 1[0m _identify(src/eufs_msgs) by extensions ['colcon_pkg']
[0.162s] [34mcolcon.colcon_core.package_identification[0m [1;30mLevel 1[0m _identify(src/eufs_msgs) by extension 'colcon_pkg'
[0.162s] [34mcolcon.colcon_core.package_identification[0m [1;30mLevel 1[0m _identify(src/eufs_msgs) by extensions ['colcon_meta']
[0.162s] [34mcolcon.colcon_core.package_identification[0m [1;30mLevel 1[0m _identify(src/eufs_msgs) by extension 'colcon_meta'
[0.162s] [34mcolcon.colcon_core.package_identification[0m [1;30mLevel 1[0m _identify(src/eufs_msgs) by extensions ['ros']
[0.162s] [34mcolcon.colcon_core.package_identification[0m [1;30mLevel 1[0m _identify(src/eufs_msgs) by extension 'ros'
[0.162s] [34mcolcon.colcon_core.package_identification[0m [1;30mDEBUG[0m [32mPackage 'src/eufs_msgs' with type 'ros.ament_cmake' and name 'eufs_msgs'[0m
[0.162s] [34mcolcon.colcon_core.package_identification[0m [1;30mLevel 1[0m _identify(src/eufs_sim) by extensions ['ignore', 'ignore_ament_install']
[0.162s] [34mcolcon.colcon_core.package_identification[0m [1;30mLevel 1[0m _identify(src/eufs_sim) by extension 'ignore'
[0.162s] [34mcolcon.colcon_core.package_identification[0m [1;30mLevel 1[0m _identify(src/eufs_sim) by extension 'ignore_ament_install'
[0.162s] [34mcolcon.colcon_core.package_identification[0m [1;30mLevel 1[0m _identify(src/eufs_sim) by extensions ['colcon_pkg']
[0.162s] [34mcolcon.colcon_core.package_identification[0m [1;30mLevel 1[0m _identify(src/eufs_sim) by extension 'colcon_pkg'
[0.162s] [34mcolcon.colcon_core.package_identification[0m [1;30mLevel 1[0m _identify(src/eufs_sim) by extensions ['colcon_meta']
[0.162s] [34mcolcon.colcon_core.package_identification[0m [1;30mLevel 1[0m _identify(src/eufs_sim) by extension 'colcon_meta'
[0.162s] [34mcolcon.colcon_core.package_identification[0m [1;30mLevel 1[0m _identify(src/eufs_sim) by extensions ['ros']
[0.162s] [34mcolcon.colcon_core.package_identification[0m [1;30mLevel 1[0m _identify(src/eufs_sim) by extension 'ros'
[0.162s] [34mcolcon.colcon_core.package_identification[0m [1;30mLevel 1[0m _identify(src/eufs_sim) by extensions ['cmake', 'python']
[0.162s] [34mcolcon.colcon_core.package_identification[0m [1;30mLevel 1[0m _identify(src/eufs_sim) by extension 'cmake'
[0.162s] [34mcolcon.colcon_core.package_identification[0m [1;30mLevel 1[0m _identify(src/eufs_sim) by extension 'python'
[0.162s] [34mcolcon.colcon_core.package_identification[0m [1;30mLevel 1[0m _identify(src/eufs_sim) by extensions ['python_setup_py']
[0.162s] [34mcolcon.colcon_core.package_identification[0m [1;30mLevel 1[0m _identify(src/eufs_sim) by extension 'python_setup_py'
[0.162s] [34mcolcon.colcon_core.package_identification[0m [1;30mLevel 1[0m _identify(src/eufs_sim/eufs_launcher) by extensions ['ignore', 'ignore_ament_install']
[0.163s] [34mcolcon.colcon_core.package_identification[0m [1;30mLevel 1[0m _identify(src/eufs_sim/eufs_launcher) by extension 'ignore'
[0.163s] [34mcolcon.colcon_core.package_identification[0m [1;30mLevel 1[0m _identify(src/eufs_sim/eufs_launcher) by extension 'ignore_ament_install'
[0.163s] [34mcolcon.colcon_core.package_identification[0m [1;30mLevel 1[0m _identify(src/eufs_sim/eufs_launcher) by extensions ['colcon_pkg']
[0.163s] [34mcolcon.colcon_core.package_identification[0m [1;30mLevel 1[0m _identify(src/eufs_sim/eufs_launcher) by extension 'colcon_pkg'
[0.163s] [34mcolcon.colcon_core.package_identification[0m [1;30mLevel 1[0m _identify(src/eufs_sim/eufs_launcher) by extensions ['colcon_meta']
[0.163s] [34mcolcon.colcon_core.package_identification[0m [1;30mLevel 1[0m _identify(src/eufs_sim/eufs_launcher) by extension 'colcon_meta'
[0.163s] [34mcolcon.colcon_core.package_identification[0m [1;30mLevel 1[0m _identify(src/eufs_sim/eufs_launcher) by extensions ['ros']
[0.163s] [34mcolcon.colcon_core.package_identification[0m [1;30mLevel 1[0m _identify(src/eufs_sim/eufs_launcher) by extension 'ros'
[0.163s] [34mcolcon.colcon_core.package_identification[0m [1;30mDEBUG[0m [32mPackage 'src/eufs_sim/eufs_launcher' with type 'ros.ament_python' and name 'eufs_launcher'[0m
[0.163s] [34mcolcon.colcon_core.package_identification[0m [1;30mLevel 1[0m _identify(src/eufs_sim/eufs_models) by extensions ['ignore', 'ignore_ament_install']
[0.163s] [34mcolcon.colcon_core.package_identification[0m [1;30mLevel 1[0m _identify(src/eufs_sim/eufs_models) by extension 'ignore'
[0.163s] [34mcolcon.colcon_core.package_identification[0m [1;30mLevel 1[0m _identify(src/eufs_sim/eufs_models) by extension 'ignore_ament_install'
[0.163s] [34mcolcon.colcon_core.package_identification[0m [1;30mLevel 1[0m _identify(src/eufs_sim/eufs_models) by extensions ['colcon_pkg']
[0.163s] [34mcolcon.colcon_core.package_identification[0m [1;30mLevel 1[0m _identify(src/eufs_sim/eufs_models) by extension 'colcon_pkg'
[0.163s] [34mcolcon.colcon_core.package_identification[0m [1;30mLevel 1[0m _identify(src/eufs_sim/eufs_models) by extensions ['colcon_meta']
[0.163s] [34mcolcon.colcon_core.package_identification[0m [1;30mLevel 1[0m _identify(src/eufs_sim/eufs_models) by extension 'colcon_meta'
[0.163s] [34mcolcon.colcon_core.package_identification[0m [1;30mLevel 1[0m _identify(src/eufs_sim/eufs_models) by extensions ['ros']
[0.163s] [34mcolcon.colcon_core.package_identification[0m [1;30mLevel 1[0m _identify(src/eufs_sim/eufs_models) by extension 'ros'
[0.164s] [34mcolcon.colcon_core.package_identification[0m [1;30mDEBUG[0m [32mPackage 'src/eufs_sim/eufs_models' with type 'ros.ament_cmake' and name 'eufs_models'[0m
[0.164s] [34mcolcon.colcon_core.package_identification[0m [1;30mLevel 1[0m _identify(src/eufs_sim/eufs_plugins) by extensions ['ignore', 'ignore_ament_install']
[0.164s] [34mcolcon.colcon_core.package_identification[0m [1;30mLevel 1[0m _identify(src/eufs_sim/eufs_plugins) by extension 'ignore'
[0.164s] [34mcolcon.colcon_core.package_identification[0m [1;30mLevel 1[0m _identify(src/eufs_sim/eufs_plugins) by extension 'ignore_ament_install'
[0.164s] [34mcolcon.colcon_core.package_identification[0m [1;30mLevel 1[0m _identify(src/eufs_sim/eufs_plugins) by extensions ['colcon_pkg']
[0.164s] [34mcolcon.colcon_core.package_identification[0m [1;30mLevel 1[0m _identify(src/eufs_sim/eufs_plugins) by extension 'colcon_pkg'
[0.164s] [34mcolcon.colcon_core.package_identification[0m [1;30mLevel 1[0m _identify(src/eufs_sim/eufs_plugins) by extensions ['colcon_meta']
[0.164s] [34mcolcon.colcon_core.package_identification[0m [1;30mLevel 1[0m _identify(src/eufs_sim/eufs_plugins) by extension 'colcon_meta'
[0.164s] [34mcolcon.colcon_core.package_identification[0m [1;30mLevel 1[0m _identify(src/eufs_sim/eufs_plugins) by extensions ['ros']
[0.164s] [34mcolcon.colcon_core.package_identification[0m [1;30mLevel 1[0m _identify(src/eufs_sim/eufs_plugins) by extension 'ros'
[0.165s] [34mcolcon.colcon_core.package_identification[0m [1;30mDEBUG[0m [32mPackage 'src/eufs_sim/eufs_plugins' with type 'ros.ament_cmake' and name 'eufs_plugins'[0m
[0.165s] [34mcolcon.colcon_core.package_identification[0m [1;30mLevel 1[0m _identify(src/eufs_sim/eufs_racecar) by extensions ['ignore', 'ignore_ament_install']
[0.165s] [34mcolcon.colcon_core.package_identification[0m [1;30mLevel 1[0m _identify(src/eufs_sim/eufs_racecar) by extension 'ignore'
[0.165s] [34mcolcon.colcon_core.package_identification[0m [1;30mLevel 1[0m _identify(src/eufs_sim/eufs_racecar) by extension 'ignore_ament_install'
[0.165s] [34mcolcon.colcon_core.package_identification[0m [1;30mLevel 1[0m _identify(src/eufs_sim/eufs_racecar) by extensions ['colcon_pkg']
[0.165s] [34mcolcon.colcon_core.package_identification[0m [1;30mLevel 1[0m _identify(src/eufs_sim/eufs_racecar) by extension 'colcon_pkg'
[0.165s] [34mcolcon.colcon_core.package_identification[0m [1;30mLevel 1[0m _identify(src/eufs_sim/eufs_racecar) by extensions ['colcon_meta']
[0.165s] [34mcolcon.colcon_core.package_identification[0m [1;30mLevel 1[0m _identify(src/eufs_sim/eufs_racecar) by extension 'colcon_meta'
[0.165s] [34mcolcon.colcon_core.package_identification[0m [1;30mLevel 1[0m _identify(src/eufs_sim/eufs_racecar) by extensions ['ros']
[0.165s] [34mcolcon.colcon_core.package_identification[0m [1;30mLevel 1[0m _identify(src/eufs_sim/eufs_racecar) by extension 'ros'
[0.166s] [34mcolcon.colcon_core.package_identification[0m [1;30mDEBUG[0m [32mPackage 'src/eufs_sim/eufs_racecar' with type 'ros.ament_python' and name 'eufs_racecar'[0m
[0.166s] [34mcolcon.colcon_core.package_identification[0m [1;30mLevel 1[0m _identify(src/eufs_sim/eufs_rqt) by extensions ['ignore', 'ignore_ament_install']
[0.166s] [34mcolcon.colcon_core.package_identification[0m [1;30mLevel 1[0m _identify(src/eufs_sim/eufs_rqt) by extension 'ignore'
[0.166s] [34mcolcon.colcon_core.package_identification[0m [1;30mLevel 1[0m _identify(src/eufs_sim/eufs_rqt) by extension 'ignore_ament_install'
[0.166s] [34mcolcon.colcon_core.package_identification[0m [1;30mLevel 1[0m _identify(src/eufs_sim/eufs_rqt) by extensions ['colcon_pkg']
[0.166s] [34mcolcon.colcon_core.package_identification[0m [1;30mLevel 1[0m _identify(src/eufs_sim/eufs_rqt) by extension 'colcon_pkg'
[0.166s] [34mcolcon.colcon_core.package_identification[0m [1;30mLevel 1[0m _identify(src/eufs_sim/eufs_rqt) by extensions ['colcon_meta']
[0.166s] [34mcolcon.colcon_core.package_identification[0m [1;30mLevel 1[0m _identify(src/eufs_sim/eufs_rqt) by extension 'colcon_meta'
[0.166s] [34mcolcon.colcon_core.package_identification[0m [1;30mLevel 1[0m _identify(src/eufs_sim/eufs_rqt) by extensions ['ros']
[0.166s] [34mcolcon.colcon_core.package_identification[0m [1;30mLevel 1[0m _identify(src/eufs_sim/eufs_rqt) by extension 'ros'
[0.166s] [34mcolcon.colcon_core.package_identification[0m [1;30mDEBUG[0m [32mPackage 'src/eufs_sim/eufs_rqt' with type 'ros.ament_python' and name 'eufs_rqt'[0m
[0.166s] [34mcolcon.colcon_core.package_identification[0m [1;30mLevel 1[0m _identify(src/eufs_sim/eufs_sensors) by extensions ['ignore', 'ignore_ament_install']
[0.166s] [34mcolcon.colcon_core.package_identification[0m [1;30mLevel 1[0m _identify(src/eufs_sim/eufs_sensors) by extension 'ignore'
[0.166s] [34mcolcon.colcon_core.package_identification[0m [1;30mLevel 1[0m _identify(src/eufs_sim/eufs_sensors) by extension 'ignore_ament_install'
[0.166s] [34mcolcon.colcon_core.package_identification[0m [1;30mLevel 1[0m _identify(src/eufs_sim/eufs_sensors) by extensions ['colcon_pkg']
[0.166s] [34mcolcon.colcon_core.package_identification[0m [1;30mLevel 1[0m _identify(src/eufs_sim/eufs_sensors) by extension 'colcon_pkg'
[0.166s] [34mcolcon.colcon_core.package_identification[0m [1;30mLevel 1[0m _identify(src/eufs_sim/eufs_sensors) by extensions ['colcon_meta']
[0.166s] [34mcolcon.colcon_core.package_identification[0m [1;30mLevel 1[0m _identify(src/eufs_sim/eufs_sensors) by extension 'colcon_meta'
[0.167s] [34mcolcon.colcon_core.package_identification[0m [1;30mLevel 1[0m _identify(src/eufs_sim/eufs_sensors) by extensions ['ros']
[0.167s] [34mcolcon.colcon_core.package_identification[0m [1;30mLevel 1[0m _identify(src/eufs_sim/eufs_sensors) by extension 'ros'
[0.167s] [34mcolcon.colcon_core.package_identification[0m [1;30mDEBUG[0m [32mPackage 'src/eufs_sim/eufs_sensors' with type 'ros.ament_cmake' and name 'eufs_sensors'[0m
[0.167s] [34mcolcon.colcon_core.package_identification[0m [1;30mLevel 1[0m _identify(src/eufs_sim/eufs_tracks) by extensions ['ignore', 'ignore_ament_install']
[0.167s] [34mcolcon.colcon_core.package_identification[0m [1;30mLevel 1[0m _identify(src/eufs_sim/eufs_tracks) by extension 'ignore'
[0.167s] [34mcolcon.colcon_core.package_identification[0m [1;30mLevel 1[0m _identify(src/eufs_sim/eufs_tracks) by extension 'ignore_ament_install'
[0.167s] [34mcolcon.colcon_core.package_identification[0m [1;30mLevel 1[0m _identify(src/eufs_sim/eufs_tracks) by extensions ['colcon_pkg']
[0.167s] [34mcolcon.colcon_core.package_identification[0m [1;30mLevel 1[0m _identify(src/eufs_sim/eufs_tracks) by extension 'colcon_pkg'
[0.167s] [34mcolcon.colcon_core.package_identification[0m [1;30mLevel 1[0m _identify(src/eufs_sim/eufs_tracks) by extensions ['colcon_meta']
[0.167s] [34mcolcon.colcon_core.package_identification[0m [1;30mLevel 1[0m _identify(src/eufs_sim/eufs_tracks) by extension 'colcon_meta'
[0.167s] [34mcolcon.colcon_core.package_identification[0m [1;30mLevel 1[0m _identify(src/eufs_sim/eufs_tracks) by extensions ['ros']
[0.167s] [34mcolcon.colcon_core.package_identification[0m [1;30mLevel 1[0m _identify(src/eufs_sim/eufs_tracks) by extension 'ros'
[0.168s] [34mcolcon.colcon_core.package_identification[0m [1;30mDEBUG[0m [32mPackage 'src/eufs_sim/eufs_tracks' with type 'ros.ament_python' and name 'eufs_tracks'[0m
[0.168s] [34mcolcon.colcon_core.package_identification[0m [1;30mLevel 1[0m _identify(src/fsd_planner) by extensions ['ignore', 'ignore_ament_install']
[0.168s] [34mcolcon.colcon_core.package_identification[0m [1;30mLevel 1[0m _identify(src/fsd_planner) by extension 'ignore'
[0.168s] [34mcolcon.colcon_core.package_identification[0m [1;30mLevel 1[0m _identify(src/fsd_planner) by extension 'ignore_ament_install'
[0.168s] [34mcolcon.colcon_core.package_identification[0m [1;30mLevel 1[0m _identify(src/fsd_planner) by extensions ['colcon_pkg']
[0.168s] [34mcolcon.colcon_core.package_identification[0m [1;30mLevel 1[0m _identify(src/fsd_planner) by extension 'colcon_pkg'
[0.168s] [34mcolcon.colcon_core.package_identification[0m [1;30mLevel 1[0m _identify(src/fsd_planner) by extensions ['colcon_meta']
[0.168s] [34mcolcon.colcon_core.package_identification[0m [1;30mLevel 1[0m _identify(src/fsd_planner) by extension 'colcon_meta'
[0.168s] [34mcolcon.colcon_core.package_identification[0m [1;30mLevel 1[0m _identify(src/fsd_planner) by extensions ['ros']
[0.168s] [34mcolcon.colcon_core.package_identification[0m [1;30mLevel 1[0m _identify(src/fsd_planner) by extension 'ros'
[0.168s] [34mcolcon.colcon_core.package_identification[0m [1;30mDEBUG[0m [32mPackage 'src/fsd_planner' with type 'ros.ament_python' and name 'fsd_planner'[0m
[0.168s] [34mcolcon.colcon_core.package_identification[0m [1;30mLevel 1[0m _identify(src/my_controller_pkg) by extensions ['ignore', 'ignore_ament_install']
[0.168s] [34mcolcon.colcon_core.package_identification[0m [1;30mLevel 1[0m _identify(src/my_controller_pkg) by extension 'ignore'
[0.168s] [34mcolcon.colcon_core.package_identification[0m [1;30mLevel 1[0m _identify(src/my_controller_pkg) by extension 'ignore_ament_install'
[0.168s] [34mcolcon.colcon_core.package_identification[0m [1;30mLevel 1[0m _identify(src/my_controller_pkg) by extensions ['colcon_pkg']
[0.168s] [34mcolcon.colcon_core.package_identification[0m [1;30mLevel 1[0m _identify(src/my_controller_pkg) by extension 'colcon_pkg'
[0.168s] [34mcolcon.colcon_core.package_identification[0m [1;30mLevel 1[0m _identify(src/my_controller_pkg) by extensions ['colcon_meta']
[0.168s] [34mcolcon.colcon_core.package_identification[0m [1;30mLevel 1[0m _identify(src/my_controller_pkg) by extension 'colcon_meta'
[0.168s] [34mcolcon.colcon_core.package_identification[0m [1;30mLevel 1[0m _identify(src/my_controller_pkg) by extensions ['ros']
[0.168s] [34mcolcon.colcon_core.package_identification[0m [1;30mLevel 1[0m _identify(src/my_controller_pkg) by extension 'ros'
[0.169s] [34mcolcon.colcon_core.package_identification[0m [1;30mDEBUG[0m [32mPackage 'src/my_controller_pkg' with type 'ros.ament_cmake' and name 'my_controller_pkg'[0m
[0.169s] [34mcolcon.colcon_core.package_identification[0m [1;30mLevel 1[0m _identify(src/my_slam_pkg) by extensions ['ignore', 'ignore_ament_install']
[0.169s] [34mcolcon.colcon_core.package_identification[0m [1;30mLevel 1[0m _identify(src/my_slam_pkg) by extension 'ignore'
[0.169s] [34mcolcon.colcon_core.package_identification[0m [1;30mLevel 1[0m _identify(src/my_slam_pkg) by extension 'ignore_ament_install'
[0.169s] [34mcolcon.colcon_core.package_identification[0m [1;30mLevel 1[0m _identify(src/my_slam_pkg) by extensions ['colcon_pkg']
[0.169s] [34mcolcon.colcon_core.package_identification[0m [1;30mLevel 1[0m _identify(src/my_slam_pkg) by extension 'colcon_pkg'
[0.169s] [34mcolcon.colcon_core.package_identification[0m [1;30mLevel 1[0m _identify(src/my_slam_pkg) by extensions ['colcon_meta']
[0.169s] [34mcolcon.colcon_core.package_identification[0m [1;30mLevel 1[0m _identify(src/my_slam_pkg) by extension 'colcon_meta'
[0.169s] [34mcolcon.colcon_core.package_identification[0m [1;30mLevel 1[0m _identify(src/my_slam_pkg) by extensions ['ros']
[0.169s] [34mcolcon.colcon_core.package_identification[0m [1;30mLevel 1[0m _identify(src/my_slam_pkg) by extension 'ros'
[0.170s] [34mcolcon.colcon_core.package_identification[0m [1;30mDEBUG[0m [32mPackage 'src/my_slam_pkg' with type 'ros.ament_cmake' and name 'my_slam_pkg'[0m
[0.170s] [34mcolcon.colcon_core.package_identification[0m [1;30mLevel 1[0m _identify(src/my_state_estimator) by extensions ['ignore', 'ignore_ament_install']
[0.170s] [34mcolcon.colcon_core.package_identification[0m [1;30mLevel 1[0m _identify(src/my_state_estimator) by extension 'ignore'
[0.170s] [34mcolcon.colcon_core.package_identification[0m [1;30mLevel 1[0m _identify(src/my_state_estimator) by extension 'ignore_ament_install'
[0.170s] [34mcolcon.colcon_core.package_identification[0m [1;30mLevel 1[0m _identify(src/my_state_estimator) by extensions ['colcon_pkg']
[0.170s] [34mcolcon.colcon_core.package_identification[0m [1;30mLevel 1[0m _identify(src/my_state_estimator) by extension 'colcon_pkg'
[0.170s] [34mcolcon.colcon_core.package_identification[0m [1;30mLevel 1[0m _identify(src/my_state_estimator) by extensions ['colcon_meta']
[0.170s] [34mcolcon.colcon_core.package_identification[0m [1;30mLevel 1[0m _identify(src/my_state_estimator) by extension 'colcon_meta'
[0.170s] [34mcolcon.colcon_core.package_identification[0m [1;30mLevel 1[0m _identify(src/my_state_estimator) by extensions ['ros']
[0.170s] [34mcolcon.colcon_core.package_identification[0m [1;30mLevel 1[0m _identify(src/my_state_estimator) by extension 'ros'
[0.171s] [34mcolcon.colcon_core.package_identification[0m [1;30mDEBUG[0m [32mPackage 'src/my_state_estimator' with type 'ros.ament_cmake' and name 'my_state_estimator'[0m
[0.171s] [34mcolcon.colcon_core.package_identification[0m [1;30mLevel 1[0m _identify(src/perception_pkg) by extensions ['ignore', 'ignore_ament_install']
[0.171s] [34mcolcon.colcon_core.package_identification[0m [1;30mLevel 1[0m _identify(src/perception_pkg) by extension 'ignore'
[0.171s] [34mcolcon.colcon_core.package_identification[0m [1;30mLevel 1[0m _identify(src/perception_pkg) by extension 'ignore_ament_install'
[0.171s] [34mcolcon.colcon_core.package_identification[0m [1;30mLevel 1[0m _identify(src/perception_pkg) by extensions ['colcon_pkg']
[0.171s] [34mcolcon.colcon_core.package_identification[0m [1;30mLevel 1[0m _identify(src/perception_pkg) by extension 'colcon_pkg'
[0.171s] [34mcolcon.colcon_core.package_identification[0m [1;30mLevel 1[0m _identify(src/perception_pkg) by extensions ['colcon_meta']
[0.171s] [34mcolcon.colcon_core.package_identification[0m [1;30mLevel 1[0m _identify(src/perception_pkg) by extension 'colcon_meta'
[0.171s] [34mcolcon.colcon_core.package_identification[0m [1;30mLevel 1[0m _identify(src/perception_pkg) by extensions ['ros']
[0.171s] [34mcolcon.colcon_core.package_identification[0m [1;30mLevel 1[0m _identify(src/perception_pkg) by extension 'ros'
[0.171s] [34mcolcon.colcon_core.package_identification[0m [1;30mDEBUG[0m [32mPackage 'src/perception_pkg' with type 'ros.ament_cmake' and name 'perception_pkg'[0m
[0.171s] [34mcolcon.colcon_core.package_identification[0m [1;30mLevel 1[0m _identify(src/vision_opencv) by extensions ['ignore', 'ignore_ament_install']
[0.171s] [34mcolcon.colcon_core.package_identification[0m [1;30mLevel 1[0m _identify(src/vision_opencv) by extension 'ignore'
[0.171s] [34mcolcon.colcon_core.package_identification[0m [1;30mLevel 1[0m _identify(src/vision_opencv) by extension 'ignore_ament_install'
[0.171s] [34mcolcon.colcon_core.package_identification[0m [1;30mLevel 1[0m _identify(src/vision_opencv) by extensions ['colcon_pkg']
[0.171s] [34mcolcon.colcon_core.package_identification[0m [1;30mLevel 1[0m _identify(src/vision_opencv) by extension 'colcon_pkg'
[0.171s] [34mcolcon.colcon_core.package_identification[0m [1;30mLevel 1[0m _identify(src/vision_opencv) by extensions ['colcon_meta']
[0.171s] [34mcolcon.colcon_core.package_identification[0m [1;30mLevel 1[0m _identify(src/vision_opencv) by extension 'colcon_meta'
[0.171s] [34mcolcon.colcon_core.package_identification[0m [1;30mLevel 1[0m _identify(src/vision_opencv) by extensions ['ros']
[0.172s] [34mcolcon.colcon_core.package_identification[0m [1;30mLevel 1[0m _identify(src/vision_opencv) by extension 'ros'
[0.172s] [34mcolcon.colcon_core.package_identification[0m [1;30mLevel 1[0m _identify(src/vision_opencv) by extensions ['cmake', 'python']
[0.172s] [34mcolcon.colcon_core.package_identification[0m [1;30mLevel 1[0m _identify(src/vision_opencv) by extension 'cmake'
[0.172s] [34mcolcon.colcon_core.package_identification[0m [1;30mLevel 1[0m _identify(src/vision_opencv) by extension 'python'
[0.172s] [34mcolcon.colcon_core.package_identification[0m [1;30mLevel 1[0m _identify(src/vision_opencv) by extensions ['python_setup_py']
[0.172s] [34mcolcon.colcon_core.package_identification[0m [1;30mLevel 1[0m _identify(src/vision_opencv) by extension 'python_setup_py'
[0.172s] [34mcolcon.colcon_core.package_identification[0m [1;30mLevel 1[0m _identify(src/vision_opencv/cv_bridge) by extensions ['ignore', 'ignore_ament_install']
[0.172s] [34mcolcon.colcon_core.package_identification[0m [1;30mLevel 1[0m _identify(src/vision_opencv/cv_bridge) by extension 'ignore'
[0.172s] [34mcolcon.colcon_core.package_identification[0m [1;30mLevel 1[0m _identify(src/vision_opencv/cv_bridge) by extension 'ignore_ament_install'
[0.172s] [34mcolcon.colcon_core.package_identification[0m [1;30mLevel 1[0m _identify(src/vision_opencv/cv_bridge) by extensions ['colcon_pkg']
[0.172s] [34mcolcon.colcon_core.package_identification[0m [1;30mLevel 1[0m _identify(src/vision_opencv/cv_bridge) by extension 'colcon_pkg'
[0.172s] [34mcolcon.colcon_core.package_identification[0m [1;30mLevel 1[0m _identify(src/vision_opencv/cv_bridge) by extensions ['colcon_meta']
[0.172s] [34mcolcon.colcon_core.package_identification[0m [1;30mLevel 1[0m _identify(src/vision_opencv/cv_bridge) by extension 'colcon_meta'
[0.172s] [34mcolcon.colcon_core.package_identification[0m [1;30mLevel 1[0m _identify(src/vision_opencv/cv_bridge) by extensions ['ros']
[0.172s] [34mcolcon.colcon_core.package_identification[0m [1;30mLevel 1[0m _identify(src/vision_opencv/cv_bridge) by extension 'ros'
[0.172s] [34mcolcon.colcon_core.package_identification[0m [1;30mDEBUG[0m [32mPackage 'src/vision_opencv/cv_bridge' with type 'ros.ament_cmake' and name 'cv_bridge'[0m
[0.172s] [34mcolcon.colcon_core.package_identification[0m [1;30mLevel 1[0m _identify(src/vision_opencv/image_geometry) by extensions ['ignore', 'ignore_ament_install']
[0.172s] [34mcolcon.colcon_core.package_identification[0m [1;30mLevel 1[0m _identify(src/vision_opencv/image_geometry) by extension 'ignore'
[0.172s] [34mcolcon.colcon_core.package_identification[0m [1;30mLevel 1[0m _identify(src/vision_opencv/image_geometry) by extension 'ignore_ament_install'
[0.172s] [34mcolcon.colcon_core.package_identification[0m [1;30mLevel 1[0m _identify(src/vision_opencv/image_geometry) by extensions ['colcon_pkg']
[0.172s] [34mcolcon.colcon_core.package_identification[0m [1;30mLevel 1[0m _identify(src/vision_opencv/image_geometry) by extension 'colcon_pkg'
[0.173s] [34mcolcon.colcon_core.package_identification[0m [1;30mLevel 1[0m _identify(src/vision_opencv/image_geometry) by extensions ['colcon_meta']
[0.173s] [34mcolcon.colcon_core.package_identification[0m [1;30mLevel 1[0m _identify(src/vision_opencv/image_geometry) by extension 'colcon_meta'
[0.173s] [34mcolcon.colcon_core.package_identification[0m [1;30mLevel 1[0m _identify(src/vision_opencv/image_geometry) by extensions ['ros']
[0.173s] [34mcolcon.colcon_core.package_identification[0m [1;30mLevel 1[0m _identify(src/vision_opencv/image_geometry) by extension 'ros'
[0.173s] [34mcolcon.colcon_core.package_identification[0m [1;30mDEBUG[0m [32mPackage 'src/vision_opencv/image_geometry' with type 'ros.ament_cmake' and name 'image_geometry'[0m
[0.173s] [34mcolcon.colcon_core.package_identification[0m [1;30mLevel 1[0m _identify(src/vision_opencv/opencv_tests) by extensions ['ignore', 'ignore_ament_install']
[0.173s] [34mcolcon.colcon_core.package_identification[0m [1;30mLevel 1[0m _identify(src/vision_opencv/opencv_tests) by extension 'ignore'
[0.173s] [34mcolcon.colcon_core.package_identification[0m [1;30mLevel 1[0m _identify(src/vision_opencv/opencv_tests) by extension 'ignore_ament_install'
[0.173s] [34mcolcon.colcon_core.package_identification[0m [1;30mLevel 1[0m _identify(src/vision_opencv/opencv_tests) by extensions ['colcon_pkg']
[0.173s] [34mcolcon.colcon_core.package_identification[0m [1;30mLevel 1[0m _identify(src/vision_opencv/opencv_tests) by extension 'colcon_pkg'
[0.173s] [34mcolcon.colcon_core.package_identification[0m [1;30mLevel 1[0m _identify(src/vision_opencv/opencv_tests) by extensions ['colcon_meta']
[0.173s] [34mcolcon.colcon_core.package_identification[0m [1;30mLevel 1[0m _identify(src/vision_opencv/opencv_tests) by extension 'colcon_meta'
[0.173s] [34mcolcon.colcon_core.package_identification[0m [1;30mLevel 1[0m _identify(src/vision_opencv/opencv_tests) by extensions ['ros']
[0.173s] [34mcolcon.colcon_core.package_identification[0m [1;30mLevel 1[0m _identify(src/vision_opencv/opencv_tests) by extension 'ros'
[0.173s] [34mcolcon.colcon_core.package_identification[0m [1;30mDEBUG[0m [32mPackage 'src/vision_opencv/opencv_tests' with type 'ros.ament_python' and name 'opencv_tests'[0m
[0.173s] [34mcolcon.colcon_core.package_identification[0m [1;30mLevel 1[0m _identify(src/vision_opencv/vision_opencv) by extensions ['ignore', 'ignore_ament_install']
[0.174s] [34mcolcon.colcon_core.package_identification[0m [1;30mLevel 1[0m _identify(src/vision_opencv/vision_opencv) by extension 'ignore'
[0.174s] [34mcolcon.colcon_core.package_identification[0m [1;30mLevel 1[0m _identify(src/vision_opencv/vision_opencv) by extension 'ignore_ament_install'
[0.174s] [34mcolcon.colcon_core.package_identification[0m [1;30mLevel 1[0m _identify(src/vision_opencv/vision_opencv) by extensions ['colcon_pkg']
[0.174s] [34mcolcon.colcon_core.package_identification[0m [1;30mLevel 1[0m _identify(src/vision_opencv/vision_opencv) by extension 'colcon_pkg'
[0.174s] [34mcolcon.colcon_core.package_identification[0m [1;30mLevel 1[0m _identify(src/vision_opencv/vision_opencv) by extensions ['colcon_meta']
[0.174s] [34mcolcon.colcon_core.package_identification[0m [1;30mLevel 1[0m _identify(src/vision_opencv/vision_opencv) by extension 'colcon_meta'
[0.174s] [34mcolcon.colcon_core.package_identification[0m [1;30mLevel 1[0m _identify(src/vision_opencv/vision_opencv) by extensions ['ros']
[0.174s] [34mcolcon.colcon_core.package_identification[0m [1;30mLevel 1[0m _identify(src/vision_opencv/vision_opencv) by extension 'ros'
[0.174s] [34mcolcon.colcon_core.package_identification[0m [1;30mDEBUG[0m [32mPackage 'src/vision_opencv/vision_opencv' with type 'ros.ament_cmake' and name 'vision_opencv'[0m
[0.174s] [34mcolcon.colcon_core.package_discovery[0m [1;30mLevel 1[0m discover_packages(recursive) using defaults
[0.174s] [34mcolcon.colcon_core.package_discovery[0m [1;30mLevel 1[0m discover_packages(ignore) discover
[0.174s] [34mcolcon.colcon_core.package_discovery[0m [1;30mLevel 1[0m discover_packages(ignore) using defaults
[0.174s] [34mcolcon.colcon_core.package_discovery[0m [1;30mLevel 1[0m discover_packages(path) discover
[0.174s] [34mcolcon.colcon_core.package_discovery[0m [1;30mLevel 1[0m discover_packages(path) using defaults
[0.184s] [34mcolcon.colcon_core.package_discovery[0m [1;30mLevel 1[0m discover_packages(prefix_path) check parameters
[0.184s] [34mcolcon.colcon_core.package_discovery[0m [1;30mLevel 1[0m discover_packages(prefix_path) discover
[0.184s] [34mcolcon.colcon_ros.prefix_path.ament[0m [1;30mWARNING[0m [33mThe path '/home/alr/Desktop/new_perception/new_eufs_ws/install/vision_opencv' in the environment variable AMENT_PREFIX_PATH doesn't exist[0m
[0.184s] [34mcolcon.colcon_ros.prefix_path.ament[0m [1;30mWARNING[0m [33mThe path '/home/alr/Desktop/new_perception/new_eufs_ws/install/perception_pkg' in the environment variable AMENT_PREFIX_PATH doesn't exist[0m
[0.184s] [34mcolcon.colcon_ros.prefix_path.ament[0m [1;30mWARNING[0m [33mThe path '/home/alr/Desktop/new_perception/new_eufs_ws/install/opencv_tests' in the environment variable AMENT_PREFIX_PATH doesn't exist[0m
[0.184s] [34mcolcon.colcon_ros.prefix_path.ament[0m [1;30mWARNING[0m [33mThe path '/home/alr/Desktop/new_perception/new_eufs_ws/install/my_state_estimator' in the environment variable AMENT_PREFIX_PATH doesn't exist[0m
[0.184s] [34mcolcon.colcon_ros.prefix_path.ament[0m [1;30mWARNING[0m [33mThe path '/home/alr/Desktop/new_perception/new_eufs_ws/install/my_slam_pkg' in the environment variable AMENT_PREFIX_PATH doesn't exist[0m
[0.184s] [34mcolcon.colcon_ros.prefix_path.ament[0m [1;30mWARNING[0m [33mThe path '/home/alr/Desktop/new_perception/new_eufs_ws/install/my_controller_pkg' in the environment variable AMENT_PREFIX_PATH doesn't exist[0m
[0.185s] [34mcolcon.colcon_ros.prefix_path.ament[0m [1;30mWARNING[0m [33mThe path '/home/alr/Desktop/new_perception/new_eufs_ws/install/eufs_plugins' in the environment variable AMENT_PREFIX_PATH doesn't exist[0m
[0.185s] [34mcolcon.colcon_ros.prefix_path.ament[0m [1;30mWARNING[0m [33mThe path '/home/alr/Desktop/new_perception/new_eufs_ws/install/image_geometry' in the environment variable AMENT_PREFIX_PATH doesn't exist[0m
[0.185s] [34mcolcon.colcon_ros.prefix_path.ament[0m [1;30mWARNING[0m [33mThe path '/home/alr/Desktop/new_perception/new_eufs_ws/install/fsd_planner' in the environment variable AMENT_PREFIX_PATH doesn't exist[0m
[0.185s] [34mcolcon.colcon_ros.prefix_path.ament[0m [1;30mWARNING[0m [33mThe path '/home/alr/Desktop/new_perception/new_eufs_ws/install/eufs_launcher' in the environment variable AMENT_PREFIX_PATH doesn't exist[0m
[0.185s] [34mcolcon.colcon_ros.prefix_path.ament[0m [1;30mWARNING[0m [33mThe path '/home/alr/Desktop/new_perception/new_eufs_ws/install/eufs_tracks' in the environment variable AMENT_PREFIX_PATH doesn't exist[0m
[0.185s] [34mcolcon.colcon_ros.prefix_path.ament[0m [1;30mWARNING[0m [33mThe path '/home/alr/Desktop/new_perception/new_eufs_ws/install/eufs_sensors' in the environment variable AMENT_PREFIX_PATH doesn't exist[0m
[0.185s] [34mcolcon.colcon_ros.prefix_path.ament[0m [1;30mWARNING[0m [33mThe path '/home/alr/Desktop/new_perception/new_eufs_ws/install/eufs_rqt' in the environment variable AMENT_PREFIX_PATH doesn't exist[0m
[0.185s] [34mcolcon.colcon_ros.prefix_path.ament[0m [1;30mWARNING[0m [33mThe path '/home/alr/Desktop/new_perception/new_eufs_ws/install/eufs_racecar' in the environment variable AMENT_PREFIX_PATH doesn't exist[0m
[0.185s] [34mcolcon.colcon_ros.prefix_path.ament[0m [1;30mWARNING[0m [33mThe path '/home/alr/Desktop/new_perception/new_eufs_ws/install/eufs_models' in the environment variable AMENT_PREFIX_PATH doesn't exist[0m
[0.185s] [34mcolcon.colcon_ros.prefix_path.ament[0m [1;30mWARNING[0m [33mThe path '/home/alr/Desktop/new_perception/new_eufs_ws/install/eufs_msgs' in the environment variable AMENT_PREFIX_PATH doesn't exist[0m
[0.185s] [34mcolcon.colcon_ros.prefix_path.ament[0m [1;30mWARNING[0m [33mThe path '/home/alr/Desktop/new_perception/new_eufs_ws/install/cv_bridge' in the environment variable AMENT_PREFIX_PATH doesn't exist[0m
[0.185s] [34mcolcon.colcon_ros.prefix_path.ament[0m [1;30mWARNING[0m [33mThe path '/home/alr/Desktop/new_perception/new_eufs_ws/install/cone_msgs' in the environment variable AMENT_PREFIX_PATH doesn't exist[0m
[0.185s] [34mcolcon.colcon_ros.prefix_path.catkin[0m [1;30mWARNING[0m [33mThe path '/home/alr/Desktop/new_perception/new_eufs_ws/install/vision_opencv' in the environment variable CMAKE_PREFIX_PATH doesn't exist[0m
[0.185s] [34mcolcon.colcon_ros.prefix_path.catkin[0m [1;30mWARNING[0m [33mThe path '/home/alr/Desktop/new_perception/new_eufs_ws/install/perception_pkg' in the environment variable CMAKE_PREFIX_PATH doesn't exist[0m
[0.185s] [34mcolcon.colcon_ros.prefix_path.catkin[0m [1;30mWARNING[0m [33mThe path '/home/alr/Desktop/new_perception/new_eufs_ws/install/my_state_estimator' in the environment variable CMAKE_PREFIX_PATH doesn't exist[0m
[0.185s] [34mcolcon.colcon_ros.prefix_path.catkin[0m [1;30mWARNING[0m [33mThe path '/home/alr/Desktop/new_perception/new_eufs_ws/install/my_slam_pkg' in the environment variable CMAKE_PREFIX_PATH doesn't exist[0m
[0.185s] [34mcolcon.colcon_ros.prefix_path.catkin[0m [1;30mWARNING[0m [33mThe path '/home/alr/Desktop/new_perception/new_eufs_ws/install/my_controller_pkg' in the environment variable CMAKE_PREFIX_PATH doesn't exist[0m
[0.185s] [34mcolcon.colcon_ros.prefix_path.catkin[0m [1;30mWARNING[0m [33mThe path '/home/alr/Desktop/new_perception/new_eufs_ws/install/eufs_plugins' in the environment variable CMAKE_PREFIX_PATH doesn't exist[0m
[0.185s] [34mcolcon.colcon_ros.prefix_path.catkin[0m [1;30mWARNING[0m [33mThe path '/home/alr/Desktop/new_perception/new_eufs_ws/install/image_geometry' in the environment variable CMAKE_PREFIX_PATH doesn't exist[0m
[0.185s] [34mcolcon.colcon_ros.prefix_path.catkin[0m [1;30mWARNING[0m [33mThe path '/home/alr/Desktop/new_perception/new_eufs_ws/install/eufs_sensors' in the environment variable CMAKE_PREFIX_PATH doesn't exist[0m
[0.185s] [34mcolcon.colcon_ros.prefix_path.catkin[0m [1;30mWARNING[0m [33mThe path '/home/alr/Desktop/new_perception/new_eufs_ws/install/eufs_models' in the environment variable CMAKE_PREFIX_PATH doesn't exist[0m
[0.185s] [34mcolcon.colcon_ros.prefix_path.catkin[0m [1;30mWARNING[0m [33mThe path '/home/alr/Desktop/new_perception/new_eufs_ws/install/eufs_msgs' in the environment variable CMAKE_PREFIX_PATH doesn't exist[0m
[0.185s] [34mcolcon.colcon_ros.prefix_path.catkin[0m [1;30mWARNING[0m [33mThe path '/home/alr/Desktop/new_perception/new_eufs_ws/install/cv_bridge' in the environment variable CMAKE_PREFIX_PATH doesn't exist[0m
[0.185s] [34mcolcon.colcon_ros.prefix_path.catkin[0m [1;30mWARNING[0m [33mThe path '/home/alr/Desktop/new_perception/new_eufs_ws/install/cone_msgs' in the environment variable CMAKE_PREFIX_PATH doesn't exist[0m
[0.185s] [34mcolcon.colcon_installed_package_information.package_discovery[0m [1;30mDEBUG[0m [32mFound 0 installed packages in /home/alr/Desktop/new_perception/new_eufs_ws/install[0m
[0.186s] [34mcolcon.colcon_installed_package_information.package_discovery[0m [1;30mDEBUG[0m [32mFound 285 installed packages in /opt/ros/humble[0m
[0.187s] [34mcolcon.colcon_core.package_discovery[0m [1;30mLevel 1[0m discover_packages(prefix_path) using defaults
[0.203s] [34mcolcon.colcon_core.package_selection[0m [1;30mWARNING[0m [33mSome selected packages are already built in one or more underlay workspaces:
	'image_geometry' is in: /opt/ros/humble
	'cv_bridge' is in: /opt/ros/humble
If a package in a merged underlay workspace is overridden and it installs headers, then all packages in the overlay must sort their include directories by workspace order. Failure to do so may result in build failures or undefined behavior at run time.
If the overridden package is used by another package in any underlay, then the overriding package in the overlay must be API and ABI compatible or undefined behavior at run time may occur.

If you understand the risks and want to override a package anyways, add the following to the command line:
	--allow-overriding cv_bridge image_geometry

This may be promoted to an error in a future release of colcon-override-check.[0m
[0.203s] [34mcolcon.colcon_core.verb[0m [1;30mLevel 5[0m set package 'cone_msgs' build argument 'cmake_args' from command line to 'None'
[0.203s] [34mcolcon.colcon_core.verb[0m [1;30mLevel 5[0m set package 'cone_msgs' build argument 'cmake_target' from command line to 'None'
[0.203s] [34mcolcon.colcon_core.verb[0m [1;30mLevel 5[0m set package 'cone_msgs' build argument 'cmake_target_skip_unavailable' from command line to 'False'
[0.203s] [34mcolcon.colcon_core.verb[0m [1;30mLevel 5[0m set package 'cone_msgs' build argument 'cmake_clean_cache' from command line to 'False'
[0.203s] [34mcolcon.colcon_core.verb[0m [1;30mLevel 5[0m set package 'cone_msgs' build argument 'cmake_clean_first' from command line to 'False'
[0.203s] [34mcolcon.colcon_core.verb[0m [1;30mLevel 5[0m set package 'cone_msgs' build argument 'cmake_force_configure' from command line to 'False'
[0.203s] [34mcolcon.colcon_core.verb[0m [1;30mLevel 5[0m set package 'cone_msgs' build argument 'ament_cmake_args' from command line to 'None'
[0.203s] [34mcolcon.colcon_core.verb[0m [1;30mLevel 5[0m set package 'cone_msgs' build argument 'catkin_cmake_args' from command line to 'None'
[0.203s] [34mcolcon.colcon_core.verb[0m [1;30mLevel 5[0m set package 'cone_msgs' build argument 'catkin_skip_building_tests' from command line to 'False'
[0.203s] [34mcolcon.colcon_core.verb[0m [1;30mDEBUG[0m [32mBuilding package 'cone_msgs' with the following arguments: {'ament_cmake_args': None, 'build_base': '/home/alr/Desktop/new_perception/new_eufs_ws/build/cone_msgs', 'catkin_cmake_args': None, 'catkin_skip_building_tests': False, 'cmake_args': None, 'cmake_clean_cache': False, 'cmake_clean_first': False, 'cmake_force_configure': False, 'cmake_target': None, 'cmake_target_skip_unavailable': False, 'install_base': '/home/alr/Desktop/new_perception/new_eufs_ws/install/cone_msgs', 'merge_install': False, 'path': '/home/alr/Desktop/new_perception/new_eufs_ws/src/cone_msgs', 'symlink_install': True, 'test_result_base': None}[0m
[0.203s] [34mcolcon.colcon_core.verb[0m [1;30mLevel 5[0m set package 'cv_bridge' build argument 'cmake_args' from command line to 'None'
[0.203s] [34mcolcon.colcon_core.verb[0m [1;30mLevel 5[0m set package 'cv_bridge' build argument 'cmake_target' from command line to 'None'
[0.203s] [34mcolcon.colcon_core.verb[0m [1;30mLevel 5[0m set package 'cv_bridge' build argument 'cmake_target_skip_unavailable' from command line to 'False'
[0.203s] [34mcolcon.colcon_core.verb[0m [1;30mLevel 5[0m set package 'cv_bridge' build argument 'cmake_clean_cache' from command line to 'False'
[0.203s] [34mcolcon.colcon_core.verb[0m [1;30mLevel 5[0m set package 'cv_bridge' build argument 'cmake_clean_first' from command line to 'False'
[0.203s] [34mcolcon.colcon_core.verb[0m [1;30mLevel 5[0m set package 'cv_bridge' build argument 'cmake_force_configure' from command line to 'False'
[0.203s] [34mcolcon.colcon_core.verb[0m [1;30mLevel 5[0m set package 'cv_bridge' build argument 'ament_cmake_args' from command line to 'None'
[0.203s] [34mcolcon.colcon_core.verb[0m [1;30mLevel 5[0m set package 'cv_bridge' build argument 'catkin_cmake_args' from command line to 'None'
[0.203s] [34mcolcon.colcon_core.verb[0m [1;30mLevel 5[0m set package 'cv_bridge' build argument 'catkin_skip_building_tests' from command line to 'False'
[0.204s] [34mcolcon.colcon_core.verb[0m [1;30mDEBUG[0m [32mBuilding package 'cv_bridge' with the following arguments: {'ament_cmake_args': None, 'build_base': '/home/alr/Desktop/new_perception/new_eufs_ws/build/cv_bridge', 'catkin_cmake_args': None, 'catkin_skip_building_tests': False, 'cmake_args': None, 'cmake_clean_cache': False, 'cmake_clean_first': False, 'cmake_force_configure': False, 'cmake_target': None, 'cmake_target_skip_unavailable': False, 'install_base': '/home/alr/Desktop/new_perception/new_eufs_ws/install/cv_bridge', 'merge_install': False, 'path': '/home/alr/Desktop/new_perception/new_eufs_ws/src/vision_opencv/cv_bridge', 'symlink_install': True, 'test_result_base': None}[0m
[0.204s] [34mcolcon.colcon_core.verb[0m [1;30mLevel 5[0m set package 'eufs_msgs' build argument 'cmake_args' from command line to 'None'
[0.204s] [34mcolcon.colcon_core.verb[0m [1;30mLevel 5[0m set package 'eufs_msgs' build argument 'cmake_target' from command line to 'None'
[0.204s] [34mcolcon.colcon_core.verb[0m [1;30mLevel 5[0m set package 'eufs_msgs' build argument 'cmake_target_skip_unavailable' from command line to 'False'
[0.204s] [34mcolcon.colcon_core.verb[0m [1;30mLevel 5[0m set package 'eufs_msgs' build argument 'cmake_clean_cache' from command line to 'False'
[0.204s] [34mcolcon.colcon_core.verb[0m [1;30mLevel 5[0m set package 'eufs_msgs' build argument 'cmake_clean_first' from command line to 'False'
[0.204s] [34mcolcon.colcon_core.verb[0m [1;30mLevel 5[0m set package 'eufs_msgs' build argument 'cmake_force_configure' from command line to 'False'
[0.204s] [34mcolcon.colcon_core.verb[0m [1;30mLevel 5[0m set package 'eufs_msgs' build argument 'ament_cmake_args' from command line to 'None'
[0.204s] [34mcolcon.colcon_core.verb[0m [1;30mLevel 5[0m set package 'eufs_msgs' build argument 'catkin_cmake_args' from command line to 'None'
[0.204s] [34mcolcon.colcon_core.verb[0m [1;30mLevel 5[0m set package 'eufs_msgs' build argument 'catkin_skip_building_tests' from command line to 'False'
[0.204s] [34mcolcon.colcon_core.verb[0m [1;30mDEBUG[0m [32mBuilding package 'eufs_msgs' with the following arguments: {'ament_cmake_args': None, 'build_base': '/home/alr/Desktop/new_perception/new_eufs_ws/build/eufs_msgs', 'catkin_cmake_args': None, 'catkin_skip_building_tests': False, 'cmake_args': None, 'cmake_clean_cache': False, 'cmake_clean_first': False, 'cmake_force_configure': False, 'cmake_target': None, 'cmake_target_skip_unavailable': False, 'install_base': '/home/alr/Desktop/new_perception/new_eufs_ws/install/eufs_msgs', 'merge_install': False, 'path': '/home/alr/Desktop/new_perception/new_eufs_ws/src/eufs_msgs', 'symlink_install': True, 'test_result_base': None}[0m
[0.204s] [34mcolcon.colcon_core.verb[0m [1;30mLevel 5[0m set package 'eufs_racecar' build argument 'cmake_args' from command line to 'None'
[0.204s] [34mcolcon.colcon_core.verb[0m [1;30mLevel 5[0m set package 'eufs_racecar' build argument 'cmake_target' from command line to 'None'
[0.204s] [34mcolcon.colcon_core.verb[0m [1;30mLevel 5[0m set package 'eufs_racecar' build argument 'cmake_target_skip_unavailable' from command line to 'False'
[0.204s] [34mcolcon.colcon_core.verb[0m [1;30mLevel 5[0m set package 'eufs_racecar' build argument 'cmake_clean_cache' from command line to 'False'
[0.204s] [34mcolcon.colcon_core.verb[0m [1;30mLevel 5[0m set package 'eufs_racecar' build argument 'cmake_clean_first' from command line to 'False'
[0.204s] [34mcolcon.colcon_core.verb[0m [1;30mLevel 5[0m set package 'eufs_racecar' build argument 'cmake_force_configure' from command line to 'False'
[0.204s] [34mcolcon.colcon_core.verb[0m [1;30mLevel 5[0m set package 'eufs_racecar' build argument 'ament_cmake_args' from command line to 'None'
[0.204s] [34mcolcon.colcon_core.verb[0m [1;30mLevel 5[0m set package 'eufs_racecar' build argument 'catkin_cmake_args' from command line to 'None'
[0.204s] [34mcolcon.colcon_core.verb[0m [1;30mLevel 5[0m set package 'eufs_racecar' build argument 'catkin_skip_building_tests' from command line to 'False'
[0.204s] [34mcolcon.colcon_core.verb[0m [1;30mDEBUG[0m [32mBuilding package 'eufs_racecar' with the following arguments: {'ament_cmake_args': None, 'build_base': '/home/alr/Desktop/new_perception/new_eufs_ws/build/eufs_racecar', 'catkin_cmake_args': None, 'catkin_skip_building_tests': False, 'cmake_args': None, 'cmake_clean_cache': False, 'cmake_clean_first': False, 'cmake_force_configure': False, 'cmake_target': None, 'cmake_target_skip_unavailable': False, 'install_base': '/home/alr/Desktop/new_perception/new_eufs_ws/install/eufs_racecar', 'merge_install': False, 'path': '/home/alr/Desktop/new_perception/new_eufs_ws/src/eufs_sim/eufs_racecar', 'symlink_install': True, 'test_result_base': None}[0m
[0.204s] [34mcolcon.colcon_core.verb[0m [1;30mLevel 5[0m set package 'eufs_sensors' build argument 'cmake_args' from command line to 'None'
[0.204s] [34mcolcon.colcon_core.verb[0m [1;30mLevel 5[0m set package 'eufs_sensors' build argument 'cmake_target' from command line to 'None'
[0.204s] [34mcolcon.colcon_core.verb[0m [1;30mLevel 5[0m set package 'eufs_sensors' build argument 'cmake_target_skip_unavailable' from command line to 'False'
[0.204s] [34mcolcon.colcon_core.verb[0m [1;30mLevel 5[0m set package 'eufs_sensors' build argument 'cmake_clean_cache' from command line to 'False'
[0.204s] [34mcolcon.colcon_core.verb[0m [1;30mLevel 5[0m set package 'eufs_sensors' build argument 'cmake_clean_first' from command line to 'False'
[0.204s] [34mcolcon.colcon_core.verb[0m [1;30mLevel 5[0m set package 'eufs_sensors' build argument 'cmake_force_configure' from command line to 'False'
[0.204s] [34mcolcon.colcon_core.verb[0m [1;30mLevel 5[0m set package 'eufs_sensors' build argument 'ament_cmake_args' from command line to 'None'
[0.204s] [34mcolcon.colcon_core.verb[0m [1;30mLevel 5[0m set package 'eufs_sensors' build argument 'catkin_cmake_args' from command line to 'None'
[0.204s] [34mcolcon.colcon_core.verb[0m [1;30mLevel 5[0m set package 'eufs_sensors' build argument 'catkin_skip_building_tests' from command line to 'False'
[0.204s] [34mcolcon.colcon_core.verb[0m [1;30mDEBUG[0m [32mBuilding package 'eufs_sensors' with the following arguments: {'ament_cmake_args': None, 'build_base': '/home/alr/Desktop/new_perception/new_eufs_ws/build/eufs_sensors', 'catkin_cmake_args': None, 'catkin_skip_building_tests': False, 'cmake_args': None, 'cmake_clean_cache': False, 'cmake_clean_first': False, 'cmake_force_configure': False, 'cmake_target': None, 'cmake_target_skip_unavailable': False, 'install_base': '/home/alr/Desktop/new_perception/new_eufs_ws/install/eufs_sensors', 'merge_install': False, 'path': '/home/alr/Desktop/new_perception/new_eufs_ws/src/eufs_sim/eufs_sensors', 'symlink_install': True, 'test_result_base': None}[0m
[0.204s] [34mcolcon.colcon_core.verb[0m [1;30mLevel 5[0m set package 'eufs_tracks' build argument 'cmake_args' from command line to 'None'
[0.204s] [34mcolcon.colcon_core.verb[0m [1;30mLevel 5[0m set package 'eufs_tracks' build argument 'cmake_target' from command line to 'None'
[0.204s] [34mcolcon.colcon_core.verb[0m [1;30mLevel 5[0m set package 'eufs_tracks' build argument 'cmake_target_skip_unavailable' from command line to 'False'
[0.204s] [34mcolcon.colcon_core.verb[0m [1;30mLevel 5[0m set package 'eufs_tracks' build argument 'cmake_clean_cache' from command line to 'False'
[0.204s] [34mcolcon.colcon_core.verb[0m [1;30mLevel 5[0m set package 'eufs_tracks' build argument 'cmake_clean_first' from command line to 'False'
[0.204s] [34mcolcon.colcon_core.verb[0m [1;30mLevel 5[0m set package 'eufs_tracks' build argument 'cmake_force_configure' from command line to 'False'
[0.204s] [34mcolcon.colcon_core.verb[0m [1;30mLevel 5[0m set package 'eufs_tracks' build argument 'ament_cmake_args' from command line to 'None'
[0.204s] [34mcolcon.colcon_core.verb[0m [1;30mLevel 5[0m set package 'eufs_tracks' build argument 'catkin_cmake_args' from command line to 'None'
[0.204s] [34mcolcon.colcon_core.verb[0m [1;30mLevel 5[0m set package 'eufs_tracks' build argument 'catkin_skip_building_tests' from command line to 'False'
[0.204s] [34mcolcon.colcon_core.verb[0m [1;30mDEBUG[0m [32mBuilding package 'eufs_tracks' with the following arguments: {'ament_cmake_args': None, 'build_base': '/home/alr/Desktop/new_perception/new_eufs_ws/build/eufs_tracks', 'catkin_cmake_args': None, 'catkin_skip_building_tests': False, 'cmake_args': None, 'cmake_clean_cache': False, 'cmake_clean_first': False, 'cmake_force_configure': False, 'cmake_target': None, 'cmake_target_skip_unavailable': False, 'install_base': '/home/alr/Desktop/new_perception/new_eufs_ws/install/eufs_tracks', 'merge_install': False, 'path': '/home/alr/Desktop/new_perception/new_eufs_ws/src/eufs_sim/eufs_tracks', 'symlink_install': True, 'test_result_base': None}[0m
[0.205s] [34mcolcon.colcon_core.verb[0m [1;30mLevel 5[0m set package 'image_geometry' build argument 'cmake_args' from command line to 'None'
[0.205s] [34mcolcon.colcon_core.verb[0m [1;30mLevel 5[0m set package 'image_geometry' build argument 'cmake_target' from command line to 'None'
[0.205s] [34mcolcon.colcon_core.verb[0m [1;30mLevel 5[0m set package 'image_geometry' build argument 'cmake_target_skip_unavailable' from command line to 'False'
[0.205s] [34mcolcon.colcon_core.verb[0m [1;30mLevel 5[0m set package 'image_geometry' build argument 'cmake_clean_cache' from command line to 'False'
[0.205s] [34mcolcon.colcon_core.verb[0m [1;30mLevel 5[0m set package 'image_geometry' build argument 'cmake_clean_first' from command line to 'False'
[0.205s] [34mcolcon.colcon_core.verb[0m [1;30mLevel 5[0m set package 'image_geometry' build argument 'cmake_force_configure' from command line to 'False'
[0.205s] [34mcolcon.colcon_core.verb[0m [1;30mLevel 5[0m set package 'image_geometry' build argument 'ament_cmake_args' from command line to 'None'
[0.205s] [34mcolcon.colcon_core.verb[0m [1;30mLevel 5[0m set package 'image_geometry' build argument 'catkin_cmake_args' from command line to 'None'
[0.205s] [34mcolcon.colcon_core.verb[0m [1;30mLevel 5[0m set package 'image_geometry' build argument 'catkin_skip_building_tests' from command line to 'False'
[0.205s] [34mcolcon.colcon_core.verb[0m [1;30mDEBUG[0m [32mBuilding package 'image_geometry' with the following arguments: {'ament_cmake_args': None, 'build_base': '/home/alr/Desktop/new_perception/new_eufs_ws/build/image_geometry', 'catkin_cmake_args': None, 'catkin_skip_building_tests': False, 'cmake_args': None, 'cmake_clean_cache': False, 'cmake_clean_first': False, 'cmake_force_configure': False, 'cmake_target': None, 'cmake_target_skip_unavailable': False, 'install_base': '/home/alr/Desktop/new_perception/new_eufs_ws/install/image_geometry', 'merge_install': False, 'path': '/home/alr/Desktop/new_perception/new_eufs_ws/src/vision_opencv/image_geometry', 'symlink_install': True, 'test_result_base': None}[0m
[0.205s] [34mcolcon.colcon_core.verb[0m [1;30mLevel 5[0m set package 'eufs_launcher' build argument 'cmake_args' from command line to 'None'
[0.205s] [34mcolcon.colcon_core.verb[0m [1;30mLevel 5[0m set package 'eufs_launcher' build argument 'cmake_target' from command line to 'None'
[0.205s] [34mcolcon.colcon_core.verb[0m [1;30mLevel 5[0m set package 'eufs_launcher' build argument 'cmake_target_skip_unavailable' from command line to 'False'
[0.205s] [34mcolcon.colcon_core.verb[0m [1;30mLevel 5[0m set package 'eufs_launcher' build argument 'cmake_clean_cache' from command line to 'False'
[0.205s] [34mcolcon.colcon_core.verb[0m [1;30mLevel 5[0m set package 'eufs_launcher' build argument 'cmake_clean_first' from command line to 'False'
[0.205s] [34mcolcon.colcon_core.verb[0m [1;30mLevel 5[0m set package 'eufs_launcher' build argument 'cmake_force_configure' from command line to 'False'
[0.205s] [34mcolcon.colcon_core.verb[0m [1;30mLevel 5[0m set package 'eufs_launcher' build argument 'ament_cmake_args' from command line to 'None'
[0.205s] [34mcolcon.colcon_core.verb[0m [1;30mLevel 5[0m set package 'eufs_launcher' build argument 'catkin_cmake_args' from command line to 'None'
[0.205s] [34mcolcon.colcon_core.verb[0m [1;30mLevel 5[0m set package 'eufs_launcher' build argument 'catkin_skip_building_tests' from command line to 'False'
[0.205s] [34mcolcon.colcon_core.verb[0m [1;30mDEBUG[0m [32mBuilding package 'eufs_launcher' with the following arguments: {'ament_cmake_args': None, 'build_base': '/home/alr/Desktop/new_perception/new_eufs_ws/build/eufs_launcher', 'catkin_cmake_args': None, 'catkin_skip_building_tests': False, 'cmake_args': None, 'cmake_clean_cache': False, 'cmake_clean_first': False, 'cmake_force_configure': False, 'cmake_target': None, 'cmake_target_skip_unavailable': False, 'install_base': '/home/alr/Desktop/new_perception/new_eufs_ws/install/eufs_launcher', 'merge_install': False, 'path': '/home/alr/Desktop/new_perception/new_eufs_ws/src/eufs_sim/eufs_launcher', 'symlink_install': True, 'test_result_base': None}[0m
[0.205s] [34mcolcon.colcon_core.verb[0m [1;30mLevel 5[0m set package 'eufs_models' build argument 'cmake_args' from command line to 'None'
[0.205s] [34mcolcon.colcon_core.verb[0m [1;30mLevel 5[0m set package 'eufs_models' build argument 'cmake_target' from command line to 'None'
[0.205s] [34mcolcon.colcon_core.verb[0m [1;30mLevel 5[0m set package 'eufs_models' build argument 'cmake_target_skip_unavailable' from command line to 'False'
[0.205s] [34mcolcon.colcon_core.verb[0m [1;30mLevel 5[0m set package 'eufs_models' build argument 'cmake_clean_cache' from command line to 'False'
[0.205s] [34mcolcon.colcon_core.verb[0m [1;30mLevel 5[0m set package 'eufs_models' build argument 'cmake_clean_first' from command line to 'False'
[0.205s] [34mcolcon.colcon_core.verb[0m [1;30mLevel 5[0m set package 'eufs_models' build argument 'cmake_force_configure' from command line to 'False'
[0.205s] [34mcolcon.colcon_core.verb[0m [1;30mLevel 5[0m set package 'eufs_models' build argument 'ament_cmake_args' from command line to 'None'
[0.205s] [34mcolcon.colcon_core.verb[0m [1;30mLevel 5[0m set package 'eufs_models' build argument 'catkin_cmake_args' from command line to 'None'
[0.205s] [34mcolcon.colcon_core.verb[0m [1;30mLevel 5[0m set package 'eufs_models' build argument 'catkin_skip_building_tests' from command line to 'False'
[0.205s] [34mcolcon.colcon_core.verb[0m [1;30mDEBUG[0m [32mBuilding package 'eufs_models' with the following arguments: {'ament_cmake_args': None, 'build_base': '/home/alr/Desktop/new_perception/new_eufs_ws/build/eufs_models', 'catkin_cmake_args': None, 'catkin_skip_building_tests': False, 'cmake_args': None, 'cmake_clean_cache': False, 'cmake_clean_first': False, 'cmake_force_configure': False, 'cmake_target': None, 'cmake_target_skip_unavailable': False, 'install_base': '/home/alr/Desktop/new_perception/new_eufs_ws/install/eufs_models', 'merge_install': False, 'path': '/home/alr/Desktop/new_perception/new_eufs_ws/src/eufs_sim/eufs_models', 'symlink_install': True, 'test_result_base': None}[0m
[0.205s] [34mcolcon.colcon_core.verb[0m [1;30mLevel 5[0m set package 'eufs_rqt' build argument 'cmake_args' from command line to 'None'
[0.205s] [34mcolcon.colcon_core.verb[0m [1;30mLevel 5[0m set package 'eufs_rqt' build argument 'cmake_target' from command line to 'None'
[0.205s] [34mcolcon.colcon_core.verb[0m [1;30mLevel 5[0m set package 'eufs_rqt' build argument 'cmake_target_skip_unavailable' from command line to 'False'
[0.205s] [34mcolcon.colcon_core.verb[0m [1;30mLevel 5[0m set package 'eufs_rqt' build argument 'cmake_clean_cache' from command line to 'False'
[0.205s] [34mcolcon.colcon_core.verb[0m [1;30mLevel 5[0m set package 'eufs_rqt' build argument 'cmake_clean_first' from command line to 'False'
[0.205s] [34mcolcon.colcon_core.verb[0m [1;30mLevel 5[0m set package 'eufs_rqt' build argument 'cmake_force_configure' from command line to 'False'
[0.205s] [34mcolcon.colcon_core.verb[0m [1;30mLevel 5[0m set package 'eufs_rqt' build argument 'ament_cmake_args' from command line to 'None'
[0.205s] [34mcolcon.colcon_core.verb[0m [1;30mLevel 5[0m set package 'eufs_rqt' build argument 'catkin_cmake_args' from command line to 'None'
[0.205s] [34mcolcon.colcon_core.verb[0m [1;30mLevel 5[0m set package 'eufs_rqt' build argument 'catkin_skip_building_tests' from command line to 'False'
[0.205s] [34mcolcon.colcon_core.verb[0m [1;30mDEBUG[0m [32mBuilding package 'eufs_rqt' with the following arguments: {'ament_cmake_args': None, 'build_base': '/home/alr/Desktop/new_perception/new_eufs_ws/build/eufs_rqt', 'catkin_cmake_args': None, 'catkin_skip_building_tests': False, 'cmake_args': None, 'cmake_clean_cache': False, 'cmake_clean_first': False, 'cmake_force_configure': False, 'cmake_target': None, 'cmake_target_skip_unavailable': False, 'install_base': '/home/alr/Desktop/new_perception/new_eufs_ws/install/eufs_rqt', 'merge_install': False, 'path': '/home/alr/Desktop/new_perception/new_eufs_ws/src/eufs_sim/eufs_rqt', 'symlink_install': True, 'test_result_base': None}[0m
[0.206s] [34mcolcon.colcon_core.verb[0m [1;30mLevel 5[0m set package 'fsd_planner' build argument 'cmake_args' from command line to 'None'
[0.206s] [34mcolcon.colcon_core.verb[0m [1;30mLevel 5[0m set package 'fsd_planner' build argument 'cmake_target' from command line to 'None'
[0.206s] [34mcolcon.colcon_core.verb[0m [1;30mLevel 5[0m set package 'fsd_planner' build argument 'cmake_target_skip_unavailable' from command line to 'False'
[0.206s] [34mcolcon.colcon_core.verb[0m [1;30mLevel 5[0m set package 'fsd_planner' build argument 'cmake_clean_cache' from command line to 'False'
[0.206s] [34mcolcon.colcon_core.verb[0m [1;30mLevel 5[0m set package 'fsd_planner' build argument 'cmake_clean_first' from command line to 'False'
[0.206s] [34mcolcon.colcon_core.verb[0m [1;30mLevel 5[0m set package 'fsd_planner' build argument 'cmake_force_configure' from command line to 'False'
[0.206s] [34mcolcon.colcon_core.verb[0m [1;30mLevel 5[0m set package 'fsd_planner' build argument 'ament_cmake_args' from command line to 'None'
[0.206s] [34mcolcon.colcon_core.verb[0m [1;30mLevel 5[0m set package 'fsd_planner' build argument 'catkin_cmake_args' from command line to 'None'
[0.206s] [34mcolcon.colcon_core.verb[0m [1;30mLevel 5[0m set package 'fsd_planner' build argument 'catkin_skip_building_tests' from command line to 'False'
[0.206s] [34mcolcon.colcon_core.verb[0m [1;30mDEBUG[0m [32mBuilding package 'fsd_planner' with the following arguments: {'ament_cmake_args': None, 'build_base': '/home/alr/Desktop/new_perception/new_eufs_ws/build/fsd_planner', 'catkin_cmake_args': None, 'catkin_skip_building_tests': False, 'cmake_args': None, 'cmake_clean_cache': False, 'cmake_clean_first': False, 'cmake_force_configure': False, 'cmake_target': None, 'cmake_target_skip_unavailable': False, 'install_base': '/home/alr/Desktop/new_perception/new_eufs_ws/install/fsd_planner', 'merge_install': False, 'path': '/home/alr/Desktop/new_perception/new_eufs_ws/src/fsd_planner', 'symlink_install': True, 'test_result_base': None}[0m
[0.206s] [34mcolcon.colcon_core.verb[0m [1;30mLevel 5[0m set package 'my_controller_pkg' build argument 'cmake_args' from command line to 'None'
[0.206s] [34mcolcon.colcon_core.verb[0m [1;30mLevel 5[0m set package 'my_controller_pkg' build argument 'cmake_target' from command line to 'None'
[0.206s] [34mcolcon.colcon_core.verb[0m [1;30mLevel 5[0m set package 'my_controller_pkg' build argument 'cmake_target_skip_unavailable' from command line to 'False'
[0.206s] [34mcolcon.colcon_core.verb[0m [1;30mLevel 5[0m set package 'my_controller_pkg' build argument 'cmake_clean_cache' from command line to 'False'
[0.206s] [34mcolcon.colcon_core.verb[0m [1;30mLevel 5[0m set package 'my_controller_pkg' build argument 'cmake_clean_first' from command line to 'False'
[0.206s] [34mcolcon.colcon_core.verb[0m [1;30mLevel 5[0m set package 'my_controller_pkg' build argument 'cmake_force_configure' from command line to 'False'
[0.206s] [34mcolcon.colcon_core.verb[0m [1;30mLevel 5[0m set package 'my_controller_pkg' build argument 'ament_cmake_args' from command line to 'None'
[0.206s] [34mcolcon.colcon_core.verb[0m [1;30mLevel 5[0m set package 'my_controller_pkg' build argument 'catkin_cmake_args' from command line to 'None'
[0.206s] [34mcolcon.colcon_core.verb[0m [1;30mLevel 5[0m set package 'my_controller_pkg' build argument 'catkin_skip_building_tests' from command line to 'False'
[0.206s] [34mcolcon.colcon_core.verb[0m [1;30mDEBUG[0m [32mBuilding package 'my_controller_pkg' with the following arguments: {'ament_cmake_args': None, 'build_base': '/home/alr/Desktop/new_perception/new_eufs_ws/build/my_controller_pkg', 'catkin_cmake_args': None, 'catkin_skip_building_tests': False, 'cmake_args': None, 'cmake_clean_cache': False, 'cmake_clean_first': False, 'cmake_force_configure': False, 'cmake_target': None, 'cmake_target_skip_unavailable': False, 'install_base': '/home/alr/Desktop/new_perception/new_eufs_ws/install/my_controller_pkg', 'merge_install': False, 'path': '/home/alr/Desktop/new_perception/new_eufs_ws/src/my_controller_pkg', 'symlink_install': True, 'test_result_base': None}[0m
[0.206s] [34mcolcon.colcon_core.verb[0m [1;30mLevel 5[0m set package 'my_slam_pkg' build argument 'cmake_args' from command line to 'None'
[0.206s] [34mcolcon.colcon_core.verb[0m [1;30mLevel 5[0m set package 'my_slam_pkg' build argument 'cmake_target' from command line to 'None'
[0.206s] [34mcolcon.colcon_core.verb[0m [1;30mLevel 5[0m set package 'my_slam_pkg' build argument 'cmake_target_skip_unavailable' from command line to 'False'
[0.206s] [34mcolcon.colcon_core.verb[0m [1;30mLevel 5[0m set package 'my_slam_pkg' build argument 'cmake_clean_cache' from command line to 'False'
[0.206s] [34mcolcon.colcon_core.verb[0m [1;30mLevel 5[0m set package 'my_slam_pkg' build argument 'cmake_clean_first' from command line to 'False'
[0.206s] [34mcolcon.colcon_core.verb[0m [1;30mLevel 5[0m set package 'my_slam_pkg' build argument 'cmake_force_configure' from command line to 'False'
[0.206s] [34mcolcon.colcon_core.verb[0m [1;30mLevel 5[0m set package 'my_slam_pkg' build argument 'ament_cmake_args' from command line to 'None'
[0.206s] [34mcolcon.colcon_core.verb[0m [1;30mLevel 5[0m set package 'my_slam_pkg' build argument 'catkin_cmake_args' from command line to 'None'
[0.206s] [34mcolcon.colcon_core.verb[0m [1;30mLevel 5[0m set package 'my_slam_pkg' build argument 'catkin_skip_building_tests' from command line to 'False'
[0.206s] [34mcolcon.colcon_core.verb[0m [1;30mDEBUG[0m [32mBuilding package 'my_slam_pkg' with the following arguments: {'ament_cmake_args': None, 'build_base': '/home/alr/Desktop/new_perception/new_eufs_ws/build/my_slam_pkg', 'catkin_cmake_args': None, 'catkin_skip_building_tests': False, 'cmake_args': None, 'cmake_clean_cache': False, 'cmake_clean_first': False, 'cmake_force_configure': False, 'cmake_target': None, 'cmake_target_skip_unavailable': False, 'install_base': '/home/alr/Desktop/new_perception/new_eufs_ws/install/my_slam_pkg', 'merge_install': False, 'path': '/home/alr/Desktop/new_perception/new_eufs_ws/src/my_slam_pkg', 'symlink_install': True, 'test_result_base': None}[0m
[0.206s] [34mcolcon.colcon_core.verb[0m [1;30mLevel 5[0m set package 'my_state_estimator' build argument 'cmake_args' from command line to 'None'
[0.206s] [34mcolcon.colcon_core.verb[0m [1;30mLevel 5[0m set package 'my_state_estimator' build argument 'cmake_target' from command line to 'None'
[0.206s] [34mcolcon.colcon_core.verb[0m [1;30mLevel 5[0m set package 'my_state_estimator' build argument 'cmake_target_skip_unavailable' from command line to 'False'
[0.206s] [34mcolcon.colcon_core.verb[0m [1;30mLevel 5[0m set package 'my_state_estimator' build argument 'cmake_clean_cache' from command line to 'False'
[0.206s] [34mcolcon.colcon_core.verb[0m [1;30mLevel 5[0m set package 'my_state_estimator' build argument 'cmake_clean_first' from command line to 'False'
[0.206s] [34mcolcon.colcon_core.verb[0m [1;30mLevel 5[0m set package 'my_state_estimator' build argument 'cmake_force_configure' from command line to 'False'
[0.206s] [34mcolcon.colcon_core.verb[0m [1;30mLevel 5[0m set package 'my_state_estimator' build argument 'ament_cmake_args' from command line to 'None'
[0.206s] [34mcolcon.colcon_core.verb[0m [1;30mLevel 5[0m set package 'my_state_estimator' build argument 'catkin_cmake_args' from command line to 'None'
[0.206s] [34mcolcon.colcon_core.verb[0m [1;30mLevel 5[0m set package 'my_state_estimator' build argument 'catkin_skip_building_tests' from command line to 'False'
[0.206s] [34mcolcon.colcon_core.verb[0m [1;30mDEBUG[0m [32mBuilding package 'my_state_estimator' with the following arguments: {'ament_cmake_args': None, 'build_base': '/home/alr/Desktop/new_perception/new_eufs_ws/build/my_state_estimator', 'catkin_cmake_args': None, 'catkin_skip_building_tests': False, 'cmake_args': None, 'cmake_clean_cache': False, 'cmake_clean_first': False, 'cmake_force_configure': False, 'cmake_target': None, 'cmake_target_skip_unavailable': False, 'install_base': '/home/alr/Desktop/new_perception/new_eufs_ws/install/my_state_estimator', 'merge_install': False, 'path': '/home/alr/Desktop/new_perception/new_eufs_ws/src/my_state_estimator', 'symlink_install': True, 'test_result_base': None}[0m
[0.206s] [34mcolcon.colcon_core.verb[0m [1;30mLevel 5[0m set package 'opencv_tests' build argument 'cmake_args' from command line to 'None'
[0.206s] [34mcolcon.colcon_core.verb[0m [1;30mLevel 5[0m set package 'opencv_tests' build argument 'cmake_target' from command line to 'None'
[0.206s] [34mcolcon.colcon_core.verb[0m [1;30mLevel 5[0m set package 'opencv_tests' build argument 'cmake_target_skip_unavailable' from command line to 'False'
[0.207s] [34mcolcon.colcon_core.verb[0m [1;30mLevel 5[0m set package 'opencv_tests' build argument 'cmake_clean_cache' from command line to 'False'
[0.207s] [34mcolcon.colcon_core.verb[0m [1;30mLevel 5[0m set package 'opencv_tests' build argument 'cmake_clean_first' from command line to 'False'
[0.207s] [34mcolcon.colcon_core.verb[0m [1;30mLevel 5[0m set package 'opencv_tests' build argument 'cmake_force_configure' from command line to 'False'
[0.207s] [34mcolcon.colcon_core.verb[0m [1;30mLevel 5[0m set package 'opencv_tests' build argument 'ament_cmake_args' from command line to 'None'
[0.207s] [34mcolcon.colcon_core.verb[0m [1;30mLevel 5[0m set package 'opencv_tests' build argument 'catkin_cmake_args' from command line to 'None'
[0.207s] [34mcolcon.colcon_core.verb[0m [1;30mLevel 5[0m set package 'opencv_tests' build argument 'catkin_skip_building_tests' from command line to 'False'
[0.207s] [34mcolcon.colcon_core.verb[0m [1;30mDEBUG[0m [32mBuilding package 'opencv_tests' with the following arguments: {'ament_cmake_args': None, 'build_base': '/home/alr/Desktop/new_perception/new_eufs_ws/build/opencv_tests', 'catkin_cmake_args': None, 'catkin_skip_building_tests': False, 'cmake_args': None, 'cmake_clean_cache': False, 'cmake_clean_first': False, 'cmake_force_configure': False, 'cmake_target': None, 'cmake_target_skip_unavailable': False, 'install_base': '/home/alr/Desktop/new_perception/new_eufs_ws/install/opencv_tests', 'merge_install': False, 'path': '/home/alr/Desktop/new_perception/new_eufs_ws/src/vision_opencv/opencv_tests', 'symlink_install': True, 'test_result_base': None}[0m
[0.207s] [34mcolcon.colcon_core.verb[0m [1;30mLevel 5[0m set package 'perception_pkg' build argument 'cmake_args' from command line to 'None'
[0.207s] [34mcolcon.colcon_core.verb[0m [1;30mLevel 5[0m set package 'perception_pkg' build argument 'cmake_target' from command line to 'None'
[0.207s] [34mcolcon.colcon_core.verb[0m [1;30mLevel 5[0m set package 'perception_pkg' build argument 'cmake_target_skip_unavailable' from command line to 'False'
[0.207s] [34mcolcon.colcon_core.verb[0m [1;30mLevel 5[0m set package 'perception_pkg' build argument 'cmake_clean_cache' from command line to 'False'
[0.207s] [34mcolcon.colcon_core.verb[0m [1;30mLevel 5[0m set package 'perception_pkg' build argument 'cmake_clean_first' from command line to 'False'
[0.207s] [34mcolcon.colcon_core.verb[0m [1;30mLevel 5[0m set package 'perception_pkg' build argument 'cmake_force_configure' from command line to 'False'
[0.207s] [34mcolcon.colcon_core.verb[0m [1;30mLevel 5[0m set package 'perception_pkg' build argument 'ament_cmake_args' from command line to 'None'
[0.207s] [34mcolcon.colcon_core.verb[0m [1;30mLevel 5[0m set package 'perception_pkg' build argument 'catkin_cmake_args' from command line to 'None'
[0.207s] [34mcolcon.colcon_core.verb[0m [1;30mLevel 5[0m set package 'perception_pkg' build argument 'catkin_skip_building_tests' from command line to 'False'
[0.207s] [34mcolcon.colcon_core.verb[0m [1;30mDEBUG[0m [32mBuilding package 'perception_pkg' with the following arguments: {'ament_cmake_args': None, 'build_base': '/home/alr/Desktop/new_perception/new_eufs_ws/build/perception_pkg', 'catkin_cmake_args': None, 'catkin_skip_building_tests': False, 'cmake_args': None, 'cmake_clean_cache': False, 'cmake_clean_first': False, 'cmake_force_configure': False, 'cmake_target': None, 'cmake_target_skip_unavailable': False, 'install_base': '/home/alr/Desktop/new_perception/new_eufs_ws/install/perception_pkg', 'merge_install': False, 'path': '/home/alr/Desktop/new_perception/new_eufs_ws/src/perception_pkg', 'symlink_install': True, 'test_result_base': None}[0m
[0.207s] [34mcolcon.colcon_core.verb[0m [1;30mLevel 5[0m set package 'vision_opencv' build argument 'cmake_args' from command line to 'None'
[0.207s] [34mcolcon.colcon_core.verb[0m [1;30mLevel 5[0m set package 'vision_opencv' build argument 'cmake_target' from command line to 'None'
[0.207s] [34mcolcon.colcon_core.verb[0m [1;30mLevel 5[0m set package 'vision_opencv' build argument 'cmake_target_skip_unavailable' from command line to 'False'
[0.207s] [34mcolcon.colcon_core.verb[0m [1;30mLevel 5[0m set package 'vision_opencv' build argument 'cmake_clean_cache' from command line to 'False'
[0.207s] [34mcolcon.colcon_core.verb[0m [1;30mLevel 5[0m set package 'vision_opencv' build argument 'cmake_clean_first' from command line to 'False'
[0.207s] [34mcolcon.colcon_core.verb[0m [1;30mLevel 5[0m set package 'vision_opencv' build argument 'cmake_force_configure' from command line to 'False'
[0.207s] [34mcolcon.colcon_core.verb[0m [1;30mLevel 5[0m set package 'vision_opencv' build argument 'ament_cmake_args' from command line to 'None'
[0.207s] [34mcolcon.colcon_core.verb[0m [1;30mLevel 5[0m set package 'vision_opencv' build argument 'catkin_cmake_args' from command line to 'None'
[0.207s] [34mcolcon.colcon_core.verb[0m [1;30mLevel 5[0m set package 'vision_opencv' build argument 'catkin_skip_building_tests' from command line to 'False'
[0.207s] [34mcolcon.colcon_core.verb[0m [1;30mDEBUG[0m [32mBuilding package 'vision_opencv' with the following arguments: {'ament_cmake_args': None, 'build_base': '/home/alr/Desktop/new_perception/new_eufs_ws/build/vision_opencv', 'catkin_cmake_args': None, 'catkin_skip_building_tests': False, 'cmake_args': None, 'cmake_clean_cache': False, 'cmake_clean_first': False, 'cmake_force_configure': False, 'cmake_target': None, 'cmake_target_skip_unavailable': False, 'install_base': '/home/alr/Desktop/new_perception/new_eufs_ws/install/vision_opencv', 'merge_install': False, 'path': '/home/alr/Desktop/new_perception/new_eufs_ws/src/vision_opencv/vision_opencv', 'symlink_install': True, 'test_result_base': None}[0m
[0.207s] [34mcolcon.colcon_core.verb[0m [1;30mLevel 5[0m set package 'eufs_plugins' build argument 'cmake_args' from command line to 'None'
[0.207s] [34mcolcon.colcon_core.verb[0m [1;30mLevel 5[0m set package 'eufs_plugins' build argument 'cmake_target' from command line to 'None'
[0.207s] [34mcolcon.colcon_core.verb[0m [1;30mLevel 5[0m set package 'eufs_plugins' build argument 'cmake_target_skip_unavailable' from command line to 'False'
[0.207s] [34mcolcon.colcon_core.verb[0m [1;30mLevel 5[0m set package 'eufs_plugins' build argument 'cmake_clean_cache' from command line to 'False'
[0.207s] [34mcolcon.colcon_core.verb[0m [1;30mLevel 5[0m set package 'eufs_plugins' build argument 'cmake_clean_first' from command line to 'False'
[0.207s] [34mcolcon.colcon_core.verb[0m [1;30mLevel 5[0m set package 'eufs_plugins' build argument 'cmake_force_configure' from command line to 'False'
[0.207s] [34mcolcon.colcon_core.verb[0m [1;30mLevel 5[0m set package 'eufs_plugins' build argument 'ament_cmake_args' from command line to 'None'
[0.207s] [34mcolcon.colcon_core.verb[0m [1;30mLevel 5[0m set package 'eufs_plugins' build argument 'catkin_cmake_args' from command line to 'None'
[0.207s] [34mcolcon.colcon_core.verb[0m [1;30mLevel 5[0m set package 'eufs_plugins' build argument 'catkin_skip_building_tests' from command line to 'False'
[0.207s] [34mcolcon.colcon_core.verb[0m [1;30mDEBUG[0m [32mBuilding package 'eufs_plugins' with the following arguments: {'ament_cmake_args': None, 'build_base': '/home/alr/Desktop/new_perception/new_eufs_ws/build/eufs_plugins', 'catkin_cmake_args': None, 'catkin_skip_building_tests': False, 'cmake_args': None, 'cmake_clean_cache': False, 'cmake_clean_first': False, 'cmake_force_configure': False, 'cmake_target': None, 'cmake_target_skip_unavailable': False, 'install_base': '/home/alr/Desktop/new_perception/new_eufs_ws/install/eufs_plugins', 'merge_install': False, 'path': '/home/alr/Desktop/new_perception/new_eufs_ws/src/eufs_sim/eufs_plugins', 'symlink_install': True, 'test_result_base': None}[0m
[0.207s] [34mcolcon.colcon_core.executor[0m [1;30mINFO[0m Executing jobs using 'parallel' executor
[0.208s] [34mcolcon.colcon_parallel_executor.executor.parallel[0m [1;30mDEBUG[0m [32mrun_until_complete[0m
[0.208s] [34mcolcon.colcon_ros.task.ament_cmake.build[0m [1;30mINFO[0m Building ROS package in '/home/alr/Desktop/new_perception/new_eufs_ws/src/eufs_msgs' with build type 'ament_cmake'
[0.208s] [34mcolcon.colcon_cmake.task.cmake.build[0m [1;30mINFO[0m Building CMake package in '/home/alr/Desktop/new_perception/new_eufs_ws/src/eufs_msgs'
[0.210s] [34mcolcon.colcon_core.plugin_system[0m [1;30mINFO[0m Skipping extension 'colcon_core.shell.bat': Not used on non-Windows systems
[0.210s] [34mcolcon.colcon_core.shell[0m [1;30mINFO[0m Skip shell extension 'powershell' for command environment: Not usable outside of PowerShell
[0.210s] [34mcolcon.colcon_core.shell[0m [1;30mDEBUG[0m [32mSkip shell extension 'dsv' for command environment[0m
[0.211s] [34mcolcon.colcon_ros.task.ament_cmake.build[0m [1;30mINFO[0m Building ROS package in '/home/alr/Desktop/new_perception/new_eufs_ws/src/vision_opencv/cv_bridge' with build type 'ament_cmake'
[0.212s] [34mcolcon.colcon_cmake.task.cmake.build[0m [1;30mINFO[0m Building CMake package in '/home/alr/Desktop/new_perception/new_eufs_ws/src/vision_opencv/cv_bridge'
[0.212s] [34mcolcon.colcon_core.shell[0m [1;30mINFO[0m Skip shell extension 'powershell' for command environment: Not usable outside of PowerShell
[0.212s] [34mcolcon.colcon_core.shell[0m [1;30mDEBUG[0m [32mSkip shell extension 'dsv' for command environment[0m
[0.213s] [34mcolcon.colcon_ros.task.ament_cmake.build[0m [1;30mINFO[0m Building ROS package in '/home/alr/Desktop/new_perception/new_eufs_ws/src/vision_opencv/image_geometry' with build type 'ament_cmake'
[0.213s] [34mcolcon.colcon_cmake.task.cmake.build[0m [1;30mINFO[0m Building CMake package in '/home/alr/Desktop/new_perception/new_eufs_ws/src/vision_opencv/image_geometry'
[0.213s] [34mcolcon.colcon_core.shell[0m [1;30mINFO[0m Skip shell extension 'powershell' for command environment: Not usable outside of PowerShell
[0.213s] [34mcolcon.colcon_core.shell[0m [1;30mDEBUG[0m [32mSkip shell extension 'dsv' for command environment[0m
[0.215s] [34mcolcon.colcon_ros.task.ament_cmake.build[0m [1;30mINFO[0m Building ROS package in '/home/alr/Desktop/new_perception/new_eufs_ws/src/cone_msgs' with build type 'ament_cmake'
[0.215s] [34mcolcon.colcon_cmake.task.cmake.build[0m [1;30mINFO[0m Building CMake package in '/home/alr/Desktop/new_perception/new_eufs_ws/src/cone_msgs'
[0.215s] [34mcolcon.colcon_core.shell[0m [1;30mINFO[0m Skip shell extension 'powershell' for command environment: Not usable outside of PowerShell
[0.215s] [34mcolcon.colcon_core.shell[0m [1;30mDEBUG[0m [32mSkip shell extension 'dsv' for command environment[0m
[0.216s] [34mcolcon.colcon_ros.task.ament_python.build[0m [1;30mINFO[0m Building ROS package in '/home/alr/Desktop/new_perception/new_eufs_ws/src/eufs_sim/eufs_tracks' with build type 'ament_python'
[0.216s] [34mcolcon.colcon_core.shell[0m [1;30mLevel 1[0m create_environment_hook('eufs_tracks', 'ament_prefix_path')
[0.217s] [34mcolcon.colcon_core.shell[0m [1;30mINFO[0m Creating environment hook '/home/alr/Desktop/new_perception/new_eufs_ws/install/eufs_tracks/share/eufs_tracks/hook/ament_prefix_path.ps1'
[0.217s] [34mcolcon.colcon_core.shell[0m [1;30mINFO[0m Creating environment descriptor '/home/alr/Desktop/new_perception/new_eufs_ws/install/eufs_tracks/share/eufs_tracks/hook/ament_prefix_path.dsv'
[0.217s] [34mcolcon.colcon_core.shell[0m [1;30mINFO[0m Creating environment hook '/home/alr/Desktop/new_perception/new_eufs_ws/install/eufs_tracks/share/eufs_tracks/hook/ament_prefix_path.sh'
[0.217s] [34mcolcon.colcon_core.shell[0m [1;30mINFO[0m Skip shell extension 'powershell' for command environment: Not usable outside of PowerShell
[0.217s] [34mcolcon.colcon_core.shell[0m [1;30mDEBUG[0m [32mSkip shell extension 'dsv' for command environment[0m
[0.219s] [34mcolcon.colcon_ros.task.ament_python.build[0m [1;30mINFO[0m Building ROS package in '/home/alr/Desktop/new_perception/new_eufs_ws/src/eufs_sim/eufs_racecar' with build type 'ament_python'
[0.219s] [34mcolcon.colcon_core.shell[0m [1;30mLevel 1[0m create_environment_hook('eufs_racecar', 'ament_prefix_path')
[0.219s] [34mcolcon.colcon_core.shell[0m [1;30mINFO[0m Creating environment hook '/home/alr/Desktop/new_perception/new_eufs_ws/install/eufs_racecar/share/eufs_racecar/hook/ament_prefix_path.ps1'
[0.219s] [34mcolcon.colcon_core.shell[0m [1;30mINFO[0m Creating environment descriptor '/home/alr/Desktop/new_perception/new_eufs_ws/install/eufs_racecar/share/eufs_racecar/hook/ament_prefix_path.dsv'
[0.219s] [34mcolcon.colcon_core.shell[0m [1;30mINFO[0m Creating environment hook '/home/alr/Desktop/new_perception/new_eufs_ws/install/eufs_racecar/share/eufs_racecar/hook/ament_prefix_path.sh'
[0.220s] [34mcolcon.colcon_core.shell[0m [1;30mINFO[0m Skip shell extension 'powershell' for command environment: Not usable outside of PowerShell
[0.220s] [34mcolcon.colcon_core.shell[0m [1;30mDEBUG[0m [32mSkip shell extension 'dsv' for command environment[0m
[0.221s] [34mcolcon.colcon_ros.task.ament_cmake.build[0m [1;30mINFO[0m Building ROS package in '/home/alr/Desktop/new_perception/new_eufs_ws/src/eufs_sim/eufs_sensors' with build type 'ament_cmake'
[0.221s] [34mcolcon.colcon_cmake.task.cmake.build[0m [1;30mINFO[0m Building CMake package in '/home/alr/Desktop/new_perception/new_eufs_ws/src/eufs_sim/eufs_sensors'
[0.221s] [34mcolcon.colcon_core.shell[0m [1;30mINFO[0m Skip shell extension 'powershell' for command environment: Not usable outside of PowerShell
[0.221s] [34mcolcon.colcon_core.shell[0m [1;30mDEBUG[0m [32mSkip shell extension 'dsv' for command environment[0m
[0.225s] [34mcolcon.colcon_core.event_handler.log_command[0m [1;30mDEBUG[0m [32mInvoking command in '/home/alr/Desktop/new_perception/new_eufs_ws/build/eufs_msgs': CMAKE_PREFIX_PATH=${CMAKE_PREFIX_PATH}:/home/alr/Desktop/new_perception/new_eufs_ws/install/opencv_tests:/home/alr/Desktop/new_perception/new_eufs_ws/install/fsd_planner:/home/alr/Desktop/new_perception/new_eufs_ws/install/eufs_launcher:/home/alr/Desktop/new_perception/new_eufs_ws/install/eufs_tracks:/home/alr/Desktop/new_perception/new_eufs_ws/install/eufs_rqt:/home/alr/Desktop/new_perception/new_eufs_ws/install/eufs_racecar:/opt/ros/humble /usr/bin/cmake /home/alr/Desktop/new_perception/new_eufs_ws/src/eufs_msgs -DAMENT_CMAKE_SYMLINK_INSTALL=1 -DCMAKE_INSTALL_PREFIX=/home/alr/Desktop/new_perception/new_eufs_ws/install/eufs_msgs[0m
[0.225s] [34mcolcon.colcon_core.event_handler.log_command[0m [1;30mDEBUG[0m [32mInvoking command in '/home/alr/Desktop/new_perception/new_eufs_ws/build/cv_bridge': CMAKE_PREFIX_PATH=${CMAKE_PREFIX_PATH}:/home/alr/Desktop/new_perception/new_eufs_ws/install/opencv_tests:/home/alr/Desktop/new_perception/new_eufs_ws/install/fsd_planner:/home/alr/Desktop/new_perception/new_eufs_ws/install/eufs_launcher:/home/alr/Desktop/new_perception/new_eufs_ws/install/eufs_tracks:/home/alr/Desktop/new_perception/new_eufs_ws/install/eufs_rqt:/home/alr/Desktop/new_perception/new_eufs_ws/install/eufs_racecar:/opt/ros/humble /usr/bin/cmake /home/alr/Desktop/new_perception/new_eufs_ws/src/vision_opencv/cv_bridge -DAMENT_CMAKE_SYMLINK_INSTALL=1 -DCMAKE_INSTALL_PREFIX=/home/alr/Desktop/new_perception/new_eufs_ws/install/cv_bridge[0m
[0.226s] [34mcolcon.colcon_core.event_handler.log_command[0m [1;30mDEBUG[0m [32mInvoking command in '/home/alr/Desktop/new_perception/new_eufs_ws/build/image_geometry': CMAKE_PREFIX_PATH=${CMAKE_PREFIX_PATH}:/home/alr/Desktop/new_perception/new_eufs_ws/install/opencv_tests:/home/alr/Desktop/new_perception/new_eufs_ws/install/fsd_planner:/home/alr/Desktop/new_perception/new_eufs_ws/install/eufs_launcher:/home/alr/Desktop/new_perception/new_eufs_ws/install/eufs_tracks:/home/alr/Desktop/new_perception/new_eufs_ws/install/eufs_rqt:/home/alr/Desktop/new_perception/new_eufs_ws/install/eufs_racecar:/opt/ros/humble /usr/bin/cmake /home/alr/Desktop/new_perception/new_eufs_ws/src/vision_opencv/image_geometry -DAMENT_CMAKE_SYMLINK_INSTALL=1 -DCMAKE_INSTALL_PREFIX=/home/alr/Desktop/new_perception/new_eufs_ws/install/image_geometry[0m
[0.227s] [34mcolcon.colcon_core.event_handler.log_command[0m [1;30mDEBUG[0m [32mInvoking command in '/home/alr/Desktop/new_perception/new_eufs_ws/build/cone_msgs': CMAKE_PREFIX_PATH=${CMAKE_PREFIX_PATH}:/home/alr/Desktop/new_perception/new_eufs_ws/install/opencv_tests:/home/alr/Desktop/new_perception/new_eufs_ws/install/fsd_planner:/home/alr/Desktop/new_perception/new_eufs_ws/install/eufs_launcher:/home/alr/Desktop/new_perception/new_eufs_ws/install/eufs_tracks:/home/alr/Desktop/new_perception/new_eufs_ws/install/eufs_rqt:/home/alr/Desktop/new_perception/new_eufs_ws/install/eufs_racecar:/opt/ros/humble /usr/bin/cmake /home/alr/Desktop/new_perception/new_eufs_ws/src/cone_msgs -DAMENT_CMAKE_SYMLINK_INSTALL=1 -DCMAKE_INSTALL_PREFIX=/home/alr/Desktop/new_perception/new_eufs_ws/install/cone_msgs[0m
[0.368s] [34mcolcon.colcon_core.task.python.build[0m [1;30mINFO[0m Building Python package in '/home/alr/Desktop/new_perception/new_eufs_ws/src/eufs_sim/eufs_tracks'
[0.369s] [34mcolcon.colcon_core.shell[0m [1;30mINFO[0m Skip shell extension 'powershell' for command environment: Not usable outside of PowerShell
[0.369s] [34mcolcon.colcon_core.shell[0m [1;30mDEBUG[0m [32mSkip shell extension 'dsv' for command environment[0m
[0.549s] [34mcolcon.colcon_core.task.python.build[0m [1;30mINFO[0m Building Python package in '/home/alr/Desktop/new_perception/new_eufs_ws/src/eufs_sim/eufs_racecar'
[0.550s] [34mcolcon.colcon_core.shell[0m [1;30mINFO[0m Skip shell extension 'powershell' for command environment: Not usable outside of PowerShell
[0.550s] [34mcolcon.colcon_core.shell[0m [1;30mDEBUG[0m [32mSkip shell extension 'dsv' for command environment[0m
[0.559s] [34mcolcon.colcon_core.event_handler.log_command[0m [1;30mDEBUG[0m [32mInvoking command in '/home/alr/Desktop/new_perception/new_eufs_ws/build/eufs_sensors': CMAKE_PREFIX_PATH=${CMAKE_PREFIX_PATH}:/home/alr/Desktop/new_perception/new_eufs_ws/install/opencv_tests:/home/alr/Desktop/new_perception/new_eufs_ws/install/fsd_planner:/home/alr/Desktop/new_perception/new_eufs_ws/install/eufs_launcher:/home/alr/Desktop/new_perception/new_eufs_ws/install/eufs_tracks:/home/alr/Desktop/new_perception/new_eufs_ws/install/eufs_rqt:/home/alr/Desktop/new_perception/new_eufs_ws/install/eufs_racecar:/opt/ros/humble /usr/bin/cmake /home/alr/Desktop/new_perception/new_eufs_ws/src/eufs_sim/eufs_sensors -DAMENT_CMAKE_SYMLINK_INSTALL=1 -DCMAKE_INSTALL_PREFIX=/home/alr/Desktop/new_perception/new_eufs_ws/install/eufs_sensors[0m
[0.924s] [34mcolcon.colcon_core.event_handler.log_command[0m [1;30mDEBUG[0m [32mInvoking command in '/home/alr/Desktop/new_perception/new_eufs_ws/build/eufs_tracks': PYTHONPATH=/home/alr/Desktop/new_perception/new_eufs_ws/build/eufs_tracks/prefix_override:/usr/lib/python3/dist-packages/colcon_core/task/python/colcon_distutils_commands:/home/alr/Desktop/new_perception/new_eufs_ws/install/eufs_tracks/lib/python3.10/site-packages:${PYTHONPATH} /usr/bin/python3 -W ignore:setup.py install is deprecated -W ignore:easy_install command is deprecated setup.py develop --editable --build-directory /home/alr/Desktop/new_perception/new_eufs_ws/build/eufs_tracks/build --no-deps symlink_data[0m
[0.945s] [34mcolcon.colcon_core.event_handler.log_command[0m [1;30mDEBUG[0m [32mInvoking command in '/home/alr/Desktop/new_perception/new_eufs_ws/build/eufs_racecar': PYTHONPATH=/home/alr/Desktop/new_perception/new_eufs_ws/build/eufs_racecar/prefix_override:/usr/lib/python3/dist-packages/colcon_core/task/python/colcon_distutils_commands:/home/alr/Desktop/new_perception/new_eufs_ws/install/eufs_racecar/lib/python3.10/site-packages:${PYTHONPATH} /usr/bin/python3 -W ignore:setup.py install is deprecated -W ignore:easy_install command is deprecated setup.py develop --editable --build-directory /home/alr/Desktop/new_perception/new_eufs_ws/build/eufs_racecar/build --no-deps symlink_data[0m
[1.255s] [34mcolcon.colcon_core.shell[0m [1;30mLevel 1[0m create_environment_hook('eufs_tracks', 'pythonpath_develop')
[1.256s] [34mcolcon.colcon_core.shell[0m [1;30mINFO[0m Creating environment hook '/home/alr/Desktop/new_perception/new_eufs_ws/build/eufs_tracks/share/eufs_tracks/hook/pythonpath_develop.ps1'
[1.256s] [34mcolcon.colcon_core.event_handler.log_command[0m [1;30mDEBUG[0m [32mInvoked command in '/home/alr/Desktop/new_perception/new_eufs_ws/build/eufs_tracks' returned '0': PYTHONPATH=/home/alr/Desktop/new_perception/new_eufs_ws/build/eufs_tracks/prefix_override:/usr/lib/python3/dist-packages/colcon_core/task/python/colcon_distutils_commands:/home/alr/Desktop/new_perception/new_eufs_ws/install/eufs_tracks/lib/python3.10/site-packages:${PYTHONPATH} /usr/bin/python3 -W ignore:setup.py install is deprecated -W ignore:easy_install command is deprecated setup.py develop --editable --build-directory /home/alr/Desktop/new_perception/new_eufs_ws/build/eufs_tracks/build --no-deps symlink_data[0m
[1.256s] [34mcolcon.colcon_core.shell[0m [1;30mINFO[0m Creating environment descriptor '/home/alr/Desktop/new_perception/new_eufs_ws/build/eufs_tracks/share/eufs_tracks/hook/pythonpath_develop.dsv'
[1.257s] [34mcolcon.colcon_core.shell[0m [1;30mINFO[0m Creating environment hook '/home/alr/Desktop/new_perception/new_eufs_ws/build/eufs_tracks/share/eufs_tracks/hook/pythonpath_develop.sh'
[1.259s] [34mcolcon.colcon_core.environment[0m [1;30mLevel 1[0m checking '/home/alr/Desktop/new_perception/new_eufs_ws/install/eufs_tracks' for CMake module files
[1.260s] [34mcolcon.colcon_core.environment[0m [1;30mLevel 1[0m checking '/home/alr/Desktop/new_perception/new_eufs_ws/install/eufs_tracks' for CMake config files
[1.261s] [34mcolcon.colcon_core.environment[0m [1;30mLevel 1[0m checking '/home/alr/Desktop/new_perception/new_eufs_ws/install/eufs_tracks/lib'
[1.262s] [34mcolcon.colcon_core.environment[0m [1;30mLevel 1[0m checking '/home/alr/Desktop/new_perception/new_eufs_ws/install/eufs_tracks/bin'
[1.262s] [34mcolcon.colcon_core.environment[0m [1;30mLevel 1[0m checking '/home/alr/Desktop/new_perception/new_eufs_ws/install/eufs_tracks/lib/pkgconfig/eufs_tracks.pc'
[1.262s] [34mcolcon.colcon_core.environment[0m [1;30mLevel 1[0m checking '/home/alr/Desktop/new_perception/new_eufs_ws/install/eufs_tracks/lib/python3.10/site-packages'
[1.262s] [34mcolcon.colcon_core.shell[0m [1;30mLevel 1[0m create_environment_hook('eufs_tracks', 'pythonpath')
[1.262s] [34mcolcon.colcon_core.shell[0m [1;30mINFO[0m Creating environment hook '/home/alr/Desktop/new_perception/new_eufs_ws/install/eufs_tracks/share/eufs_tracks/hook/pythonpath.ps1'
[1.263s] [34mcolcon.colcon_core.shell[0m [1;30mINFO[0m Creating environment descriptor '/home/alr/Desktop/new_perception/new_eufs_ws/install/eufs_tracks/share/eufs_tracks/hook/pythonpath.dsv'
[1.263s] [34mcolcon.colcon_core.shell[0m [1;30mINFO[0m Creating environment hook '/home/alr/Desktop/new_perception/new_eufs_ws/install/eufs_tracks/share/eufs_tracks/hook/pythonpath.sh'
[1.264s] [34mcolcon.colcon_core.environment[0m [1;30mLevel 1[0m checking '/home/alr/Desktop/new_perception/new_eufs_ws/install/eufs_tracks/bin'
[1.264s] [34mcolcon.colcon_core.environment[0m [1;30mLevel 1[0m create_environment_scripts_only(eufs_tracks)
[1.264s] [34mcolcon.colcon_core.shell[0m [1;30mINFO[0m Creating package script '/home/alr/Desktop/new_perception/new_eufs_ws/install/eufs_tracks/share/eufs_tracks/package.ps1'
[1.265s] [34mcolcon.colcon_core.shell[0m [1;30mINFO[0m Creating package descriptor '/home/alr/Desktop/new_perception/new_eufs_ws/install/eufs_tracks/share/eufs_tracks/package.dsv'
[1.266s] [34mcolcon.colcon_core.shell[0m [1;30mINFO[0m Creating package script '/home/alr/Desktop/new_perception/new_eufs_ws/install/eufs_tracks/share/eufs_tracks/package.sh'
[1.267s] [34mcolcon.colcon_core.shell[0m [1;30mINFO[0m Creating package script '/home/alr/Desktop/new_perception/new_eufs_ws/install/eufs_tracks/share/eufs_tracks/package.bash'
[1.267s] [34mcolcon.colcon_core.shell[0m [1;30mINFO[0m Creating package script '/home/alr/Desktop/new_perception/new_eufs_ws/install/eufs_tracks/share/eufs_tracks/package.zsh'
[1.268s] [34mcolcon.colcon_core.environment[0m [1;30mLevel 1[0m create_file_with_runtime_dependencies(/home/alr/Desktop/new_perception/new_eufs_ws/install/eufs_tracks/share/colcon-core/packages/eufs_tracks)
[1.268s] [34mcolcon.colcon_ros.task.ament_python.build[0m [1;30mINFO[0m Building ROS package in '/home/alr/Desktop/new_perception/new_eufs_ws/src/eufs_sim/eufs_launcher' with build type 'ament_python'
[1.268s] [34mcolcon.colcon_core.shell[0m [1;30mLevel 1[0m create_environment_hook('eufs_launcher', 'ament_prefix_path')
[1.268s] [34mcolcon.colcon_core.shell[0m [1;30mINFO[0m Creating environment hook '/home/alr/Desktop/new_perception/new_eufs_ws/install/eufs_launcher/share/eufs_launcher/hook/ament_prefix_path.ps1'
[1.269s] [34mcolcon.colcon_core.shell[0m [1;30mINFO[0m Creating environment descriptor '/home/alr/Desktop/new_perception/new_eufs_ws/install/eufs_launcher/share/eufs_launcher/hook/ament_prefix_path.dsv'
[1.269s] [34mcolcon.colcon_core.shell[0m [1;30mINFO[0m Creating environment hook '/home/alr/Desktop/new_perception/new_eufs_ws/install/eufs_launcher/share/eufs_launcher/hook/ament_prefix_path.sh'
[1.269s] [34mcolcon.colcon_core.shell[0m [1;30mINFO[0m Skip shell extension 'powershell' for command environment: Not usable outside of PowerShell
[1.270s] [34mcolcon.colcon_core.shell[0m [1;30mDEBUG[0m [32mSkip shell extension 'dsv' for command environment[0m
[1.453s] [34mcolcon.colcon_core.task.python.build[0m [1;30mINFO[0m Building Python package in '/home/alr/Desktop/new_perception/new_eufs_ws/src/eufs_sim/eufs_launcher'
[1.453s] [34mcolcon.colcon_core.shell[0m [1;30mINFO[0m Skip shell extension 'powershell' for command environment: Not usable outside of PowerShell
[1.453s] [34mcolcon.colcon_core.shell[0m [1;30mDEBUG[0m [32mSkip shell extension 'dsv' for command environment[0m
[1.456s] [34mcolcon.colcon_core.event_handler.log_command[0m [1;30mDEBUG[0m [32mInvoked command in '/home/alr/Desktop/new_perception/new_eufs_ws/build/eufs_sensors' returned '0': CMAKE_PREFIX_PATH=${CMAKE_PREFIX_PATH}:/home/alr/Desktop/new_perception/new_eufs_ws/install/opencv_tests:/home/alr/Desktop/new_perception/new_eufs_ws/install/fsd_planner:/home/alr/Desktop/new_perception/new_eufs_ws/install/eufs_launcher:/home/alr/Desktop/new_perception/new_eufs_ws/install/eufs_tracks:/home/alr/Desktop/new_perception/new_eufs_ws/install/eufs_rqt:/home/alr/Desktop/new_perception/new_eufs_ws/install/eufs_racecar:/opt/ros/humble /usr/bin/cmake /home/alr/Desktop/new_perception/new_eufs_ws/src/eufs_sim/eufs_sensors -DAMENT_CMAKE_SYMLINK_INSTALL=1 -DCMAKE_INSTALL_PREFIX=/home/alr/Desktop/new_perception/new_eufs_ws/install/eufs_sensors[0m
[1.458s] [34mcolcon.colcon_core.event_handler.log_command[0m [1;30mDEBUG[0m [32mInvoking command in '/home/alr/Desktop/new_perception/new_eufs_ws/build/eufs_sensors': CMAKE_PREFIX_PATH=${CMAKE_PREFIX_PATH}:/home/alr/Desktop/new_perception/new_eufs_ws/install/opencv_tests:/home/alr/Desktop/new_perception/new_eufs_ws/install/fsd_planner:/home/alr/Desktop/new_perception/new_eufs_ws/install/eufs_launcher:/home/alr/Desktop/new_perception/new_eufs_ws/install/eufs_tracks:/home/alr/Desktop/new_perception/new_eufs_ws/install/eufs_rqt:/home/alr/Desktop/new_perception/new_eufs_ws/install/eufs_racecar:/opt/ros/humble /usr/bin/cmake --build /home/alr/Desktop/new_perception/new_eufs_ws/build/eufs_sensors -- -j20 -l20[0m
[1.458s] [34mcolcon.colcon_core.shell[0m [1;30mLevel 1[0m create_environment_hook('eufs_racecar', 'pythonpath_develop')
[1.458s] [34mcolcon.colcon_core.shell[0m [1;30mINFO[0m Creating environment hook '/home/alr/Desktop/new_perception/new_eufs_ws/build/eufs_racecar/share/eufs_racecar/hook/pythonpath_develop.ps1'
[1.459s] [34mcolcon.colcon_core.event_handler.log_command[0m [1;30mDEBUG[0m [32mInvoked command in '/home/alr/Desktop/new_perception/new_eufs_ws/build/eufs_racecar' returned '0': PYTHONPATH=/home/alr/Desktop/new_perception/new_eufs_ws/build/eufs_racecar/prefix_override:/usr/lib/python3/dist-packages/colcon_core/task/python/colcon_distutils_commands:/home/alr/Desktop/new_perception/new_eufs_ws/install/eufs_racecar/lib/python3.10/site-packages:${PYTHONPATH} /usr/bin/python3 -W ignore:setup.py install is deprecated -W ignore:easy_install command is deprecated setup.py develop --editable --build-directory /home/alr/Desktop/new_perception/new_eufs_ws/build/eufs_racecar/build --no-deps symlink_data[0m
[1.459s] [34mcolcon.colcon_core.shell[0m [1;30mINFO[0m Creating environment descriptor '/home/alr/Desktop/new_perception/new_eufs_ws/build/eufs_racecar/share/eufs_racecar/hook/pythonpath_develop.dsv'
[1.459s] [34mcolcon.colcon_core.shell[0m [1;30mINFO[0m Creating environment hook '/home/alr/Desktop/new_perception/new_eufs_ws/build/eufs_racecar/share/eufs_racecar/hook/pythonpath_develop.sh'
[1.460s] [34mcolcon.colcon_core.environment[0m [1;30mLevel 1[0m checking '/home/alr/Desktop/new_perception/new_eufs_ws/install/eufs_racecar' for CMake module files
[1.460s] [34mcolcon.colcon_core.environment[0m [1;30mLevel 1[0m checking '/home/alr/Desktop/new_perception/new_eufs_ws/install/eufs_racecar' for CMake config files
[1.461s] [34mcolcon.colcon_core.environment[0m [1;30mLevel 1[0m checking '/home/alr/Desktop/new_perception/new_eufs_ws/install/eufs_racecar/lib'
[1.461s] [34mcolcon.colcon_core.environment[0m [1;30mLevel 1[0m checking '/home/alr/Desktop/new_perception/new_eufs_ws/install/eufs_racecar/bin'
[1.461s] [34mcolcon.colcon_core.environment[0m [1;30mLevel 1[0m checking '/home/alr/Desktop/new_perception/new_eufs_ws/install/eufs_racecar/lib/pkgconfig/eufs_racecar.pc'
[1.461s] [34mcolcon.colcon_core.environment[0m [1;30mLevel 1[0m checking '/home/alr/Desktop/new_perception/new_eufs_ws/install/eufs_racecar/lib/python3.10/site-packages'
[1.461s] [34mcolcon.colcon_core.shell[0m [1;30mLevel 1[0m create_environment_hook('eufs_racecar', 'pythonpath')
[1.461s] [34mcolcon.colcon_core.shell[0m [1;30mINFO[0m Creating environment hook '/home/alr/Desktop/new_perception/new_eufs_ws/install/eufs_racecar/share/eufs_racecar/hook/pythonpath.ps1'
[1.462s] [34mcolcon.colcon_core.shell[0m [1;30mINFO[0m Creating environment descriptor '/home/alr/Desktop/new_perception/new_eufs_ws/install/eufs_racecar/share/eufs_racecar/hook/pythonpath.dsv'
[1.462s] [34mcolcon.colcon_core.shell[0m [1;30mINFO[0m Creating environment hook '/home/alr/Desktop/new_perception/new_eufs_ws/install/eufs_racecar/share/eufs_racecar/hook/pythonpath.sh'
[1.463s] [34mcolcon.colcon_core.environment[0m [1;30mLevel 1[0m checking '/home/alr/Desktop/new_perception/new_eufs_ws/install/eufs_racecar/bin'
[1.463s] [34mcolcon.colcon_core.environment[0m [1;30mLevel 1[0m create_environment_scripts_only(eufs_racecar)
[1.463s] [34mcolcon.colcon_core.shell[0m [1;30mINFO[0m Creating package script '/home/alr/Desktop/new_perception/new_eufs_ws/install/eufs_racecar/share/eufs_racecar/package.ps1'
[1.464s] [34mcolcon.colcon_core.shell[0m [1;30mINFO[0m Creating package descriptor '/home/alr/Desktop/new_perception/new_eufs_ws/install/eufs_racecar/share/eufs_racecar/package.dsv'
[1.464s] [34mcolcon.colcon_core.shell[0m [1;30mINFO[0m Creating package script '/home/alr/Desktop/new_perception/new_eufs_ws/install/eufs_racecar/share/eufs_racecar/package.sh'
[1.464s] [34mcolcon.colcon_core.shell[0m [1;30mINFO[0m Creating package script '/home/alr/Desktop/new_perception/new_eufs_ws/install/eufs_racecar/share/eufs_racecar/package.bash'
[1.465s] [34mcolcon.colcon_core.shell[0m [1;30mINFO[0m Creating package script '/home/alr/Desktop/new_perception/new_eufs_ws/install/eufs_racecar/share/eufs_racecar/package.zsh'
[1.465s] [34mcolcon.colcon_core.environment[0m [1;30mLevel 1[0m create_file_with_runtime_dependencies(/home/alr/Desktop/new_perception/new_eufs_ws/install/eufs_racecar/share/colcon-core/packages/eufs_racecar)
[1.466s] [34mcolcon.colcon_core.event_handler.log_command[0m [1;30mDEBUG[0m [32mInvoked command in '/home/alr/Desktop/new_perception/new_eufs_ws/build/image_geometry' returned '0': CMAKE_PREFIX_PATH=${CMAKE_PREFIX_PATH}:/home/alr/Desktop/new_perception/new_eufs_ws/install/opencv_tests:/home/alr/Desktop/new_perception/new_eufs_ws/install/fsd_planner:/home/alr/Desktop/new_perception/new_eufs_ws/install/eufs_launcher:/home/alr/Desktop/new_perception/new_eufs_ws/install/eufs_tracks:/home/alr/Desktop/new_perception/new_eufs_ws/install/eufs_rqt:/home/alr/Desktop/new_perception/new_eufs_ws/install/eufs_racecar:/opt/ros/humble /usr/bin/cmake /home/alr/Desktop/new_perception/new_eufs_ws/src/vision_opencv/image_geometry -DAMENT_CMAKE_SYMLINK_INSTALL=1 -DCMAKE_INSTALL_PREFIX=/home/alr/Desktop/new_perception/new_eufs_ws/install/image_geometry[0m
[1.467s] [34mcolcon.colcon_core.event_handler.log_command[0m [1;30mDEBUG[0m [32mInvoking command in '/home/alr/Desktop/new_perception/new_eufs_ws/build/image_geometry': CMAKE_PREFIX_PATH=${CMAKE_PREFIX_PATH}:/home/alr/Desktop/new_perception/new_eufs_ws/install/opencv_tests:/home/alr/Desktop/new_perception/new_eufs_ws/install/fsd_planner:/home/alr/Desktop/new_perception/new_eufs_ws/install/eufs_launcher:/home/alr/Desktop/new_perception/new_eufs_ws/install/eufs_tracks:/home/alr/Desktop/new_perception/new_eufs_ws/install/eufs_rqt:/home/alr/Desktop/new_perception/new_eufs_ws/install/eufs_racecar:/opt/ros/humble /usr/bin/cmake --build /home/alr/Desktop/new_perception/new_eufs_ws/build/image_geometry -- -j20 -l20[0m
[1.491s] [34mcolcon.colcon_core.event_handler.log_command[0m [1;30mDEBUG[0m [32mInvoked command in '/home/alr/Desktop/new_perception/new_eufs_ws/build/eufs_sensors' returned '0': CMAKE_PREFIX_PATH=${CMAKE_PREFIX_PATH}:/home/alr/Desktop/new_perception/new_eufs_ws/install/opencv_tests:/home/alr/Desktop/new_perception/new_eufs_ws/install/fsd_planner:/home/alr/Desktop/new_perception/new_eufs_ws/install/eufs_launcher:/home/alr/Desktop/new_perception/new_eufs_ws/install/eufs_tracks:/home/alr/Desktop/new_perception/new_eufs_ws/install/eufs_rqt:/home/alr/Desktop/new_perception/new_eufs_ws/install/eufs_racecar:/opt/ros/humble /usr/bin/cmake --build /home/alr/Desktop/new_perception/new_eufs_ws/build/eufs_sensors -- -j20 -l20[0m
[1.501s] [34mcolcon.colcon_core.event_handler.log_command[0m [1;30mDEBUG[0m [32mInvoking command in '/home/alr/Desktop/new_perception/new_eufs_ws/build/eufs_sensors': CMAKE_PREFIX_PATH=${CMAKE_PREFIX_PATH}:/home/alr/Desktop/new_perception/new_eufs_ws/install/opencv_tests:/home/alr/Desktop/new_perception/new_eufs_ws/install/fsd_planner:/home/alr/Desktop/new_perception/new_eufs_ws/install/eufs_launcher:/home/alr/Desktop/new_perception/new_eufs_ws/install/eufs_tracks:/home/alr/Desktop/new_perception/new_eufs_ws/install/eufs_rqt:/home/alr/Desktop/new_perception/new_eufs_ws/install/eufs_racecar:/opt/ros/humble /usr/bin/cmake --install /home/alr/Desktop/new_perception/new_eufs_ws/build/eufs_sensors[0m
[1.806s] [34mcolcon.colcon_core.environment[0m [1;30mLevel 1[0m create_environment_scripts_only(eufs_sensors)
[1.807s] [34mcolcon.colcon_core.environment[0m [1;30mLevel 1[0m checking '/home/alr/Desktop/new_perception/new_eufs_ws/install/eufs_sensors' for CMake module files
[1.807s] [34mcolcon.colcon_core.event_handler.log_command[0m [1;30mDEBUG[0m [32mInvoked command in '/home/alr/Desktop/new_perception/new_eufs_ws/build/eufs_sensors' returned '0': CMAKE_PREFIX_PATH=${CMAKE_PREFIX_PATH}:/home/alr/Desktop/new_perception/new_eufs_ws/install/opencv_tests:/home/alr/Desktop/new_perception/new_eufs_ws/install/fsd_planner:/home/alr/Desktop/new_perception/new_eufs_ws/install/eufs_launcher:/home/alr/Desktop/new_perception/new_eufs_ws/install/eufs_tracks:/home/alr/Desktop/new_perception/new_eufs_ws/install/eufs_rqt:/home/alr/Desktop/new_perception/new_eufs_ws/install/eufs_racecar:/opt/ros/humble /usr/bin/cmake --install /home/alr/Desktop/new_perception/new_eufs_ws/build/eufs_sensors[0m
[1.808s] [34mcolcon.colcon_core.environment[0m [1;30mLevel 1[0m checking '/home/alr/Desktop/new_perception/new_eufs_ws/install/eufs_sensors' for CMake config files
[1.808s] [34mcolcon.colcon_core.shell[0m [1;30mLevel 1[0m create_environment_hook('eufs_sensors', 'cmake_prefix_path')
[1.808s] [34mcolcon.colcon_core.shell[0m [1;30mINFO[0m Creating environment hook '/home/alr/Desktop/new_perception/new_eufs_ws/install/eufs_sensors/share/eufs_sensors/hook/cmake_prefix_path.ps1'
[1.809s] [34mcolcon.colcon_core.shell[0m [1;30mINFO[0m Creating environment descriptor '/home/alr/Desktop/new_perception/new_eufs_ws/install/eufs_sensors/share/eufs_sensors/hook/cmake_prefix_path.dsv'
[1.809s] [34mcolcon.colcon_core.shell[0m [1;30mINFO[0m Creating environment hook '/home/alr/Desktop/new_perception/new_eufs_ws/install/eufs_sensors/share/eufs_sensors/hook/cmake_prefix_path.sh'
[1.810s] [34mcolcon.colcon_core.environment[0m [1;30mLevel 1[0m checking '/home/alr/Desktop/new_perception/new_eufs_ws/install/eufs_sensors/bin'
[1.810s] [34mcolcon.colcon_core.environment[0m [1;30mLevel 1[0m checking '/home/alr/Desktop/new_perception/new_eufs_ws/install/eufs_sensors/lib/pkgconfig/eufs_sensors.pc'
[1.810s] [34mcolcon.colcon_core.environment[0m [1;30mLevel 1[0m checking '/home/alr/Desktop/new_perception/new_eufs_ws/install/eufs_sensors/lib/python3.10/site-packages'
[1.811s] [34mcolcon.colcon_core.environment[0m [1;30mLevel 1[0m checking '/home/alr/Desktop/new_perception/new_eufs_ws/install/eufs_sensors/bin'
[1.811s] [34mcolcon.colcon_core.shell[0m [1;30mINFO[0m Creating package script '/home/alr/Desktop/new_perception/new_eufs_ws/install/eufs_sensors/share/eufs_sensors/package.ps1'
[1.812s] [34mcolcon.colcon_core.shell[0m [1;30mINFO[0m Creating package descriptor '/home/alr/Desktop/new_perception/new_eufs_ws/install/eufs_sensors/share/eufs_sensors/package.dsv'
[1.812s] [34mcolcon.colcon_core.shell[0m [1;30mINFO[0m Creating package script '/home/alr/Desktop/new_perception/new_eufs_ws/install/eufs_sensors/share/eufs_sensors/package.sh'
[1.813s] [34mcolcon.colcon_core.shell[0m [1;30mINFO[0m Creating package script '/home/alr/Desktop/new_perception/new_eufs_ws/install/eufs_sensors/share/eufs_sensors/package.bash'
[1.813s] [34mcolcon.colcon_core.shell[0m [1;30mINFO[0m Creating package script '/home/alr/Desktop/new_perception/new_eufs_ws/install/eufs_sensors/share/eufs_sensors/package.zsh'
[1.813s] [34mcolcon.colcon_core.environment[0m [1;30mLevel 1[0m create_file_with_runtime_dependencies(/home/alr/Desktop/new_perception/new_eufs_ws/install/eufs_sensors/share/colcon-core/packages/eufs_sensors)
[1.814s] [34mcolcon.colcon_core.environment[0m [1;30mLevel 1[0m create_environment_scripts_only(eufs_sensors)
[1.814s] [34mcolcon.colcon_core.environment[0m [1;30mLevel 1[0m checking '/home/alr/Desktop/new_perception/new_eufs_ws/install/eufs_sensors' for CMake module files
[1.814s] [34mcolcon.colcon_core.environment[0m [1;30mLevel 1[0m checking '/home/alr/Desktop/new_perception/new_eufs_ws/install/eufs_sensors' for CMake config files
[1.814s] [34mcolcon.colcon_core.shell[0m [1;30mLevel 1[0m create_environment_hook('eufs_sensors', 'cmake_prefix_path')
[1.815s] [34mcolcon.colcon_core.shell[0m [1;30mINFO[0m Creating environment hook '/home/alr/Desktop/new_perception/new_eufs_ws/install/eufs_sensors/share/eufs_sensors/hook/cmake_prefix_path.ps1'
[1.815s] [34mcolcon.colcon_core.shell[0m [1;30mINFO[0m Creating environment descriptor '/home/alr/Desktop/new_perception/new_eufs_ws/install/eufs_sensors/share/eufs_sensors/hook/cmake_prefix_path.dsv'
[1.815s] [34mcolcon.colcon_core.shell[0m [1;30mINFO[0m Creating environment hook '/home/alr/Desktop/new_perception/new_eufs_ws/install/eufs_sensors/share/eufs_sensors/hook/cmake_prefix_path.sh'
[1.815s] [34mcolcon.colcon_core.environment[0m [1;30mLevel 1[0m checking '/home/alr/Desktop/new_perception/new_eufs_ws/install/eufs_sensors/bin'
[1.815s] [34mcolcon.colcon_core.environment[0m [1;30mLevel 1[0m checking '/home/alr/Desktop/new_perception/new_eufs_ws/install/eufs_sensors/lib/pkgconfig/eufs_sensors.pc'
[1.816s] [34mcolcon.colcon_core.environment[0m [1;30mLevel 1[0m checking '/home/alr/Desktop/new_perception/new_eufs_ws/install/eufs_sensors/lib/python3.10/site-packages'
[1.816s] [34mcolcon.colcon_core.environment[0m [1;30mLevel 1[0m checking '/home/alr/Desktop/new_perception/new_eufs_ws/install/eufs_sensors/bin'
[1.816s] [34mcolcon.colcon_core.shell[0m [1;30mINFO[0m Creating package script '/home/alr/Desktop/new_perception/new_eufs_ws/install/eufs_sensors/share/eufs_sensors/package.ps1'
[1.816s] [34mcolcon.colcon_core.shell[0m [1;30mINFO[0m Creating package descriptor '/home/alr/Desktop/new_perception/new_eufs_ws/install/eufs_sensors/share/eufs_sensors/package.dsv'
[1.817s] [34mcolcon.colcon_core.shell[0m [1;30mINFO[0m Creating package script '/home/alr/Desktop/new_perception/new_eufs_ws/install/eufs_sensors/share/eufs_sensors/package.sh'
[1.817s] [34mcolcon.colcon_core.shell[0m [1;30mINFO[0m Creating package script '/home/alr/Desktop/new_perception/new_eufs_ws/install/eufs_sensors/share/eufs_sensors/package.bash'
[1.817s] [34mcolcon.colcon_core.shell[0m [1;30mINFO[0m Creating package script '/home/alr/Desktop/new_perception/new_eufs_ws/install/eufs_sensors/share/eufs_sensors/package.zsh'
[1.817s] [34mcolcon.colcon_core.environment[0m [1;30mLevel 1[0m create_file_with_runtime_dependencies(/home/alr/Desktop/new_perception/new_eufs_ws/install/eufs_sensors/share/colcon-core/packages/eufs_sensors)
[1.820s] [34mcolcon.colcon_core.event_handler.log_command[0m [1;30mDEBUG[0m [32mInvoking command in '/home/alr/Desktop/new_perception/new_eufs_ws/build/eufs_launcher': AMENT_PREFIX_PATH=/home/alr/Desktop/new_perception/new_eufs_ws/install/eufs_tracks:/home/alr/Desktop/new_perception/new_eufs_ws/install/vision_opencv:/home/alr/Desktop/new_perception/new_eufs_ws/install/perception_pkg:/home/alr/Desktop/new_perception/new_eufs_ws/install/opencv_tests:/home/alr/Desktop/new_perception/new_eufs_ws/install/my_state_estimator:/home/alr/Desktop/new_perception/new_eufs_ws/install/my_slam_pkg:/home/alr/Desktop/new_perception/new_eufs_ws/install/my_controller_pkg:/home/alr/Desktop/new_perception/new_eufs_ws/install/eufs_plugins:/home/alr/Desktop/new_perception/new_eufs_ws/install/image_geometry:/home/alr/Desktop/new_perception/new_eufs_ws/install/fsd_planner:/home/alr/Desktop/new_perception/new_eufs_ws/install/eufs_launcher:/home/alr/Desktop/new_perception/new_eufs_ws/install/eufs_sensors:/home/alr/Desktop/new_perception/new_eufs_ws/install/eufs_rqt:/home/alr/Desktop/new_perception/new_eufs_ws/install/eufs_racecar:/home/alr/Desktop/new_perception/new_eufs_ws/install/eufs_models:/home/alr/Desktop/new_perception/new_eufs_ws/install/eufs_msgs:/home/alr/Desktop/new_perception/new_eufs_ws/install/cv_bridge:/home/alr/Desktop/new_perception/new_eufs_ws/install/cone_msgs:/opt/ros/humble PYTHONPATH=/home/alr/Desktop/new_perception/new_eufs_ws/build/eufs_launcher/prefix_override:/usr/lib/python3/dist-packages/colcon_core/task/python/colcon_distutils_commands:/home/alr/Desktop/new_perception/new_eufs_ws/install/eufs_launcher/lib/python3.10/site-packages:/home/alr/Desktop/new_perception/new_eufs_ws/build/eufs_tracks:/home/alr/Desktop/new_perception/new_eufs_ws/install/eufs_tracks/lib/python3.10/site-packages:/home/alr/Desktop/new_perception/new_eufs_ws/build/opencv_tests:/home/alr/Desktop/new_perception/new_eufs_ws/install/opencv_tests/lib/python3.10/site-packages:/home/alr/Desktop/new_perception/new_eufs_ws/install/image_geometry/local/lib/python3.10/dist-packages:/home/alr/Desktop/new_perception/new_eufs_ws/build/fsd_planner:/home/alr/Desktop/new_perception/new_eufs_ws/install/fsd_planner/lib/python3.10/site-packages:/home/alr/Desktop/new_perception/new_eufs_ws/build/eufs_launcher/src:/home/alr/Desktop/new_perception/new_eufs_ws/install/eufs_launcher/lib/python3.10/site-packages:/home/alr/Desktop/new_perception/new_eufs_ws/build/eufs_rqt/src:/home/alr/Desktop/new_perception/new_eufs_ws/install/eufs_rqt/lib/python3.10/site-packages:/home/alr/Desktop/new_perception/new_eufs_ws/build/eufs_racecar:/home/alr/Desktop/new_perception/new_eufs_ws/install/eufs_racecar/lib/python3.10/site-packages:/home/alr/Desktop/new_perception/new_eufs_ws/install/eufs_msgs/local/lib/python3.10/dist-packages:/home/alr/Desktop/new_perception/new_eufs_ws/install/cv_bridge/local/lib/python3.10/dist-packages:/home/alr/Desktop/new_perception/new_eufs_ws/install/cone_msgs/local/lib/python3.10/dist-packages:/opt/ros/humble/lib/python3.10/site-packages:/opt/ros/humble/local/lib/python3.10/dist-packages /usr/bin/python3 -W ignore:setup.py install is deprecated -W ignore:easy_install command is deprecated setup.py develop --editable --build-directory /home/alr/Desktop/new_perception/new_eufs_ws/build/eufs_launcher/build --no-deps symlink_data[0m
[1.908s] [34mcolcon.colcon_core.event_handler.log_command[0m [1;30mDEBUG[0m [32mInvoked command in '/home/alr/Desktop/new_perception/new_eufs_ws/build/cone_msgs' returned '0': CMAKE_PREFIX_PATH=${CMAKE_PREFIX_PATH}:/home/alr/Desktop/new_perception/new_eufs_ws/install/opencv_tests:/home/alr/Desktop/new_perception/new_eufs_ws/install/fsd_planner:/home/alr/Desktop/new_perception/new_eufs_ws/install/eufs_launcher:/home/alr/Desktop/new_perception/new_eufs_ws/install/eufs_tracks:/home/alr/Desktop/new_perception/new_eufs_ws/install/eufs_rqt:/home/alr/Desktop/new_perception/new_eufs_ws/install/eufs_racecar:/opt/ros/humble /usr/bin/cmake /home/alr/Desktop/new_perception/new_eufs_ws/src/cone_msgs -DAMENT_CMAKE_SYMLINK_INSTALL=1 -DCMAKE_INSTALL_PREFIX=/home/alr/Desktop/new_perception/new_eufs_ws/install/cone_msgs[0m
[1.909s] [34mcolcon.colcon_core.event_handler.log_command[0m [1;30mDEBUG[0m [32mInvoking command in '/home/alr/Desktop/new_perception/new_eufs_ws/build/cone_msgs': CMAKE_PREFIX_PATH=${CMAKE_PREFIX_PATH}:/home/alr/Desktop/new_perception/new_eufs_ws/install/opencv_tests:/home/alr/Desktop/new_perception/new_eufs_ws/install/fsd_planner:/home/alr/Desktop/new_perception/new_eufs_ws/install/eufs_launcher:/home/alr/Desktop/new_perception/new_eufs_ws/install/eufs_tracks:/home/alr/Desktop/new_perception/new_eufs_ws/install/eufs_rqt:/home/alr/Desktop/new_perception/new_eufs_ws/install/eufs_racecar:/opt/ros/humble /usr/bin/cmake --build /home/alr/Desktop/new_perception/new_eufs_ws/build/cone_msgs -- -j20 -l20[0m
[2.191s] [34mcolcon.colcon_core.shell[0m [1;30mLevel 1[0m create_environment_hook('eufs_launcher', 'pythonpath_develop')
[2.191s] [34mcolcon.colcon_core.shell[0m [1;30mINFO[0m Creating environment hook '/home/alr/Desktop/new_perception/new_eufs_ws/build/eufs_launcher/src/share/eufs_launcher/hook/pythonpath_develop.ps1'
[2.192s] [34mcolcon.colcon_core.event_handler.log_command[0m [1;30mDEBUG[0m [32mInvoked command in '/home/alr/Desktop/new_perception/new_eufs_ws/build/eufs_launcher' returned '0': AMENT_PREFIX_PATH=/home/alr/Desktop/new_perception/new_eufs_ws/install/eufs_tracks:/home/alr/Desktop/new_perception/new_eufs_ws/install/vision_opencv:/home/alr/Desktop/new_perception/new_eufs_ws/install/perception_pkg:/home/alr/Desktop/new_perception/new_eufs_ws/install/opencv_tests:/home/alr/Desktop/new_perception/new_eufs_ws/install/my_state_estimator:/home/alr/Desktop/new_perception/new_eufs_ws/install/my_slam_pkg:/home/alr/Desktop/new_perception/new_eufs_ws/install/my_controller_pkg:/home/alr/Desktop/new_perception/new_eufs_ws/install/eufs_plugins:/home/alr/Desktop/new_perception/new_eufs_ws/install/image_geometry:/home/alr/Desktop/new_perception/new_eufs_ws/install/fsd_planner:/home/alr/Desktop/new_perception/new_eufs_ws/install/eufs_launcher:/home/alr/Desktop/new_perception/new_eufs_ws/install/eufs_sensors:/home/alr/Desktop/new_perception/new_eufs_ws/install/eufs_rqt:/home/alr/Desktop/new_perception/new_eufs_ws/install/eufs_racecar:/home/alr/Desktop/new_perception/new_eufs_ws/install/eufs_models:/home/alr/Desktop/new_perception/new_eufs_ws/install/eufs_msgs:/home/alr/Desktop/new_perception/new_eufs_ws/install/cv_bridge:/home/alr/Desktop/new_perception/new_eufs_ws/install/cone_msgs:/opt/ros/humble PYTHONPATH=/home/alr/Desktop/new_perception/new_eufs_ws/build/eufs_launcher/prefix_override:/usr/lib/python3/dist-packages/colcon_core/task/python/colcon_distutils_commands:/home/alr/Desktop/new_perception/new_eufs_ws/install/eufs_launcher/lib/python3.10/site-packages:/home/alr/Desktop/new_perception/new_eufs_ws/build/eufs_tracks:/home/alr/Desktop/new_perception/new_eufs_ws/install/eufs_tracks/lib/python3.10/site-packages:/home/alr/Desktop/new_perception/new_eufs_ws/build/opencv_tests:/home/alr/Desktop/new_perception/new_eufs_ws/install/opencv_tests/lib/python3.10/site-packages:/home/alr/Desktop/new_perception/new_eufs_ws/install/image_geometry/local/lib/python3.10/dist-packages:/home/alr/Desktop/new_perception/new_eufs_ws/build/fsd_planner:/home/alr/Desktop/new_perception/new_eufs_ws/install/fsd_planner/lib/python3.10/site-packages:/home/alr/Desktop/new_perception/new_eufs_ws/build/eufs_launcher/src:/home/alr/Desktop/new_perception/new_eufs_ws/install/eufs_launcher/lib/python3.10/site-packages:/home/alr/Desktop/new_perception/new_eufs_ws/build/eufs_rqt/src:/home/alr/Desktop/new_perception/new_eufs_ws/install/eufs_rqt/lib/python3.10/site-packages:/home/alr/Desktop/new_perception/new_eufs_ws/build/eufs_racecar:/home/alr/Desktop/new_perception/new_eufs_ws/install/eufs_racecar/lib/python3.10/site-packages:/home/alr/Desktop/new_perception/new_eufs_ws/install/eufs_msgs/local/lib/python3.10/dist-packages:/home/alr/Desktop/new_perception/new_eufs_ws/install/cv_bridge/local/lib/python3.10/dist-packages:/home/alr/Desktop/new_perception/new_eufs_ws/install/cone_msgs/local/lib/python3.10/dist-packages:/opt/ros/humble/lib/python3.10/site-packages:/opt/ros/humble/local/lib/python3.10/dist-packages /usr/bin/python3 -W ignore:setup.py install is deprecated -W ignore:easy_install command is deprecated setup.py develop --editable --build-directory /home/alr/Desktop/new_perception/new_eufs_ws/build/eufs_launcher/build --no-deps symlink_data[0m
[2.192s] [34mcolcon.colcon_core.shell[0m [1;30mINFO[0m Creating environment descriptor '/home/alr/Desktop/new_perception/new_eufs_ws/build/eufs_launcher/src/share/eufs_launcher/hook/pythonpath_develop.dsv'
[2.193s] [34mcolcon.colcon_core.shell[0m [1;30mINFO[0m Creating environment hook '/home/alr/Desktop/new_perception/new_eufs_ws/build/eufs_launcher/src/share/eufs_launcher/hook/pythonpath_develop.sh'
[2.193s] [34mcolcon.colcon_core.environment[0m [1;30mLevel 1[0m checking '/home/alr/Desktop/new_perception/new_eufs_ws/install/eufs_launcher' for CMake module files
[2.193s] [34mcolcon.colcon_core.environment[0m [1;30mLevel 1[0m checking '/home/alr/Desktop/new_perception/new_eufs_ws/install/eufs_launcher' for CMake config files
[2.194s] [34mcolcon.colcon_core.environment[0m [1;30mLevel 1[0m checking '/home/alr/Desktop/new_perception/new_eufs_ws/install/eufs_launcher/lib'
[2.194s] [34mcolcon.colcon_core.environment[0m [1;30mLevel 1[0m checking '/home/alr/Desktop/new_perception/new_eufs_ws/install/eufs_launcher/bin'
[2.194s] [34mcolcon.colcon_core.environment[0m [1;30mLevel 1[0m checking '/home/alr/Desktop/new_perception/new_eufs_ws/install/eufs_launcher/lib/pkgconfig/eufs_launcher.pc'
[2.194s] [34mcolcon.colcon_core.environment[0m [1;30mLevel 1[0m checking '/home/alr/Desktop/new_perception/new_eufs_ws/install/eufs_launcher/lib/python3.10/site-packages'
[2.194s] [34mcolcon.colcon_core.shell[0m [1;30mLevel 1[0m create_environment_hook('eufs_launcher', 'pythonpath')
[2.194s] [34mcolcon.colcon_core.shell[0m [1;30mINFO[0m Creating environment hook '/home/alr/Desktop/new_perception/new_eufs_ws/install/eufs_launcher/share/eufs_launcher/hook/pythonpath.ps1'
[2.194s] [34mcolcon.colcon_core.shell[0m [1;30mINFO[0m Creating environment descriptor '/home/alr/Desktop/new_perception/new_eufs_ws/install/eufs_launcher/share/eufs_launcher/hook/pythonpath.dsv'
[2.194s] [34mcolcon.colcon_core.shell[0m [1;30mINFO[0m Creating environment hook '/home/alr/Desktop/new_perception/new_eufs_ws/install/eufs_launcher/share/eufs_launcher/hook/pythonpath.sh'
[2.195s] [34mcolcon.colcon_core.environment[0m [1;30mLevel 1[0m checking '/home/alr/Desktop/new_perception/new_eufs_ws/install/eufs_launcher/bin'
[2.195s] [34mcolcon.colcon_core.environment[0m [1;30mLevel 1[0m create_environment_scripts_only(eufs_launcher)
[2.195s] [34mcolcon.colcon_core.shell[0m [1;30mINFO[0m Creating package script '/home/alr/Desktop/new_perception/new_eufs_ws/install/eufs_launcher/share/eufs_launcher/package.ps1'
[2.196s] [34mcolcon.colcon_core.shell[0m [1;30mINFO[0m Creating package descriptor '/home/alr/Desktop/new_perception/new_eufs_ws/install/eufs_launcher/share/eufs_launcher/package.dsv'
[2.196s] [34mcolcon.colcon_core.shell[0m [1;30mINFO[0m Creating package script '/home/alr/Desktop/new_perception/new_eufs_ws/install/eufs_launcher/share/eufs_launcher/package.sh'
[2.196s] [34mcolcon.colcon_core.shell[0m [1;30mINFO[0m Creating package script '/home/alr/Desktop/new_perception/new_eufs_ws/install/eufs_launcher/share/eufs_launcher/package.bash'
[2.196s] [34mcolcon.colcon_core.shell[0m [1;30mINFO[0m Creating package script '/home/alr/Desktop/new_perception/new_eufs_ws/install/eufs_launcher/share/eufs_launcher/package.zsh'
[2.196s] [34mcolcon.colcon_core.environment[0m [1;30mLevel 1[0m create_file_with_runtime_dependencies(/home/alr/Desktop/new_perception/new_eufs_ws/install/eufs_launcher/share/colcon-core/packages/eufs_launcher)
[2.790s] [34mcolcon.colcon_core.event_handler.log_command[0m [1;30mDEBUG[0m [32mInvoked command in '/home/alr/Desktop/new_perception/new_eufs_ws/build/eufs_msgs' returned '0': CMAKE_PREFIX_PATH=${CMAKE_PREFIX_PATH}:/home/alr/Desktop/new_perception/new_eufs_ws/install/opencv_tests:/home/alr/Desktop/new_perception/new_eufs_ws/install/fsd_planner:/home/alr/Desktop/new_perception/new_eufs_ws/install/eufs_launcher:/home/alr/Desktop/new_perception/new_eufs_ws/install/eufs_tracks:/home/alr/Desktop/new_perception/new_eufs_ws/install/eufs_rqt:/home/alr/Desktop/new_perception/new_eufs_ws/install/eufs_racecar:/opt/ros/humble /usr/bin/cmake /home/alr/Desktop/new_perception/new_eufs_ws/src/eufs_msgs -DAMENT_CMAKE_SYMLINK_INSTALL=1 -DCMAKE_INSTALL_PREFIX=/home/alr/Desktop/new_perception/new_eufs_ws/install/eufs_msgs[0m
[2.791s] [34mcolcon.colcon_core.event_handler.log_command[0m [1;30mDEBUG[0m [32mInvoking command in '/home/alr/Desktop/new_perception/new_eufs_ws/build/eufs_msgs': CMAKE_PREFIX_PATH=${CMAKE_PREFIX_PATH}:/home/alr/Desktop/new_perception/new_eufs_ws/install/opencv_tests:/home/alr/Desktop/new_perception/new_eufs_ws/install/fsd_planner:/home/alr/Desktop/new_perception/new_eufs_ws/install/eufs_launcher:/home/alr/Desktop/new_perception/new_eufs_ws/install/eufs_tracks:/home/alr/Desktop/new_perception/new_eufs_ws/install/eufs_rqt:/home/alr/Desktop/new_perception/new_eufs_ws/install/eufs_racecar:/opt/ros/humble /usr/bin/cmake --build /home/alr/Desktop/new_perception/new_eufs_ws/build/eufs_msgs -- -j20 -l20[0m
[3.519s] [34mcolcon.colcon_core.event_handler.log_command[0m [1;30mDEBUG[0m [32mInvoked command in '/home/alr/Desktop/new_perception/new_eufs_ws/build/cv_bridge' returned '0': CMAKE_PREFIX_PATH=${CMAKE_PREFIX_PATH}:/home/alr/Desktop/new_perception/new_eufs_ws/install/opencv_tests:/home/alr/Desktop/new_perception/new_eufs_ws/install/fsd_planner:/home/alr/Desktop/new_perception/new_eufs_ws/install/eufs_launcher:/home/alr/Desktop/new_perception/new_eufs_ws/install/eufs_tracks:/home/alr/Desktop/new_perception/new_eufs_ws/install/eufs_rqt:/home/alr/Desktop/new_perception/new_eufs_ws/install/eufs_racecar:/opt/ros/humble /usr/bin/cmake /home/alr/Desktop/new_perception/new_eufs_ws/src/vision_opencv/cv_bridge -DAMENT_CMAKE_SYMLINK_INSTALL=1 -DCMAKE_INSTALL_PREFIX=/home/alr/Desktop/new_perception/new_eufs_ws/install/cv_bridge[0m
[3.521s] [34mcolcon.colcon_core.event_handler.log_command[0m [1;30mDEBUG[0m [32mInvoking command in '/home/alr/Desktop/new_perception/new_eufs_ws/build/cv_bridge': CMAKE_PREFIX_PATH=${CMAKE_PREFIX_PATH}:/home/alr/Desktop/new_perception/new_eufs_ws/install/opencv_tests:/home/alr/Desktop/new_perception/new_eufs_ws/install/fsd_planner:/home/alr/Desktop/new_perception/new_eufs_ws/install/eufs_launcher:/home/alr/Desktop/new_perception/new_eufs_ws/install/eufs_tracks:/home/alr/Desktop/new_perception/new_eufs_ws/install/eufs_rqt:/home/alr/Desktop/new_perception/new_eufs_ws/install/eufs_racecar:/opt/ros/humble /usr/bin/cmake --build /home/alr/Desktop/new_perception/new_eufs_ws/build/cv_bridge -- -j20 -l20[0m
[3.564s] [34mcolcon.colcon_core.event_handler.log_command[0m [1;30mDEBUG[0m [32mInvoked command in '/home/alr/Desktop/new_perception/new_eufs_ws/build/cone_msgs' returned '0': CMAKE_PREFIX_PATH=${CMAKE_PREFIX_PATH}:/home/alr/Desktop/new_perception/new_eufs_ws/install/opencv_tests:/home/alr/Desktop/new_perception/new_eufs_ws/install/fsd_planner:/home/alr/Desktop/new_perception/new_eufs_ws/install/eufs_launcher:/home/alr/Desktop/new_perception/new_eufs_ws/install/eufs_tracks:/home/alr/Desktop/new_perception/new_eufs_ws/install/eufs_rqt:/home/alr/Desktop/new_perception/new_eufs_ws/install/eufs_racecar:/opt/ros/humble /usr/bin/cmake --build /home/alr/Desktop/new_perception/new_eufs_ws/build/cone_msgs -- -j20 -l20[0m
[3.566s] [34mcolcon.colcon_core.event_handler.log_command[0m [1;30mDEBUG[0m [32mInvoking command in '/home/alr/Desktop/new_perception/new_eufs_ws/build/cone_msgs': CMAKE_PREFIX_PATH=${CMAKE_PREFIX_PATH}:/home/alr/Desktop/new_perception/new_eufs_ws/install/opencv_tests:/home/alr/Desktop/new_perception/new_eufs_ws/install/fsd_planner:/home/alr/Desktop/new_perception/new_eufs_ws/install/eufs_launcher:/home/alr/Desktop/new_perception/new_eufs_ws/install/eufs_tracks:/home/alr/Desktop/new_perception/new_eufs_ws/install/eufs_rqt:/home/alr/Desktop/new_perception/new_eufs_ws/install/eufs_racecar:/opt/ros/humble /usr/bin/cmake --install /home/alr/Desktop/new_perception/new_eufs_ws/build/cone_msgs[0m
[4.387s] [34mcolcon.colcon_core.environment[0m [1;30mLevel 1[0m create_environment_scripts_only(cone_msgs)
[4.388s] [34mcolcon.colcon_core.environment[0m [1;30mLevel 1[0m checking '/home/alr/Desktop/new_perception/new_eufs_ws/install/cone_msgs' for CMake module files
[4.388s] [34mcolcon.colcon_core.event_handler.log_command[0m [1;30mDEBUG[0m [32mInvoked command in '/home/alr/Desktop/new_perception/new_eufs_ws/build/cone_msgs' returned '0': CMAKE_PREFIX_PATH=${CMAKE_PREFIX_PATH}:/home/alr/Desktop/new_perception/new_eufs_ws/install/opencv_tests:/home/alr/Desktop/new_perception/new_eufs_ws/install/fsd_planner:/home/alr/Desktop/new_perception/new_eufs_ws/install/eufs_launcher:/home/alr/Desktop/new_perception/new_eufs_ws/install/eufs_tracks:/home/alr/Desktop/new_perception/new_eufs_ws/install/eufs_rqt:/home/alr/Desktop/new_perception/new_eufs_ws/install/eufs_racecar:/opt/ros/humble /usr/bin/cmake --install /home/alr/Desktop/new_perception/new_eufs_ws/build/cone_msgs[0m
[4.389s] [34mcolcon.colcon_core.environment[0m [1;30mLevel 1[0m checking '/home/alr/Desktop/new_perception/new_eufs_ws/install/cone_msgs' for CMake config files
[4.390s] [34mcolcon.colcon_core.shell[0m [1;30mLevel 1[0m create_environment_hook('cone_msgs', 'cmake_prefix_path')
[4.390s] [34mcolcon.colcon_core.shell[0m [1;30mINFO[0m Creating environment hook '/home/alr/Desktop/new_perception/new_eufs_ws/install/cone_msgs/share/cone_msgs/hook/cmake_prefix_path.ps1'
[4.391s] [34mcolcon.colcon_core.shell[0m [1;30mINFO[0m Creating environment descriptor '/home/alr/Desktop/new_perception/new_eufs_ws/install/cone_msgs/share/cone_msgs/hook/cmake_prefix_path.dsv'
[4.391s] [34mcolcon.colcon_core.shell[0m [1;30mINFO[0m Creating environment hook '/home/alr/Desktop/new_perception/new_eufs_ws/install/cone_msgs/share/cone_msgs/hook/cmake_prefix_path.sh'
[4.392s] [34mcolcon.colcon_core.environment[0m [1;30mLevel 1[0m checking '/home/alr/Desktop/new_perception/new_eufs_ws/install/cone_msgs/lib'
[4.392s] [34mcolcon.colcon_core.shell[0m [1;30mLevel 1[0m create_environment_hook('cone_msgs', 'ld_library_path_lib')
[4.392s] [34mcolcon.colcon_core.shell[0m [1;30mINFO[0m Creating environment hook '/home/alr/Desktop/new_perception/new_eufs_ws/install/cone_msgs/share/cone_msgs/hook/ld_library_path_lib.ps1'
[4.393s] [34mcolcon.colcon_core.shell[0m [1;30mINFO[0m Creating environment descriptor '/home/alr/Desktop/new_perception/new_eufs_ws/install/cone_msgs/share/cone_msgs/hook/ld_library_path_lib.dsv'
[4.393s] [34mcolcon.colcon_core.shell[0m [1;30mINFO[0m Creating environment hook '/home/alr/Desktop/new_perception/new_eufs_ws/install/cone_msgs/share/cone_msgs/hook/ld_library_path_lib.sh'
[4.393s] [34mcolcon.colcon_core.environment[0m [1;30mLevel 1[0m checking '/home/alr/Desktop/new_perception/new_eufs_ws/install/cone_msgs/bin'
[4.393s] [34mcolcon.colcon_core.environment[0m [1;30mLevel 1[0m checking '/home/alr/Desktop/new_perception/new_eufs_ws/install/cone_msgs/lib/pkgconfig/cone_msgs.pc'
[4.394s] [34mcolcon.colcon_core.environment[0m [1;30mLevel 1[0m checking '/home/alr/Desktop/new_perception/new_eufs_ws/install/cone_msgs/lib/python3.10/site-packages'
[4.394s] [34mcolcon.colcon_core.environment[0m [1;30mLevel 1[0m checking '/home/alr/Desktop/new_perception/new_eufs_ws/install/cone_msgs/bin'
[4.395s] [34mcolcon.colcon_core.shell[0m [1;30mINFO[0m Creating package script '/home/alr/Desktop/new_perception/new_eufs_ws/install/cone_msgs/share/cone_msgs/package.ps1'
[4.395s] [34mcolcon.colcon_core.shell[0m [1;30mINFO[0m Creating package descriptor '/home/alr/Desktop/new_perception/new_eufs_ws/install/cone_msgs/share/cone_msgs/package.dsv'
[4.396s] [34mcolcon.colcon_core.shell[0m [1;30mINFO[0m Creating package script '/home/alr/Desktop/new_perception/new_eufs_ws/install/cone_msgs/share/cone_msgs/package.sh'
[4.396s] [34mcolcon.colcon_core.shell[0m [1;30mINFO[0m Creating package script '/home/alr/Desktop/new_perception/new_eufs_ws/install/cone_msgs/share/cone_msgs/package.bash'
[4.397s] [34mcolcon.colcon_core.shell[0m [1;30mINFO[0m Creating package script '/home/alr/Desktop/new_perception/new_eufs_ws/install/cone_msgs/share/cone_msgs/package.zsh'
[4.397s] [34mcolcon.colcon_core.environment[0m [1;30mLevel 1[0m create_file_with_runtime_dependencies(/home/alr/Desktop/new_perception/new_eufs_ws/install/cone_msgs/share/colcon-core/packages/cone_msgs)
[4.398s] [34mcolcon.colcon_core.environment[0m [1;30mLevel 1[0m create_environment_scripts_only(cone_msgs)
[4.398s] [34mcolcon.colcon_core.environment[0m [1;30mLevel 1[0m checking '/home/alr/Desktop/new_perception/new_eufs_ws/install/cone_msgs' for CMake module files
[4.399s] [34mcolcon.colcon_core.environment[0m [1;30mLevel 1[0m checking '/home/alr/Desktop/new_perception/new_eufs_ws/install/cone_msgs' for CMake config files
[4.400s] [34mcolcon.colcon_core.shell[0m [1;30mLevel 1[0m create_environment_hook('cone_msgs', 'cmake_prefix_path')
[4.400s] [34mcolcon.colcon_core.shell[0m [1;30mINFO[0m Creating environment hook '/home/alr/Desktop/new_perception/new_eufs_ws/install/cone_msgs/share/cone_msgs/hook/cmake_prefix_path.ps1'
[4.401s] [34mcolcon.colcon_core.shell[0m [1;30mINFO[0m Creating environment descriptor '/home/alr/Desktop/new_perception/new_eufs_ws/install/cone_msgs/share/cone_msgs/hook/cmake_prefix_path.dsv'
[4.401s] [34mcolcon.colcon_core.shell[0m [1;30mINFO[0m Creating environment hook '/home/alr/Desktop/new_perception/new_eufs_ws/install/cone_msgs/share/cone_msgs/hook/cmake_prefix_path.sh'
[4.402s] [34mcolcon.colcon_core.environment[0m [1;30mLevel 1[0m checking '/home/alr/Desktop/new_perception/new_eufs_ws/install/cone_msgs/lib'
[4.402s] [34mcolcon.colcon_core.shell[0m [1;30mLevel 1[0m create_environment_hook('cone_msgs', 'ld_library_path_lib')
[4.402s] [34mcolcon.colcon_core.shell[0m [1;30mINFO[0m Creating environment hook '/home/alr/Desktop/new_perception/new_eufs_ws/install/cone_msgs/share/cone_msgs/hook/ld_library_path_lib.ps1'
[4.402s] [34mcolcon.colcon_core.shell[0m [1;30mINFO[0m Creating environment descriptor '/home/alr/Desktop/new_perception/new_eufs_ws/install/cone_msgs/share/cone_msgs/hook/ld_library_path_lib.dsv'
[4.403s] [34mcolcon.colcon_core.shell[0m [1;30mINFO[0m Creating environment hook '/home/alr/Desktop/new_perception/new_eufs_ws/install/cone_msgs/share/cone_msgs/hook/ld_library_path_lib.sh'
[4.403s] [34mcolcon.colcon_core.environment[0m [1;30mLevel 1[0m checking '/home/alr/Desktop/new_perception/new_eufs_ws/install/cone_msgs/bin'
[4.403s] [34mcolcon.colcon_core.environment[0m [1;30mLevel 1[0m checking '/home/alr/Desktop/new_perception/new_eufs_ws/install/cone_msgs/lib/pkgconfig/cone_msgs.pc'
[4.403s] [34mcolcon.colcon_core.environment[0m [1;30mLevel 1[0m checking '/home/alr/Desktop/new_perception/new_eufs_ws/install/cone_msgs/lib/python3.10/site-packages'
[4.404s] [34mcolcon.colcon_core.environment[0m [1;30mLevel 1[0m checking '/home/alr/Desktop/new_perception/new_eufs_ws/install/cone_msgs/bin'
[4.404s] [34mcolcon.colcon_core.shell[0m [1;30mINFO[0m Creating package script '/home/alr/Desktop/new_perception/new_eufs_ws/install/cone_msgs/share/cone_msgs/package.ps1'
[4.406s] [34mcolcon.colcon_core.shell[0m [1;30mINFO[0m Creating package descriptor '/home/alr/Desktop/new_perception/new_eufs_ws/install/cone_msgs/share/cone_msgs/package.dsv'
[4.406s] [34mcolcon.colcon_core.shell[0m [1;30mINFO[0m Creating package script '/home/alr/Desktop/new_perception/new_eufs_ws/install/cone_msgs/share/cone_msgs/package.sh'
[4.407s] [34mcolcon.colcon_core.shell[0m [1;30mINFO[0m Creating package script '/home/alr/Desktop/new_perception/new_eufs_ws/install/cone_msgs/share/cone_msgs/package.bash'
[4.407s] [34mcolcon.colcon_core.shell[0m [1;30mINFO[0m Creating package script '/home/alr/Desktop/new_perception/new_eufs_ws/install/cone_msgs/share/cone_msgs/package.zsh'
[4.408s] [34mcolcon.colcon_core.environment[0m [1;30mLevel 1[0m create_file_with_runtime_dependencies(/home/alr/Desktop/new_perception/new_eufs_ws/install/cone_msgs/share/colcon-core/packages/cone_msgs)
[4.956s] [34mcolcon.colcon_core.event_handler.log_command[0m [1;30mDEBUG[0m [32mInvoked command in '/home/alr/Desktop/new_perception/new_eufs_ws/build/image_geometry' returned '0': CMAKE_PREFIX_PATH=${CMAKE_PREFIX_PATH}:/home/alr/Desktop/new_perception/new_eufs_ws/install/opencv_tests:/home/alr/Desktop/new_perception/new_eufs_ws/install/fsd_planner:/home/alr/Desktop/new_perception/new_eufs_ws/install/eufs_launcher:/home/alr/Desktop/new_perception/new_eufs_ws/install/eufs_tracks:/home/alr/Desktop/new_perception/new_eufs_ws/install/eufs_rqt:/home/alr/Desktop/new_perception/new_eufs_ws/install/eufs_racecar:/opt/ros/humble /usr/bin/cmake --build /home/alr/Desktop/new_perception/new_eufs_ws/build/image_geometry -- -j20 -l20[0m
[4.957s] [34mcolcon.colcon_core.event_handler.log_command[0m [1;30mDEBUG[0m [32mInvoking command in '/home/alr/Desktop/new_perception/new_eufs_ws/build/image_geometry': CMAKE_PREFIX_PATH=${CMAKE_PREFIX_PATH}:/home/alr/Desktop/new_perception/new_eufs_ws/install/opencv_tests:/home/alr/Desktop/new_perception/new_eufs_ws/install/fsd_planner:/home/alr/Desktop/new_perception/new_eufs_ws/install/eufs_launcher:/home/alr/Desktop/new_perception/new_eufs_ws/install/eufs_tracks:/home/alr/Desktop/new_perception/new_eufs_ws/install/eufs_rqt:/home/alr/Desktop/new_perception/new_eufs_ws/install/eufs_racecar:/opt/ros/humble /usr/bin/cmake --install /home/alr/Desktop/new_perception/new_eufs_ws/build/image_geometry[0m
[5.192s] [34mcolcon.colcon_core.environment[0m [1;30mLevel 1[0m create_environment_scripts_only(image_geometry)
[5.192s] [34mcolcon.colcon_core.environment[0m [1;30mLevel 1[0m checking '/home/alr/Desktop/new_perception/new_eufs_ws/install/image_geometry' for CMake module files
[5.192s] [34mcolcon.colcon_core.event_handler.log_command[0m [1;30mDEBUG[0m [32mInvoked command in '/home/alr/Desktop/new_perception/new_eufs_ws/build/image_geometry' returned '0': CMAKE_PREFIX_PATH=${CMAKE_PREFIX_PATH}:/home/alr/Desktop/new_perception/new_eufs_ws/install/opencv_tests:/home/alr/Desktop/new_perception/new_eufs_ws/install/fsd_planner:/home/alr/Desktop/new_perception/new_eufs_ws/install/eufs_launcher:/home/alr/Desktop/new_perception/new_eufs_ws/install/eufs_tracks:/home/alr/Desktop/new_perception/new_eufs_ws/install/eufs_rqt:/home/alr/Desktop/new_perception/new_eufs_ws/install/eufs_racecar:/opt/ros/humble /usr/bin/cmake --install /home/alr/Desktop/new_perception/new_eufs_ws/build/image_geometry[0m
[5.193s] [34mcolcon.colcon_core.environment[0m [1;30mLevel 1[0m checking '/home/alr/Desktop/new_perception/new_eufs_ws/install/image_geometry' for CMake config files
[5.193s] [34mcolcon.colcon_core.shell[0m [1;30mLevel 1[0m create_environment_hook('image_geometry', 'cmake_prefix_path')
[5.193s] [34mcolcon.colcon_core.shell[0m [1;30mINFO[0m Creating environment hook '/home/alr/Desktop/new_perception/new_eufs_ws/install/image_geometry/share/image_geometry/hook/cmake_prefix_path.ps1'
[5.194s] [34mcolcon.colcon_core.shell[0m [1;30mINFO[0m Creating environment descriptor '/home/alr/Desktop/new_perception/new_eufs_ws/install/image_geometry/share/image_geometry/hook/cmake_prefix_path.dsv'
[5.194s] [34mcolcon.colcon_core.shell[0m [1;30mINFO[0m Creating environment hook '/home/alr/Desktop/new_perception/new_eufs_ws/install/image_geometry/share/image_geometry/hook/cmake_prefix_path.sh'
[5.195s] [34mcolcon.colcon_core.environment[0m [1;30mLevel 1[0m checking '/home/alr/Desktop/new_perception/new_eufs_ws/install/image_geometry/lib'
[5.195s] [34mcolcon.colcon_core.shell[0m [1;30mLevel 1[0m create_environment_hook('image_geometry', 'ld_library_path_lib')
[5.195s] [34mcolcon.colcon_core.shell[0m [1;30mINFO[0m Creating environment hook '/home/alr/Desktop/new_perception/new_eufs_ws/install/image_geometry/share/image_geometry/hook/ld_library_path_lib.ps1'
[5.195s] [34mcolcon.colcon_core.shell[0m [1;30mINFO[0m Creating environment descriptor '/home/alr/Desktop/new_perception/new_eufs_ws/install/image_geometry/share/image_geometry/hook/ld_library_path_lib.dsv'
[5.196s] [34mcolcon.colcon_core.shell[0m [1;30mINFO[0m Creating environment hook '/home/alr/Desktop/new_perception/new_eufs_ws/install/image_geometry/share/image_geometry/hook/ld_library_path_lib.sh'
[5.196s] [34mcolcon.colcon_core.environment[0m [1;30mLevel 1[0m checking '/home/alr/Desktop/new_perception/new_eufs_ws/install/image_geometry/bin'
[5.196s] [34mcolcon.colcon_core.environment[0m [1;30mLevel 1[0m checking '/home/alr/Desktop/new_perception/new_eufs_ws/install/image_geometry/lib/pkgconfig/image_geometry.pc'
[5.196s] [34mcolcon.colcon_core.environment[0m [1;30mLevel 1[0m checking '/home/alr/Desktop/new_perception/new_eufs_ws/install/image_geometry/lib/python3.10/site-packages'
[5.197s] [34mcolcon.colcon_core.environment[0m [1;30mLevel 1[0m checking '/home/alr/Desktop/new_perception/new_eufs_ws/install/image_geometry/bin'
[5.197s] [34mcolcon.colcon_core.shell[0m [1;30mINFO[0m Creating package script '/home/alr/Desktop/new_perception/new_eufs_ws/install/image_geometry/share/image_geometry/package.ps1'
[5.197s] [34mcolcon.colcon_core.shell[0m [1;30mINFO[0m Creating package descriptor '/home/alr/Desktop/new_perception/new_eufs_ws/install/image_geometry/share/image_geometry/package.dsv'
[5.198s] [34mcolcon.colcon_core.shell[0m [1;30mINFO[0m Creating package script '/home/alr/Desktop/new_perception/new_eufs_ws/install/image_geometry/share/image_geometry/package.sh'
[5.198s] [34mcolcon.colcon_core.shell[0m [1;30mINFO[0m Creating package script '/home/alr/Desktop/new_perception/new_eufs_ws/install/image_geometry/share/image_geometry/package.bash'
[5.198s] [34mcolcon.colcon_core.shell[0m [1;30mINFO[0m Creating package script '/home/alr/Desktop/new_perception/new_eufs_ws/install/image_geometry/share/image_geometry/package.zsh'
[5.199s] [34mcolcon.colcon_core.environment[0m [1;30mLevel 1[0m create_file_with_runtime_dependencies(/home/alr/Desktop/new_perception/new_eufs_ws/install/image_geometry/share/colcon-core/packages/image_geometry)
[5.199s] [34mcolcon.colcon_core.environment[0m [1;30mLevel 1[0m create_environment_scripts_only(image_geometry)
[5.200s] [34mcolcon.colcon_core.environment[0m [1;30mLevel 1[0m checking '/home/alr/Desktop/new_perception/new_eufs_ws/install/image_geometry' for CMake module files
[5.200s] [34mcolcon.colcon_core.environment[0m [1;30mLevel 1[0m checking '/home/alr/Desktop/new_perception/new_eufs_ws/install/image_geometry' for CMake config files
[5.200s] [34mcolcon.colcon_core.shell[0m [1;30mLevel 1[0m create_environment_hook('image_geometry', 'cmake_prefix_path')
[5.201s] [34mcolcon.colcon_core.shell[0m [1;30mINFO[0m Creating environment hook '/home/alr/Desktop/new_perception/new_eufs_ws/install/image_geometry/share/image_geometry/hook/cmake_prefix_path.ps1'
[5.201s] [34mcolcon.colcon_core.shell[0m [1;30mINFO[0m Creating environment descriptor '/home/alr/Desktop/new_perception/new_eufs_ws/install/image_geometry/share/image_geometry/hook/cmake_prefix_path.dsv'
[5.201s] [34mcolcon.colcon_core.shell[0m [1;30mINFO[0m Creating environment hook '/home/alr/Desktop/new_perception/new_eufs_ws/install/image_geometry/share/image_geometry/hook/cmake_prefix_path.sh'
[5.202s] [34mcolcon.colcon_core.environment[0m [1;30mLevel 1[0m checking '/home/alr/Desktop/new_perception/new_eufs_ws/install/image_geometry/lib'
[5.202s] [34mcolcon.colcon_core.shell[0m [1;30mLevel 1[0m create_environment_hook('image_geometry', 'ld_library_path_lib')
[5.202s] [34mcolcon.colcon_core.shell[0m [1;30mINFO[0m Creating environment hook '/home/alr/Desktop/new_perception/new_eufs_ws/install/image_geometry/share/image_geometry/hook/ld_library_path_lib.ps1'
[5.202s] [34mcolcon.colcon_core.shell[0m [1;30mINFO[0m Creating environment descriptor '/home/alr/Desktop/new_perception/new_eufs_ws/install/image_geometry/share/image_geometry/hook/ld_library_path_lib.dsv'
[5.203s] [34mcolcon.colcon_core.shell[0m [1;30mINFO[0m Creating environment hook '/home/alr/Desktop/new_perception/new_eufs_ws/install/image_geometry/share/image_geometry/hook/ld_library_path_lib.sh'
[5.203s] [34mcolcon.colcon_core.environment[0m [1;30mLevel 1[0m checking '/home/alr/Desktop/new_perception/new_eufs_ws/install/image_geometry/bin'
[5.203s] [34mcolcon.colcon_core.environment[0m [1;30mLevel 1[0m checking '/home/alr/Desktop/new_perception/new_eufs_ws/install/image_geometry/lib/pkgconfig/image_geometry.pc'
[5.203s] [34mcolcon.colcon_core.environment[0m [1;30mLevel 1[0m checking '/home/alr/Desktop/new_perception/new_eufs_ws/install/image_geometry/lib/python3.10/site-packages'
[5.204s] [34mcolcon.colcon_core.environment[0m [1;30mLevel 1[0m checking '/home/alr/Desktop/new_perception/new_eufs_ws/install/image_geometry/bin'
[5.204s] [34mcolcon.colcon_core.shell[0m [1;30mINFO[0m Creating package script '/home/alr/Desktop/new_perception/new_eufs_ws/install/image_geometry/share/image_geometry/package.ps1'
[5.205s] [34mcolcon.colcon_core.shell[0m [1;30mINFO[0m Creating package descriptor '/home/alr/Desktop/new_perception/new_eufs_ws/install/image_geometry/share/image_geometry/package.dsv'
[5.205s] [34mcolcon.colcon_core.shell[0m [1;30mINFO[0m Creating package script '/home/alr/Desktop/new_perception/new_eufs_ws/install/image_geometry/share/image_geometry/package.sh'
[5.205s] [34mcolcon.colcon_core.shell[0m [1;30mINFO[0m Creating package script '/home/alr/Desktop/new_perception/new_eufs_ws/install/image_geometry/share/image_geometry/package.bash'
[5.206s] [34mcolcon.colcon_core.shell[0m [1;30mINFO[0m Creating package script '/home/alr/Desktop/new_perception/new_eufs_ws/install/image_geometry/share/image_geometry/package.zsh'
[5.206s] [34mcolcon.colcon_core.environment[0m [1;30mLevel 1[0m create_file_with_runtime_dependencies(/home/alr/Desktop/new_perception/new_eufs_ws/install/image_geometry/share/colcon-core/packages/image_geometry)
[10.654s] [34mcolcon.colcon_core.event_handler.log_command[0m [1;30mDEBUG[0m [32mInvoked command in '/home/alr/Desktop/new_perception/new_eufs_ws/build/cv_bridge' returned '0': CMAKE_PREFIX_PATH=${CMAKE_PREFIX_PATH}:/home/alr/Desktop/new_perception/new_eufs_ws/install/opencv_tests:/home/alr/Desktop/new_perception/new_eufs_ws/install/fsd_planner:/home/alr/Desktop/new_perception/new_eufs_ws/install/eufs_launcher:/home/alr/Desktop/new_perception/new_eufs_ws/install/eufs_tracks:/home/alr/Desktop/new_perception/new_eufs_ws/install/eufs_rqt:/home/alr/Desktop/new_perception/new_eufs_ws/install/eufs_racecar:/opt/ros/humble /usr/bin/cmake --build /home/alr/Desktop/new_perception/new_eufs_ws/build/cv_bridge -- -j20 -l20[0m
[10.658s] [34mcolcon.colcon_core.event_handler.log_command[0m [1;30mDEBUG[0m [32mInvoking command in '/home/alr/Desktop/new_perception/new_eufs_ws/build/cv_bridge': CMAKE_PREFIX_PATH=${CMAKE_PREFIX_PATH}:/home/alr/Desktop/new_perception/new_eufs_ws/install/opencv_tests:/home/alr/Desktop/new_perception/new_eufs_ws/install/fsd_planner:/home/alr/Desktop/new_perception/new_eufs_ws/install/eufs_launcher:/home/alr/Desktop/new_perception/new_eufs_ws/install/eufs_tracks:/home/alr/Desktop/new_perception/new_eufs_ws/install/eufs_rqt:/home/alr/Desktop/new_perception/new_eufs_ws/install/eufs_racecar:/opt/ros/humble /usr/bin/cmake --install /home/alr/Desktop/new_perception/new_eufs_ws/build/cv_bridge[0m
[11.182s] [34mcolcon.colcon_core.environment[0m [1;30mLevel 1[0m create_environment_scripts_only(cv_bridge)
[11.182s] [34mcolcon.colcon_core.environment[0m [1;30mLevel 1[0m checking '/home/alr/Desktop/new_perception/new_eufs_ws/install/cv_bridge' for CMake module files
[11.183s] [34mcolcon.colcon_core.environment[0m [1;30mLevel 1[0m checking '/home/alr/Desktop/new_perception/new_eufs_ws/install/cv_bridge' for CMake config files
[11.187s] [34mcolcon.colcon_core.shell[0m [1;30mLevel 1[0m create_environment_hook('cv_bridge', 'cmake_prefix_path')
[11.188s] [34mcolcon.colcon_core.shell[0m [1;30mINFO[0m Creating environment hook '/home/alr/Desktop/new_perception/new_eufs_ws/install/cv_bridge/share/cv_bridge/hook/cmake_prefix_path.ps1'
[11.188s] [34mcolcon.colcon_core.shell[0m [1;30mINFO[0m Creating environment descriptor '/home/alr/Desktop/new_perception/new_eufs_ws/install/cv_bridge/share/cv_bridge/hook/cmake_prefix_path.dsv'
[11.189s] [34mcolcon.colcon_core.shell[0m [1;30mINFO[0m Creating environment hook '/home/alr/Desktop/new_perception/new_eufs_ws/install/cv_bridge/share/cv_bridge/hook/cmake_prefix_path.sh'
[11.193s] [34mcolcon.colcon_core.environment[0m [1;30mLevel 1[0m checking '/home/alr/Desktop/new_perception/new_eufs_ws/install/cv_bridge/lib'
[11.193s] [34mcolcon.colcon_core.shell[0m [1;30mLevel 1[0m create_environment_hook('cv_bridge', 'ld_library_path_lib')
[11.193s] [34mcolcon.colcon_core.shell[0m [1;30mINFO[0m Creating environment hook '/home/alr/Desktop/new_perception/new_eufs_ws/install/cv_bridge/share/cv_bridge/hook/ld_library_path_lib.ps1'
[11.194s] [34mcolcon.colcon_core.shell[0m [1;30mINFO[0m Creating environment descriptor '/home/alr/Desktop/new_perception/new_eufs_ws/install/cv_bridge/share/cv_bridge/hook/ld_library_path_lib.dsv'
[11.195s] [34mcolcon.colcon_core.event_handler.log_command[0m [1;30mDEBUG[0m [32mInvoked command in '/home/alr/Desktop/new_perception/new_eufs_ws/build/cv_bridge' returned '0': CMAKE_PREFIX_PATH=${CMAKE_PREFIX_PATH}:/home/alr/Desktop/new_perception/new_eufs_ws/install/opencv_tests:/home/alr/Desktop/new_perception/new_eufs_ws/install/fsd_planner:/home/alr/Desktop/new_perception/new_eufs_ws/install/eufs_launcher:/home/alr/Desktop/new_perception/new_eufs_ws/install/eufs_tracks:/home/alr/Desktop/new_perception/new_eufs_ws/install/eufs_rqt:/home/alr/Desktop/new_perception/new_eufs_ws/install/eufs_racecar:/opt/ros/humble /usr/bin/cmake --install /home/alr/Desktop/new_perception/new_eufs_ws/build/cv_bridge[0m
[11.196s] [34mcolcon.colcon_core.shell[0m [1;30mINFO[0m Creating environment hook '/home/alr/Desktop/new_perception/new_eufs_ws/install/cv_bridge/share/cv_bridge/hook/ld_library_path_lib.sh'
[11.196s] [34mcolcon.colcon_core.environment[0m [1;30mLevel 1[0m checking '/home/alr/Desktop/new_perception/new_eufs_ws/install/cv_bridge/bin'
[11.196s] [34mcolcon.colcon_core.environment[0m [1;30mLevel 1[0m checking '/home/alr/Desktop/new_perception/new_eufs_ws/install/cv_bridge/lib/pkgconfig/cv_bridge.pc'
[11.197s] [34mcolcon.colcon_core.environment[0m [1;30mLevel 1[0m checking '/home/alr/Desktop/new_perception/new_eufs_ws/install/cv_bridge/lib/python3.10/site-packages'
[11.197s] [34mcolcon.colcon_core.environment[0m [1;30mLevel 1[0m checking '/home/alr/Desktop/new_perception/new_eufs_ws/install/cv_bridge/bin'
[11.198s] [34mcolcon.colcon_core.shell[0m [1;30mINFO[0m Creating package script '/home/alr/Desktop/new_perception/new_eufs_ws/install/cv_bridge/share/cv_bridge/package.ps1'
[11.199s] [34mcolcon.colcon_core.shell[0m [1;30mINFO[0m Creating package descriptor '/home/alr/Desktop/new_perception/new_eufs_ws/install/cv_bridge/share/cv_bridge/package.dsv'
[11.200s] [34mcolcon.colcon_core.shell[0m [1;30mINFO[0m Creating package script '/home/alr/Desktop/new_perception/new_eufs_ws/install/cv_bridge/share/cv_bridge/package.sh'
[11.202s] [34mcolcon.colcon_core.shell[0m [1;30mINFO[0m Creating package script '/home/alr/Desktop/new_perception/new_eufs_ws/install/cv_bridge/share/cv_bridge/package.bash'
[11.203s] [34mcolcon.colcon_core.shell[0m [1;30mINFO[0m Creating package script '/home/alr/Desktop/new_perception/new_eufs_ws/install/cv_bridge/share/cv_bridge/package.zsh'
[11.203s] [34mcolcon.colcon_core.environment[0m [1;30mLevel 1[0m create_file_with_runtime_dependencies(/home/alr/Desktop/new_perception/new_eufs_ws/install/cv_bridge/share/colcon-core/packages/cv_bridge)
[11.204s] [34mcolcon.colcon_core.environment[0m [1;30mLevel 1[0m create_environment_scripts_only(cv_bridge)
[11.205s] [34mcolcon.colcon_core.environment[0m [1;30mLevel 1[0m checking '/home/alr/Desktop/new_perception/new_eufs_ws/install/cv_bridge' for CMake module files
[11.205s] [34mcolcon.colcon_core.environment[0m [1;30mLevel 1[0m checking '/home/alr/Desktop/new_perception/new_eufs_ws/install/cv_bridge' for CMake config files
[11.207s] [34mcolcon.colcon_core.shell[0m [1;30mLevel 1[0m create_environment_hook('cv_bridge', 'cmake_prefix_path')
[11.207s] [34mcolcon.colcon_core.shell[0m [1;30mINFO[0m Creating environment hook '/home/alr/Desktop/new_perception/new_eufs_ws/install/cv_bridge/share/cv_bridge/hook/cmake_prefix_path.ps1'
[11.208s] [34mcolcon.colcon_core.shell[0m [1;30mINFO[0m Creating environment descriptor '/home/alr/Desktop/new_perception/new_eufs_ws/install/cv_bridge/share/cv_bridge/hook/cmake_prefix_path.dsv'
[11.208s] [34mcolcon.colcon_core.shell[0m [1;30mINFO[0m Creating environment hook '/home/alr/Desktop/new_perception/new_eufs_ws/install/cv_bridge/share/cv_bridge/hook/cmake_prefix_path.sh'
[11.209s] [34mcolcon.colcon_core.environment[0m [1;30mLevel 1[0m checking '/home/alr/Desktop/new_perception/new_eufs_ws/install/cv_bridge/lib'
[11.209s] [34mcolcon.colcon_core.shell[0m [1;30mLevel 1[0m create_environment_hook('cv_bridge', 'ld_library_path_lib')
[11.210s] [34mcolcon.colcon_core.shell[0m [1;30mINFO[0m Creating environment hook '/home/alr/Desktop/new_perception/new_eufs_ws/install/cv_bridge/share/cv_bridge/hook/ld_library_path_lib.ps1'
[11.210s] [34mcolcon.colcon_core.shell[0m [1;30mINFO[0m Creating environment descriptor '/home/alr/Desktop/new_perception/new_eufs_ws/install/cv_bridge/share/cv_bridge/hook/ld_library_path_lib.dsv'
[11.211s] [34mcolcon.colcon_core.shell[0m [1;30mINFO[0m Creating environment hook '/home/alr/Desktop/new_perception/new_eufs_ws/install/cv_bridge/share/cv_bridge/hook/ld_library_path_lib.sh'
[11.211s] [34mcolcon.colcon_core.environment[0m [1;30mLevel 1[0m checking '/home/alr/Desktop/new_perception/new_eufs_ws/install/cv_bridge/bin'
[11.212s] [34mcolcon.colcon_core.environment[0m [1;30mLevel 1[0m checking '/home/alr/Desktop/new_perception/new_eufs_ws/install/cv_bridge/lib/pkgconfig/cv_bridge.pc'
[11.212s] [34mcolcon.colcon_core.environment[0m [1;30mLevel 1[0m checking '/home/alr/Desktop/new_perception/new_eufs_ws/install/cv_bridge/lib/python3.10/site-packages'
[11.212s] [34mcolcon.colcon_core.environment[0m [1;30mLevel 1[0m checking '/home/alr/Desktop/new_perception/new_eufs_ws/install/cv_bridge/bin'
[11.213s] [34mcolcon.colcon_core.shell[0m [1;30mINFO[0m Creating package script '/home/alr/Desktop/new_perception/new_eufs_ws/install/cv_bridge/share/cv_bridge/package.ps1'
[11.214s] [34mcolcon.colcon_core.shell[0m [1;30mINFO[0m Creating package descriptor '/home/alr/Desktop/new_perception/new_eufs_ws/install/cv_bridge/share/cv_bridge/package.dsv'
[11.215s] [34mcolcon.colcon_core.shell[0m [1;30mINFO[0m Creating package script '/home/alr/Desktop/new_perception/new_eufs_ws/install/cv_bridge/share/cv_bridge/package.sh'
[11.215s] [34mcolcon.colcon_core.shell[0m [1;30mINFO[0m Creating package script '/home/alr/Desktop/new_perception/new_eufs_ws/install/cv_bridge/share/cv_bridge/package.bash'
[11.216s] [34mcolcon.colcon_core.shell[0m [1;30mINFO[0m Creating package script '/home/alr/Desktop/new_perception/new_eufs_ws/install/cv_bridge/share/cv_bridge/package.zsh'
[11.217s] [34mcolcon.colcon_core.environment[0m [1;30mLevel 1[0m create_file_with_runtime_dependencies(/home/alr/Desktop/new_perception/new_eufs_ws/install/cv_bridge/share/colcon-core/packages/cv_bridge)
[11.217s] [34mcolcon.colcon_ros.task.ament_python.build[0m [1;30mINFO[0m Building ROS package in '/home/alr/Desktop/new_perception/new_eufs_ws/src/vision_opencv/opencv_tests' with build type 'ament_python'
[11.217s] [34mcolcon.colcon_core.shell[0m [1;30mLevel 1[0m create_environment_hook('opencv_tests', 'ament_prefix_path')
[11.218s] [34mcolcon.colcon_core.shell[0m [1;30mINFO[0m Creating environment hook '/home/alr/Desktop/new_perception/new_eufs_ws/install/opencv_tests/share/opencv_tests/hook/ament_prefix_path.ps1'
[11.218s] [34mcolcon.colcon_core.shell[0m [1;30mINFO[0m Creating environment descriptor '/home/alr/Desktop/new_perception/new_eufs_ws/install/opencv_tests/share/opencv_tests/hook/ament_prefix_path.dsv'
[11.219s] [34mcolcon.colcon_core.shell[0m [1;30mINFO[0m Creating environment hook '/home/alr/Desktop/new_perception/new_eufs_ws/install/opencv_tests/share/opencv_tests/hook/ament_prefix_path.sh'
[11.220s] [34mcolcon.colcon_core.shell[0m [1;30mINFO[0m Skip shell extension 'powershell' for command environment: Not usable outside of PowerShell
[11.221s] [34mcolcon.colcon_core.shell[0m [1;30mDEBUG[0m [32mSkip shell extension 'dsv' for command environment[0m
[11.235s] [34mcolcon.colcon_ros.task.ament_cmake.build[0m [1;30mINFO[0m Building ROS package in '/home/alr/Desktop/new_perception/new_eufs_ws/src/vision_opencv/vision_opencv' with build type 'ament_cmake'
[11.235s] [34mcolcon.colcon_cmake.task.cmake.build[0m [1;30mINFO[0m Building CMake package in '/home/alr/Desktop/new_perception/new_eufs_ws/src/vision_opencv/vision_opencv'
[11.235s] [34mcolcon.colcon_core.shell[0m [1;30mINFO[0m Skip shell extension 'powershell' for command environment: Not usable outside of PowerShell
[11.235s] [34mcolcon.colcon_core.shell[0m [1;30mDEBUG[0m [32mSkip shell extension 'dsv' for command environment[0m
[11.679s] [34mcolcon.colcon_core.task.python.build[0m [1;30mINFO[0m Building Python package in '/home/alr/Desktop/new_perception/new_eufs_ws/src/vision_opencv/opencv_tests'
[11.680s] [34mcolcon.colcon_core.shell[0m [1;30mINFO[0m Skip shell extension 'powershell' for command environment: Not usable outside of PowerShell
[11.680s] [34mcolcon.colcon_core.shell[0m [1;30mDEBUG[0m [32mSkip shell extension 'dsv' for command environment[0m
[11.691s] [34mcolcon.colcon_core.event_handler.log_command[0m [1;30mDEBUG[0m [32mInvoking command in '/home/alr/Desktop/new_perception/new_eufs_ws/build/vision_opencv': CMAKE_PREFIX_PATH=/home/alr/Desktop/new_perception/new_eufs_ws/install/image_geometry:/home/alr/Desktop/new_perception/new_eufs_ws/install/cv_bridge:/home/alr/Desktop/new_perception/new_eufs_ws/install/vision_opencv:/home/alr/Desktop/new_perception/new_eufs_ws/install/perception_pkg:/home/alr/Desktop/new_perception/new_eufs_ws/install/my_state_estimator:/home/alr/Desktop/new_perception/new_eufs_ws/install/my_slam_pkg:/home/alr/Desktop/new_perception/new_eufs_ws/install/my_controller_pkg:/home/alr/Desktop/new_perception/new_eufs_ws/install/eufs_plugins:/home/alr/Desktop/new_perception/new_eufs_ws/install/eufs_sensors:/home/alr/Desktop/new_perception/new_eufs_ws/install/eufs_models:/home/alr/Desktop/new_perception/new_eufs_ws/install/eufs_msgs:/home/alr/Desktop/new_perception/new_eufs_ws/install/cone_msgs:/home/alr/Desktop/new_perception/new_eufs_ws/install/opencv_tests:/home/alr/Desktop/new_perception/new_eufs_ws/install/fsd_planner:/home/alr/Desktop/new_perception/new_eufs_ws/install/eufs_launcher:/home/alr/Desktop/new_perception/new_eufs_ws/install/eufs_tracks:/home/alr/Desktop/new_perception/new_eufs_ws/install/eufs_rqt:/home/alr/Desktop/new_perception/new_eufs_ws/install/eufs_racecar:/opt/ros/humble LD_LIBRARY_PATH=/home/alr/Desktop/new_perception/new_eufs_ws/install/image_geometry/lib:/home/alr/Desktop/new_perception/new_eufs_ws/install/cv_bridge/lib:/opt/opencv-4.12/lib:/home/alr/Desktop/new_perception/new_eufs_ws/install/eufs_plugins/lib:/home/alr/Desktop/new_perception/new_eufs_ws/install/eufs_models/lib:/home/alr/Desktop/new_perception/new_eufs_ws/install/eufs_msgs/lib:/home/alr/Desktop/new_perception/new_eufs_ws/install/cone_msgs/lib:/usr/lib/x86_64-linux-gnu/gazebo-11/plugins:/opt/ros/humble/opt/rviz_ogre_vendor/lib:/opt/ros/humble/lib/x86_64-linux-gnu:/opt/ros/humble/lib:/usr/local/cuda-12.9/lib64 /usr/bin/cmake /home/alr/Desktop/new_perception/new_eufs_ws/src/vision_opencv/vision_opencv -DAMENT_CMAKE_SYMLINK_INSTALL=1 -DCMAKE_INSTALL_PREFIX=/home/alr/Desktop/new_perception/new_eufs_ws/install/vision_opencv[0m
[12.291s] [34mcolcon.colcon_core.event_handler.log_command[0m [1;30mDEBUG[0m [32mInvoking command in '/home/alr/Desktop/new_perception/new_eufs_ws/build/opencv_tests': CMAKE_PREFIX_PATH=/home/alr/Desktop/new_perception/new_eufs_ws/install/cv_bridge:/home/alr/Desktop/new_perception/new_eufs_ws/install/vision_opencv:/home/alr/Desktop/new_perception/new_eufs_ws/install/perception_pkg:/home/alr/Desktop/new_perception/new_eufs_ws/install/my_state_estimator:/home/alr/Desktop/new_perception/new_eufs_ws/install/my_slam_pkg:/home/alr/Desktop/new_perception/new_eufs_ws/install/my_controller_pkg:/home/alr/Desktop/new_perception/new_eufs_ws/install/eufs_plugins:/home/alr/Desktop/new_perception/new_eufs_ws/install/image_geometry:/home/alr/Desktop/new_perception/new_eufs_ws/install/eufs_sensors:/home/alr/Desktop/new_perception/new_eufs_ws/install/eufs_models:/home/alr/Desktop/new_perception/new_eufs_ws/install/eufs_msgs:/home/alr/Desktop/new_perception/new_eufs_ws/install/cone_msgs LD_LIBRARY_PATH=/home/alr/Desktop/new_perception/new_eufs_ws/install/cv_bridge/lib:/opt/opencv-4.12/lib:/home/alr/Desktop/new_perception/new_eufs_ws/install/eufs_plugins/lib:/home/alr/Desktop/new_perception/new_eufs_ws/install/image_geometry/lib:/home/alr/Desktop/new_perception/new_eufs_ws/install/eufs_models/lib:/home/alr/Desktop/new_perception/new_eufs_ws/install/eufs_msgs/lib:/home/alr/Desktop/new_perception/new_eufs_ws/install/cone_msgs/lib:/usr/lib/x86_64-linux-gnu/gazebo-11/plugins:/opt/ros/humble/opt/rviz_ogre_vendor/lib:/opt/ros/humble/lib/x86_64-linux-gnu:/opt/ros/humble/lib:/usr/local/cuda-12.9/lib64 PYTHONPATH=/home/alr/Desktop/new_perception/new_eufs_ws/build/opencv_tests/prefix_override:/usr/lib/python3/dist-packages/colcon_core/task/python/colcon_distutils_commands:/home/alr/Desktop/new_perception/new_eufs_ws/install/opencv_tests/lib/python3.10/site-packages:${PYTHONPATH} /usr/bin/python3 -W ignore:setup.py install is deprecated -W ignore:easy_install command is deprecated setup.py develop --editable --build-directory /home/alr/Desktop/new_perception/new_eufs_ws/build/opencv_tests/build --no-deps symlink_data[0m
[13.041s] [34mcolcon.colcon_core.shell[0m [1;30mLevel 1[0m create_environment_hook('opencv_tests', 'pythonpath_develop')
[13.042s] [34mcolcon.colcon_core.shell[0m [1;30mINFO[0m Creating environment hook '/home/alr/Desktop/new_perception/new_eufs_ws/build/opencv_tests/share/opencv_tests/hook/pythonpath_develop.ps1'
[13.043s] [34mcolcon.colcon_core.shell[0m [1;30mINFO[0m Creating environment descriptor '/home/alr/Desktop/new_perception/new_eufs_ws/build/opencv_tests/share/opencv_tests/hook/pythonpath_develop.dsv'
[13.043s] [34mcolcon.colcon_core.shell[0m [1;30mINFO[0m Creating environment hook '/home/alr/Desktop/new_perception/new_eufs_ws/build/opencv_tests/share/opencv_tests/hook/pythonpath_develop.sh'
[13.044s] [34mcolcon.colcon_core.environment[0m [1;30mLevel 1[0m checking '/home/alr/Desktop/new_perception/new_eufs_ws/install/opencv_tests' for CMake module files
[13.044s] [34mcolcon.colcon_core.environment[0m [1;30mLevel 1[0m checking '/home/alr/Desktop/new_perception/new_eufs_ws/install/opencv_tests' for CMake config files
[13.047s] [34mcolcon.colcon_core.event_handler.log_command[0m [1;30mDEBUG[0m [32mInvoked command in '/home/alr/Desktop/new_perception/new_eufs_ws/build/opencv_tests' returned '0': CMAKE_PREFIX_PATH=/home/alr/Desktop/new_perception/new_eufs_ws/install/cv_bridge:/home/alr/Desktop/new_perception/new_eufs_ws/install/vision_opencv:/home/alr/Desktop/new_perception/new_eufs_ws/install/perception_pkg:/home/alr/Desktop/new_perception/new_eufs_ws/install/my_state_estimator:/home/alr/Desktop/new_perception/new_eufs_ws/install/my_slam_pkg:/home/alr/Desktop/new_perception/new_eufs_ws/install/my_controller_pkg:/home/alr/Desktop/new_perception/new_eufs_ws/install/eufs_plugins:/home/alr/Desktop/new_perception/new_eufs_ws/install/image_geometry:/home/alr/Desktop/new_perception/new_eufs_ws/install/eufs_sensors:/home/alr/Desktop/new_perception/new_eufs_ws/install/eufs_models:/home/alr/Desktop/new_perception/new_eufs_ws/install/eufs_msgs:/home/alr/Desktop/new_perception/new_eufs_ws/install/cone_msgs LD_LIBRARY_PATH=/home/alr/Desktop/new_perception/new_eufs_ws/install/cv_bridge/lib:/opt/opencv-4.12/lib:/home/alr/Desktop/new_perception/new_eufs_ws/install/eufs_plugins/lib:/home/alr/Desktop/new_perception/new_eufs_ws/install/image_geometry/lib:/home/alr/Desktop/new_perception/new_eufs_ws/install/eufs_models/lib:/home/alr/Desktop/new_perception/new_eufs_ws/install/eufs_msgs/lib:/home/alr/Desktop/new_perception/new_eufs_ws/install/cone_msgs/lib:/usr/lib/x86_64-linux-gnu/gazebo-11/plugins:/opt/ros/humble/opt/rviz_ogre_vendor/lib:/opt/ros/humble/lib/x86_64-linux-gnu:/opt/ros/humble/lib:/usr/local/cuda-12.9/lib64 PYTHONPATH=/home/alr/Desktop/new_perception/new_eufs_ws/build/opencv_tests/prefix_override:/usr/lib/python3/dist-packages/colcon_core/task/python/colcon_distutils_commands:/home/alr/Desktop/new_perception/new_eufs_ws/install/opencv_tests/lib/python3.10/site-packages:${PYTHONPATH} /usr/bin/python3 -W ignore:setup.py install is deprecated -W ignore:easy_install command is deprecated setup.py develop --editable --build-directory /home/alr/Desktop/new_perception/new_eufs_ws/build/opencv_tests/build --no-deps symlink_data[0m
[13.049s] [34mcolcon.colcon_core.environment[0m [1;30mLevel 1[0m checking '/home/alr/Desktop/new_perception/new_eufs_ws/install/opencv_tests/lib'
[13.050s] [34mcolcon.colcon_core.environment[0m [1;30mLevel 1[0m checking '/home/alr/Desktop/new_perception/new_eufs_ws/install/opencv_tests/bin'
[13.050s] [34mcolcon.colcon_core.environment[0m [1;30mLevel 1[0m checking '/home/alr/Desktop/new_perception/new_eufs_ws/install/opencv_tests/lib/pkgconfig/opencv_tests.pc'
[13.050s] [34mcolcon.colcon_core.environment[0m [1;30mLevel 1[0m checking '/home/alr/Desktop/new_perception/new_eufs_ws/install/opencv_tests/lib/python3.10/site-packages'
[13.050s] [34mcolcon.colcon_core.shell[0m [1;30mLevel 1[0m create_environment_hook('opencv_tests', 'pythonpath')
[13.050s] [34mcolcon.colcon_core.shell[0m [1;30mINFO[0m Creating environment hook '/home/alr/Desktop/new_perception/new_eufs_ws/install/opencv_tests/share/opencv_tests/hook/pythonpath.ps1'
[13.051s] [34mcolcon.colcon_core.shell[0m [1;30mINFO[0m Creating environment descriptor '/home/alr/Desktop/new_perception/new_eufs_ws/install/opencv_tests/share/opencv_tests/hook/pythonpath.dsv'
[13.052s] [34mcolcon.colcon_core.shell[0m [1;30mINFO[0m Creating environment hook '/home/alr/Desktop/new_perception/new_eufs_ws/install/opencv_tests/share/opencv_tests/hook/pythonpath.sh'
[13.058s] [34mcolcon.colcon_core.environment[0m [1;30mLevel 1[0m checking '/home/alr/Desktop/new_perception/new_eufs_ws/install/opencv_tests/bin'
[13.058s] [34mcolcon.colcon_core.environment[0m [1;30mLevel 1[0m create_environment_scripts_only(opencv_tests)
[13.059s] [34mcolcon.colcon_core.shell[0m [1;30mINFO[0m Creating package script '/home/alr/Desktop/new_perception/new_eufs_ws/install/opencv_tests/share/opencv_tests/package.ps1'
[13.063s] [34mcolcon.colcon_core.shell[0m [1;30mINFO[0m Creating package descriptor '/home/alr/Desktop/new_perception/new_eufs_ws/install/opencv_tests/share/opencv_tests/package.dsv'
[13.064s] [34mcolcon.colcon_core.shell[0m [1;30mINFO[0m Creating package script '/home/alr/Desktop/new_perception/new_eufs_ws/install/opencv_tests/share/opencv_tests/package.sh'
[13.064s] [34mcolcon.colcon_core.shell[0m [1;30mINFO[0m Creating package script '/home/alr/Desktop/new_perception/new_eufs_ws/install/opencv_tests/share/opencv_tests/package.bash'
[13.065s] [34mcolcon.colcon_core.shell[0m [1;30mINFO[0m Creating package script '/home/alr/Desktop/new_perception/new_eufs_ws/install/opencv_tests/share/opencv_tests/package.zsh'
[13.065s] [34mcolcon.colcon_core.environment[0m [1;30mLevel 1[0m create_file_with_runtime_dependencies(/home/alr/Desktop/new_perception/new_eufs_ws/install/opencv_tests/share/colcon-core/packages/opencv_tests)
[13.502s] [34mcolcon.colcon_core.event_handler.log_command[0m [1;30mDEBUG[0m [32mInvoked command in '/home/alr/Desktop/new_perception/new_eufs_ws/build/vision_opencv' returned '0': CMAKE_PREFIX_PATH=/home/alr/Desktop/new_perception/new_eufs_ws/install/image_geometry:/home/alr/Desktop/new_perception/new_eufs_ws/install/cv_bridge:/home/alr/Desktop/new_perception/new_eufs_ws/install/vision_opencv:/home/alr/Desktop/new_perception/new_eufs_ws/install/perception_pkg:/home/alr/Desktop/new_perception/new_eufs_ws/install/my_state_estimator:/home/alr/Desktop/new_perception/new_eufs_ws/install/my_slam_pkg:/home/alr/Desktop/new_perception/new_eufs_ws/install/my_controller_pkg:/home/alr/Desktop/new_perception/new_eufs_ws/install/eufs_plugins:/home/alr/Desktop/new_perception/new_eufs_ws/install/eufs_sensors:/home/alr/Desktop/new_perception/new_eufs_ws/install/eufs_models:/home/alr/Desktop/new_perception/new_eufs_ws/install/eufs_msgs:/home/alr/Desktop/new_perception/new_eufs_ws/install/cone_msgs:/home/alr/Desktop/new_perception/new_eufs_ws/install/opencv_tests:/home/alr/Desktop/new_perception/new_eufs_ws/install/fsd_planner:/home/alr/Desktop/new_perception/new_eufs_ws/install/eufs_launcher:/home/alr/Desktop/new_perception/new_eufs_ws/install/eufs_tracks:/home/alr/Desktop/new_perception/new_eufs_ws/install/eufs_rqt:/home/alr/Desktop/new_perception/new_eufs_ws/install/eufs_racecar:/opt/ros/humble LD_LIBRARY_PATH=/home/alr/Desktop/new_perception/new_eufs_ws/install/image_geometry/lib:/home/alr/Desktop/new_perception/new_eufs_ws/install/cv_bridge/lib:/opt/opencv-4.12/lib:/home/alr/Desktop/new_perception/new_eufs_ws/install/eufs_plugins/lib:/home/alr/Desktop/new_perception/new_eufs_ws/install/eufs_models/lib:/home/alr/Desktop/new_perception/new_eufs_ws/install/eufs_msgs/lib:/home/alr/Desktop/new_perception/new_eufs_ws/install/cone_msgs/lib:/usr/lib/x86_64-linux-gnu/gazebo-11/plugins:/opt/ros/humble/opt/rviz_ogre_vendor/lib:/opt/ros/humble/lib/x86_64-linux-gnu:/opt/ros/humble/lib:/usr/local/cuda-12.9/lib64 /usr/bin/cmake /home/alr/Desktop/new_perception/new_eufs_ws/src/vision_opencv/vision_opencv -DAMENT_CMAKE_SYMLINK_INSTALL=1 -DCMAKE_INSTALL_PREFIX=/home/alr/Desktop/new_perception/new_eufs_ws/install/vision_opencv[0m
[13.503s] [34mcolcon.colcon_core.event_handler.log_command[0m [1;30mDEBUG[0m [32mInvoking command in '/home/alr/Desktop/new_perception/new_eufs_ws/build/vision_opencv': CMAKE_PREFIX_PATH=/home/alr/Desktop/new_perception/new_eufs_ws/install/image_geometry:/home/alr/Desktop/new_perception/new_eufs_ws/install/cv_bridge:/home/alr/Desktop/new_perception/new_eufs_ws/install/vision_opencv:/home/alr/Desktop/new_perception/new_eufs_ws/install/perception_pkg:/home/alr/Desktop/new_perception/new_eufs_ws/install/my_state_estimator:/home/alr/Desktop/new_perception/new_eufs_ws/install/my_slam_pkg:/home/alr/Desktop/new_perception/new_eufs_ws/install/my_controller_pkg:/home/alr/Desktop/new_perception/new_eufs_ws/install/eufs_plugins:/home/alr/Desktop/new_perception/new_eufs_ws/install/eufs_sensors:/home/alr/Desktop/new_perception/new_eufs_ws/install/eufs_models:/home/alr/Desktop/new_perception/new_eufs_ws/install/eufs_msgs:/home/alr/Desktop/new_perception/new_eufs_ws/install/cone_msgs:/home/alr/Desktop/new_perception/new_eufs_ws/install/opencv_tests:/home/alr/Desktop/new_perception/new_eufs_ws/install/fsd_planner:/home/alr/Desktop/new_perception/new_eufs_ws/install/eufs_launcher:/home/alr/Desktop/new_perception/new_eufs_ws/install/eufs_tracks:/home/alr/Desktop/new_perception/new_eufs_ws/install/eufs_rqt:/home/alr/Desktop/new_perception/new_eufs_ws/install/eufs_racecar:/opt/ros/humble LD_LIBRARY_PATH=/home/alr/Desktop/new_perception/new_eufs_ws/install/image_geometry/lib:/home/alr/Desktop/new_perception/new_eufs_ws/install/cv_bridge/lib:/opt/opencv-4.12/lib:/home/alr/Desktop/new_perception/new_eufs_ws/install/eufs_plugins/lib:/home/alr/Desktop/new_perception/new_eufs_ws/install/eufs_models/lib:/home/alr/Desktop/new_perception/new_eufs_ws/install/eufs_msgs/lib:/home/alr/Desktop/new_perception/new_eufs_ws/install/cone_msgs/lib:/usr/lib/x86_64-linux-gnu/gazebo-11/plugins:/opt/ros/humble/opt/rviz_ogre_vendor/lib:/opt/ros/humble/lib/x86_64-linux-gnu:/opt/ros/humble/lib:/usr/local/cuda-12.9/lib64 /usr/bin/cmake --build /home/alr/Desktop/new_perception/new_eufs_ws/build/vision_opencv -- -j20 -l20[0m
[13.569s] [34mcolcon.colcon_core.event_handler.log_command[0m [1;30mDEBUG[0m [32mInvoked command in '/home/alr/Desktop/new_perception/new_eufs_ws/build/vision_opencv' returned '0': CMAKE_PREFIX_PATH=/home/alr/Desktop/new_perception/new_eufs_ws/install/image_geometry:/home/alr/Desktop/new_perception/new_eufs_ws/install/cv_bridge:/home/alr/Desktop/new_perception/new_eufs_ws/install/vision_opencv:/home/alr/Desktop/new_perception/new_eufs_ws/install/perception_pkg:/home/alr/Desktop/new_perception/new_eufs_ws/install/my_state_estimator:/home/alr/Desktop/new_perception/new_eufs_ws/install/my_slam_pkg:/home/alr/Desktop/new_perception/new_eufs_ws/install/my_controller_pkg:/home/alr/Desktop/new_perception/new_eufs_ws/install/eufs_plugins:/home/alr/Desktop/new_perception/new_eufs_ws/install/eufs_sensors:/home/alr/Desktop/new_perception/new_eufs_ws/install/eufs_models:/home/alr/Desktop/new_perception/new_eufs_ws/install/eufs_msgs:/home/alr/Desktop/new_perception/new_eufs_ws/install/cone_msgs:/home/alr/Desktop/new_perception/new_eufs_ws/install/opencv_tests:/home/alr/Desktop/new_perception/new_eufs_ws/install/fsd_planner:/home/alr/Desktop/new_perception/new_eufs_ws/install/eufs_launcher:/home/alr/Desktop/new_perception/new_eufs_ws/install/eufs_tracks:/home/alr/Desktop/new_perception/new_eufs_ws/install/eufs_rqt:/home/alr/Desktop/new_perception/new_eufs_ws/install/eufs_racecar:/opt/ros/humble LD_LIBRARY_PATH=/home/alr/Desktop/new_perception/new_eufs_ws/install/image_geometry/lib:/home/alr/Desktop/new_perception/new_eufs_ws/install/cv_bridge/lib:/opt/opencv-4.12/lib:/home/alr/Desktop/new_perception/new_eufs_ws/install/eufs_plugins/lib:/home/alr/Desktop/new_perception/new_eufs_ws/install/eufs_models/lib:/home/alr/Desktop/new_perception/new_eufs_ws/install/eufs_msgs/lib:/home/alr/Desktop/new_perception/new_eufs_ws/install/cone_msgs/lib:/usr/lib/x86_64-linux-gnu/gazebo-11/plugins:/opt/ros/humble/opt/rviz_ogre_vendor/lib:/opt/ros/humble/lib/x86_64-linux-gnu:/opt/ros/humble/lib:/usr/local/cuda-12.9/lib64 /usr/bin/cmake --build /home/alr/Desktop/new_perception/new_eufs_ws/build/vision_opencv -- -j20 -l20[0m
[13.570s] [34mcolcon.colcon_core.event_handler.log_command[0m [1;30mDEBUG[0m [32mInvoking command in '/home/alr/Desktop/new_perception/new_eufs_ws/build/vision_opencv': CMAKE_PREFIX_PATH=/home/alr/Desktop/new_perception/new_eufs_ws/install/image_geometry:/home/alr/Desktop/new_perception/new_eufs_ws/install/cv_bridge:/home/alr/Desktop/new_perception/new_eufs_ws/install/vision_opencv:/home/alr/Desktop/new_perception/new_eufs_ws/install/perception_pkg:/home/alr/Desktop/new_perception/new_eufs_ws/install/my_state_estimator:/home/alr/Desktop/new_perception/new_eufs_ws/install/my_slam_pkg:/home/alr/Desktop/new_perception/new_eufs_ws/install/my_controller_pkg:/home/alr/Desktop/new_perception/new_eufs_ws/install/eufs_plugins:/home/alr/Desktop/new_perception/new_eufs_ws/install/eufs_sensors:/home/alr/Desktop/new_perception/new_eufs_ws/install/eufs_models:/home/alr/Desktop/new_perception/new_eufs_ws/install/eufs_msgs:/home/alr/Desktop/new_perception/new_eufs_ws/install/cone_msgs:/home/alr/Desktop/new_perception/new_eufs_ws/install/opencv_tests:/home/alr/Desktop/new_perception/new_eufs_ws/install/fsd_planner:/home/alr/Desktop/new_perception/new_eufs_ws/install/eufs_launcher:/home/alr/Desktop/new_perception/new_eufs_ws/install/eufs_tracks:/home/alr/Desktop/new_perception/new_eufs_ws/install/eufs_rqt:/home/alr/Desktop/new_perception/new_eufs_ws/install/eufs_racecar:/opt/ros/humble LD_LIBRARY_PATH=/home/alr/Desktop/new_perception/new_eufs_ws/install/image_geometry/lib:/home/alr/Desktop/new_perception/new_eufs_ws/install/cv_bridge/lib:/opt/opencv-4.12/lib:/home/alr/Desktop/new_perception/new_eufs_ws/install/eufs_plugins/lib:/home/alr/Desktop/new_perception/new_eufs_ws/install/eufs_models/lib:/home/alr/Desktop/new_perception/new_eufs_ws/install/eufs_msgs/lib:/home/alr/Desktop/new_perception/new_eufs_ws/install/cone_msgs/lib:/usr/lib/x86_64-linux-gnu/gazebo-11/plugins:/opt/ros/humble/opt/rviz_ogre_vendor/lib:/opt/ros/humble/lib/x86_64-linux-gnu:/opt/ros/humble/lib:/usr/local/cuda-12.9/lib64 /usr/bin/cmake --install /home/alr/Desktop/new_perception/new_eufs_ws/build/vision_opencv[0m
[13.790s] [34mcolcon.colcon_core.environment[0m [1;30mLevel 1[0m create_environment_scripts_only(vision_opencv)
[13.791s] [34mcolcon.colcon_core.environment[0m [1;30mLevel 1[0m checking '/home/alr/Desktop/new_perception/new_eufs_ws/install/vision_opencv' for CMake module files
[13.792s] [34mcolcon.colcon_core.event_handler.log_command[0m [1;30mDEBUG[0m [32mInvoked command in '/home/alr/Desktop/new_perception/new_eufs_ws/build/vision_opencv' returned '0': CMAKE_PREFIX_PATH=/home/alr/Desktop/new_perception/new_eufs_ws/install/image_geometry:/home/alr/Desktop/new_perception/new_eufs_ws/install/cv_bridge:/home/alr/Desktop/new_perception/new_eufs_ws/install/vision_opencv:/home/alr/Desktop/new_perception/new_eufs_ws/install/perception_pkg:/home/alr/Desktop/new_perception/new_eufs_ws/install/my_state_estimator:/home/alr/Desktop/new_perception/new_eufs_ws/install/my_slam_pkg:/home/alr/Desktop/new_perception/new_eufs_ws/install/my_controller_pkg:/home/alr/Desktop/new_perception/new_eufs_ws/install/eufs_plugins:/home/alr/Desktop/new_perception/new_eufs_ws/install/eufs_sensors:/home/alr/Desktop/new_perception/new_eufs_ws/install/eufs_models:/home/alr/Desktop/new_perception/new_eufs_ws/install/eufs_msgs:/home/alr/Desktop/new_perception/new_eufs_ws/install/cone_msgs:/home/alr/Desktop/new_perception/new_eufs_ws/install/opencv_tests:/home/alr/Desktop/new_perception/new_eufs_ws/install/fsd_planner:/home/alr/Desktop/new_perception/new_eufs_ws/install/eufs_launcher:/home/alr/Desktop/new_perception/new_eufs_ws/install/eufs_tracks:/home/alr/Desktop/new_perception/new_eufs_ws/install/eufs_rqt:/home/alr/Desktop/new_perception/new_eufs_ws/install/eufs_racecar:/opt/ros/humble LD_LIBRARY_PATH=/home/alr/Desktop/new_perception/new_eufs_ws/install/image_geometry/lib:/home/alr/Desktop/new_perception/new_eufs_ws/install/cv_bridge/lib:/opt/opencv-4.12/lib:/home/alr/Desktop/new_perception/new_eufs_ws/install/eufs_plugins/lib:/home/alr/Desktop/new_perception/new_eufs_ws/install/eufs_models/lib:/home/alr/Desktop/new_perception/new_eufs_ws/install/eufs_msgs/lib:/home/alr/Desktop/new_perception/new_eufs_ws/install/cone_msgs/lib:/usr/lib/x86_64-linux-gnu/gazebo-11/plugins:/opt/ros/humble/opt/rviz_ogre_vendor/lib:/opt/ros/humble/lib/x86_64-linux-gnu:/opt/ros/humble/lib:/usr/local/cuda-12.9/lib64 /usr/bin/cmake --install /home/alr/Desktop/new_perception/new_eufs_ws/build/vision_opencv[0m
[13.795s] [34mcolcon.colcon_core.environment[0m [1;30mLevel 1[0m checking '/home/alr/Desktop/new_perception/new_eufs_ws/install/vision_opencv' for CMake config files
[13.796s] [34mcolcon.colcon_core.shell[0m [1;30mLevel 1[0m create_environment_hook('vision_opencv', 'cmake_prefix_path')
[13.796s] [34mcolcon.colcon_core.shell[0m [1;30mINFO[0m Creating environment hook '/home/alr/Desktop/new_perception/new_eufs_ws/install/vision_opencv/share/vision_opencv/hook/cmake_prefix_path.ps1'
[13.800s] [34mcolcon.colcon_core.shell[0m [1;30mINFO[0m Creating environment descriptor '/home/alr/Desktop/new_perception/new_eufs_ws/install/vision_opencv/share/vision_opencv/hook/cmake_prefix_path.dsv'
[13.801s] [34mcolcon.colcon_core.shell[0m [1;30mINFO[0m Creating environment hook '/home/alr/Desktop/new_perception/new_eufs_ws/install/vision_opencv/share/vision_opencv/hook/cmake_prefix_path.sh'
[13.802s] [34mcolcon.colcon_core.environment[0m [1;30mLevel 1[0m checking '/home/alr/Desktop/new_perception/new_eufs_ws/install/vision_opencv/bin'
[13.802s] [34mcolcon.colcon_core.environment[0m [1;30mLevel 1[0m checking '/home/alr/Desktop/new_perception/new_eufs_ws/install/vision_opencv/lib/pkgconfig/vision_opencv.pc'
[13.802s] [34mcolcon.colcon_core.environment[0m [1;30mLevel 1[0m checking '/home/alr/Desktop/new_perception/new_eufs_ws/install/vision_opencv/lib/python3.10/site-packages'
[13.804s] [34mcolcon.colcon_core.environment[0m [1;30mLevel 1[0m checking '/home/alr/Desktop/new_perception/new_eufs_ws/install/vision_opencv/bin'
[13.808s] [34mcolcon.colcon_core.shell[0m [1;30mINFO[0m Creating package script '/home/alr/Desktop/new_perception/new_eufs_ws/install/vision_opencv/share/vision_opencv/package.ps1'
[13.809s] [34mcolcon.colcon_core.shell[0m [1;30mINFO[0m Creating package descriptor '/home/alr/Desktop/new_perception/new_eufs_ws/install/vision_opencv/share/vision_opencv/package.dsv'
[13.809s] [34mcolcon.colcon_core.shell[0m [1;30mINFO[0m Creating package script '/home/alr/Desktop/new_perception/new_eufs_ws/install/vision_opencv/share/vision_opencv/package.sh'
[13.810s] [34mcolcon.colcon_core.shell[0m [1;30mINFO[0m Creating package script '/home/alr/Desktop/new_perception/new_eufs_ws/install/vision_opencv/share/vision_opencv/package.bash'
[13.810s] [34mcolcon.colcon_core.shell[0m [1;30mINFO[0m Creating package script '/home/alr/Desktop/new_perception/new_eufs_ws/install/vision_opencv/share/vision_opencv/package.zsh'
[13.813s] [34mcolcon.colcon_core.environment[0m [1;30mLevel 1[0m create_file_with_runtime_dependencies(/home/alr/Desktop/new_perception/new_eufs_ws/install/vision_opencv/share/colcon-core/packages/vision_opencv)
[13.814s] [34mcolcon.colcon_core.environment[0m [1;30mLevel 1[0m create_environment_scripts_only(vision_opencv)
[13.814s] [34mcolcon.colcon_core.environment[0m [1;30mLevel 1[0m checking '/home/alr/Desktop/new_perception/new_eufs_ws/install/vision_opencv' for CMake module files
[13.817s] [34mcolcon.colcon_core.environment[0m [1;30mLevel 1[0m checking '/home/alr/Desktop/new_perception/new_eufs_ws/install/vision_opencv' for CMake config files
[13.817s] [34mcolcon.colcon_core.shell[0m [1;30mLevel 1[0m create_environment_hook('vision_opencv', 'cmake_prefix_path')
[13.818s] [34mcolcon.colcon_core.shell[0m [1;30mINFO[0m Creating environment hook '/home/alr/Desktop/new_perception/new_eufs_ws/install/vision_opencv/share/vision_opencv/hook/cmake_prefix_path.ps1'
[13.818s] [34mcolcon.colcon_core.shell[0m [1;30mINFO[0m Creating environment descriptor '/home/alr/Desktop/new_perception/new_eufs_ws/install/vision_opencv/share/vision_opencv/hook/cmake_prefix_path.dsv'
[13.823s] [34mcolcon.colcon_core.shell[0m [1;30mINFO[0m Creating environment hook '/home/alr/Desktop/new_perception/new_eufs_ws/install/vision_opencv/share/vision_opencv/hook/cmake_prefix_path.sh'
[13.824s] [34mcolcon.colcon_core.environment[0m [1;30mLevel 1[0m checking '/home/alr/Desktop/new_perception/new_eufs_ws/install/vision_opencv/bin'
[13.824s] [34mcolcon.colcon_core.environment[0m [1;30mLevel 1[0m checking '/home/alr/Desktop/new_perception/new_eufs_ws/install/vision_opencv/lib/pkgconfig/vision_opencv.pc'
[13.824s] [34mcolcon.colcon_core.environment[0m [1;30mLevel 1[0m checking '/home/alr/Desktop/new_perception/new_eufs_ws/install/vision_opencv/lib/python3.10/site-packages'
[13.825s] [34mcolcon.colcon_core.environment[0m [1;30mLevel 1[0m checking '/home/alr/Desktop/new_perception/new_eufs_ws/install/vision_opencv/bin'
[13.825s] [34mcolcon.colcon_core.shell[0m [1;30mINFO[0m Creating package script '/home/alr/Desktop/new_perception/new_eufs_ws/install/vision_opencv/share/vision_opencv/package.ps1'
[13.830s] [34mcolcon.colcon_core.shell[0m [1;30mINFO[0m Creating package descriptor '/home/alr/Desktop/new_perception/new_eufs_ws/install/vision_opencv/share/vision_opencv/package.dsv'
[13.830s] [34mcolcon.colcon_core.shell[0m [1;30mINFO[0m Creating package script '/home/alr/Desktop/new_perception/new_eufs_ws/install/vision_opencv/share/vision_opencv/package.sh'
[13.831s] [34mcolcon.colcon_core.shell[0m [1;30mINFO[0m Creating package script '/home/alr/Desktop/new_perception/new_eufs_ws/install/vision_opencv/share/vision_opencv/package.bash'
[13.831s] [34mcolcon.colcon_core.shell[0m [1;30mINFO[0m Creating package script '/home/alr/Desktop/new_perception/new_eufs_ws/install/vision_opencv/share/vision_opencv/package.zsh'
[13.832s] [34mcolcon.colcon_core.environment[0m [1;30mLevel 1[0m create_file_with_runtime_dependencies(/home/alr/Desktop/new_perception/new_eufs_ws/install/vision_opencv/share/colcon-core/packages/vision_opencv)
[20.372s] [34mcolcon.colcon_core.event_handler.log_command[0m [1;30mDEBUG[0m [32mInvoked command in '/home/alr/Desktop/new_perception/new_eufs_ws/build/eufs_msgs' returned '0': CMAKE_PREFIX_PATH=${CMAKE_PREFIX_PATH}:/home/alr/Desktop/new_perception/new_eufs_ws/install/opencv_tests:/home/alr/Desktop/new_perception/new_eufs_ws/install/fsd_planner:/home/alr/Desktop/new_perception/new_eufs_ws/install/eufs_launcher:/home/alr/Desktop/new_perception/new_eufs_ws/install/eufs_tracks:/home/alr/Desktop/new_perception/new_eufs_ws/install/eufs_rqt:/home/alr/Desktop/new_perception/new_eufs_ws/install/eufs_racecar:/opt/ros/humble /usr/bin/cmake --build /home/alr/Desktop/new_perception/new_eufs_ws/build/eufs_msgs -- -j20 -l20[0m
[20.373s] [34mcolcon.colcon_core.event_handler.log_command[0m [1;30mDEBUG[0m [32mInvoking command in '/home/alr/Desktop/new_perception/new_eufs_ws/build/eufs_msgs': CMAKE_PREFIX_PATH=${CMAKE_PREFIX_PATH}:/home/alr/Desktop/new_perception/new_eufs_ws/install/opencv_tests:/home/alr/Desktop/new_perception/new_eufs_ws/install/fsd_planner:/home/alr/Desktop/new_perception/new_eufs_ws/install/eufs_launcher:/home/alr/Desktop/new_perception/new_eufs_ws/install/eufs_tracks:/home/alr/Desktop/new_perception/new_eufs_ws/install/eufs_rqt:/home/alr/Desktop/new_perception/new_eufs_ws/install/eufs_racecar:/opt/ros/humble /usr/bin/cmake --install /home/alr/Desktop/new_perception/new_eufs_ws/build/eufs_msgs[0m
[30.366s] [34mcolcon.colcon_core.environment[0m [1;30mLevel 1[0m create_environment_scripts_only(eufs_msgs)
[30.366s] [34mcolcon.colcon_core.event_handler.log_command[0m [1;30mDEBUG[0m [32mInvoked command in '/home/alr/Desktop/new_perception/new_eufs_ws/build/eufs_msgs' returned '0': CMAKE_PREFIX_PATH=${CMAKE_PREFIX_PATH}:/home/alr/Desktop/new_perception/new_eufs_ws/install/opencv_tests:/home/alr/Desktop/new_perception/new_eufs_ws/install/fsd_planner:/home/alr/Desktop/new_perception/new_eufs_ws/install/eufs_launcher:/home/alr/Desktop/new_perception/new_eufs_ws/install/eufs_tracks:/home/alr/Desktop/new_perception/new_eufs_ws/install/eufs_rqt:/home/alr/Desktop/new_perception/new_eufs_ws/install/eufs_racecar:/opt/ros/humble /usr/bin/cmake --install /home/alr/Desktop/new_perception/new_eufs_ws/build/eufs_msgs[0m
[30.366s] [34mcolcon.colcon_core.environment[0m [1;30mLevel 1[0m checking '/home/alr/Desktop/new_perception/new_eufs_ws/install/eufs_msgs' for CMake module files
[30.367s] [34mcolcon.colcon_core.environment[0m [1;30mLevel 1[0m checking '/home/alr/Desktop/new_perception/new_eufs_ws/install/eufs_msgs' for CMake config files
[30.374s] [34mcolcon.colcon_core.shell[0m [1;30mLevel 1[0m create_environment_hook('eufs_msgs', 'cmake_prefix_path')
[30.374s] [34mcolcon.colcon_core.shell[0m [1;30mINFO[0m Creating environment hook '/home/alr/Desktop/new_perception/new_eufs_ws/install/eufs_msgs/share/eufs_msgs/hook/cmake_prefix_path.ps1'
[30.374s] [34mcolcon.colcon_core.shell[0m [1;30mINFO[0m Creating environment descriptor '/home/alr/Desktop/new_perception/new_eufs_ws/install/eufs_msgs/share/eufs_msgs/hook/cmake_prefix_path.dsv'
[30.375s] [34mcolcon.colcon_core.shell[0m [1;30mINFO[0m Creating environment hook '/home/alr/Desktop/new_perception/new_eufs_ws/install/eufs_msgs/share/eufs_msgs/hook/cmake_prefix_path.sh'
[30.375s] [34mcolcon.colcon_core.environment[0m [1;30mLevel 1[0m checking '/home/alr/Desktop/new_perception/new_eufs_ws/install/eufs_msgs/lib'
[30.375s] [34mcolcon.colcon_core.shell[0m [1;30mLevel 1[0m create_environment_hook('eufs_msgs', 'ld_library_path_lib')
[30.375s] [34mcolcon.colcon_core.shell[0m [1;30mINFO[0m Creating environment hook '/home/alr/Desktop/new_perception/new_eufs_ws/install/eufs_msgs/share/eufs_msgs/hook/ld_library_path_lib.ps1'
[30.375s] [34mcolcon.colcon_core.shell[0m [1;30mINFO[0m Creating environment descriptor '/home/alr/Desktop/new_perception/new_eufs_ws/install/eufs_msgs/share/eufs_msgs/hook/ld_library_path_lib.dsv'
[30.375s] [34mcolcon.colcon_core.shell[0m [1;30mINFO[0m Creating environment hook '/home/alr/Desktop/new_perception/new_eufs_ws/install/eufs_msgs/share/eufs_msgs/hook/ld_library_path_lib.sh'
[30.376s] [34mcolcon.colcon_core.environment[0m [1;30mLevel 1[0m checking '/home/alr/Desktop/new_perception/new_eufs_ws/install/eufs_msgs/bin'
[30.376s] [34mcolcon.colcon_core.environment[0m [1;30mLevel 1[0m checking '/home/alr/Desktop/new_perception/new_eufs_ws/install/eufs_msgs/lib/pkgconfig/eufs_msgs.pc'
[30.376s] [34mcolcon.colcon_core.environment[0m [1;30mLevel 1[0m checking '/home/alr/Desktop/new_perception/new_eufs_ws/install/eufs_msgs/lib/python3.10/site-packages'
[30.376s] [34mcolcon.colcon_core.environment[0m [1;30mLevel 1[0m checking '/home/alr/Desktop/new_perception/new_eufs_ws/install/eufs_msgs/bin'
[30.376s] [34mcolcon.colcon_core.shell[0m [1;30mINFO[0m Creating package script '/home/alr/Desktop/new_perception/new_eufs_ws/install/eufs_msgs/share/eufs_msgs/package.ps1'
[30.376s] [34mcolcon.colcon_core.shell[0m [1;30mINFO[0m Creating package descriptor '/home/alr/Desktop/new_perception/new_eufs_ws/install/eufs_msgs/share/eufs_msgs/package.dsv'
[30.377s] [34mcolcon.colcon_core.shell[0m [1;30mINFO[0m Creating package script '/home/alr/Desktop/new_perception/new_eufs_ws/install/eufs_msgs/share/eufs_msgs/package.sh'
[30.377s] [34mcolcon.colcon_core.shell[0m [1;30mINFO[0m Creating package script '/home/alr/Desktop/new_perception/new_eufs_ws/install/eufs_msgs/share/eufs_msgs/package.bash'
[30.377s] [34mcolcon.colcon_core.shell[0m [1;30mINFO[0m Creating package script '/home/alr/Desktop/new_perception/new_eufs_ws/install/eufs_msgs/share/eufs_msgs/package.zsh'
[30.377s] [34mcolcon.colcon_core.environment[0m [1;30mLevel 1[0m create_file_with_runtime_dependencies(/home/alr/Desktop/new_perception/new_eufs_ws/install/eufs_msgs/share/colcon-core/packages/eufs_msgs)
[30.377s] [34mcolcon.colcon_core.environment[0m [1;30mLevel 1[0m create_environment_scripts_only(eufs_msgs)
[30.377s] [34mcolcon.colcon_core.environment[0m [1;30mLevel 1[0m checking '/home/alr/Desktop/new_perception/new_eufs_ws/install/eufs_msgs' for CMake module files
[30.378s] [34mcolcon.colcon_core.environment[0m [1;30mLevel 1[0m checking '/home/alr/Desktop/new_perception/new_eufs_ws/install/eufs_msgs' for CMake config files
[30.381s] [34mcolcon.colcon_core.shell[0m [1;30mLevel 1[0m create_environment_hook('eufs_msgs', 'cmake_prefix_path')
[30.381s] [34mcolcon.colcon_core.shell[0m [1;30mINFO[0m Creating environment hook '/home/alr/Desktop/new_perception/new_eufs_ws/install/eufs_msgs/share/eufs_msgs/hook/cmake_prefix_path.ps1'
[30.381s] [34mcolcon.colcon_core.shell[0m [1;30mINFO[0m Creating environment descriptor '/home/alr/Desktop/new_perception/new_eufs_ws/install/eufs_msgs/share/eufs_msgs/hook/cmake_prefix_path.dsv'
[30.381s] [34mcolcon.colcon_core.shell[0m [1;30mINFO[0m Creating environment hook '/home/alr/Desktop/new_perception/new_eufs_ws/install/eufs_msgs/share/eufs_msgs/hook/cmake_prefix_path.sh'
[30.381s] [34mcolcon.colcon_core.environment[0m [1;30mLevel 1[0m checking '/home/alr/Desktop/new_perception/new_eufs_ws/install/eufs_msgs/lib'
[30.381s] [34mcolcon.colcon_core.shell[0m [1;30mLevel 1[0m create_environment_hook('eufs_msgs', 'ld_library_path_lib')
[30.381s] [34mcolcon.colcon_core.shell[0m [1;30mINFO[0m Creating environment hook '/home/alr/Desktop/new_perception/new_eufs_ws/install/eufs_msgs/share/eufs_msgs/hook/ld_library_path_lib.ps1'
[30.382s] [34mcolcon.colcon_core.shell[0m [1;30mINFO[0m Creating environment descriptor '/home/alr/Desktop/new_perception/new_eufs_ws/install/eufs_msgs/share/eufs_msgs/hook/ld_library_path_lib.dsv'
[30.382s] [34mcolcon.colcon_core.shell[0m [1;30mINFO[0m Creating environment hook '/home/alr/Desktop/new_perception/new_eufs_ws/install/eufs_msgs/share/eufs_msgs/hook/ld_library_path_lib.sh'
[30.382s] [34mcolcon.colcon_core.environment[0m [1;30mLevel 1[0m checking '/home/alr/Desktop/new_perception/new_eufs_ws/install/eufs_msgs/bin'
[30.382s] [34mcolcon.colcon_core.environment[0m [1;30mLevel 1[0m checking '/home/alr/Desktop/new_perception/new_eufs_ws/install/eufs_msgs/lib/pkgconfig/eufs_msgs.pc'
[30.382s] [34mcolcon.colcon_core.environment[0m [1;30mLevel 1[0m checking '/home/alr/Desktop/new_perception/new_eufs_ws/install/eufs_msgs/lib/python3.10/site-packages'
[30.382s] [34mcolcon.colcon_core.environment[0m [1;30mLevel 1[0m checking '/home/alr/Desktop/new_perception/new_eufs_ws/install/eufs_msgs/bin'
[30.382s] [34mcolcon.colcon_core.shell[0m [1;30mINFO[0m Creating package script '/home/alr/Desktop/new_perception/new_eufs_ws/install/eufs_msgs/share/eufs_msgs/package.ps1'
[30.383s] [34mcolcon.colcon_core.shell[0m [1;30mINFO[0m Creating package descriptor '/home/alr/Desktop/new_perception/new_eufs_ws/install/eufs_msgs/share/eufs_msgs/package.dsv'
[30.383s] [34mcolcon.colcon_core.shell[0m [1;30mINFO[0m Creating package script '/home/alr/Desktop/new_perception/new_eufs_ws/install/eufs_msgs/share/eufs_msgs/package.sh'
[30.383s] [34mcolcon.colcon_core.shell[0m [1;30mINFO[0m Creating package script '/home/alr/Desktop/new_perception/new_eufs_ws/install/eufs_msgs/share/eufs_msgs/package.bash'
[30.383s] [34mcolcon.colcon_core.shell[0m [1;30mINFO[0m Creating package script '/home/alr/Desktop/new_perception/new_eufs_ws/install/eufs_msgs/share/eufs_msgs/package.zsh'
[30.383s] [34mcolcon.colcon_core.environment[0m [1;30mLevel 1[0m create_file_with_runtime_dependencies(/home/alr/Desktop/new_perception/new_eufs_ws/install/eufs_msgs/share/colcon-core/packages/eufs_msgs)
[30.384s] [34mcolcon.colcon_ros.task.ament_cmake.build[0m [1;30mINFO[0m Building ROS package in '/home/alr/Desktop/new_perception/new_eufs_ws/src/eufs_sim/eufs_models' with build type 'ament_cmake'
[30.384s] [34mcolcon.colcon_cmake.task.cmake.build[0m [1;30mINFO[0m Building CMake package in '/home/alr/Desktop/new_perception/new_eufs_ws/src/eufs_sim/eufs_models'
[30.384s] [34mcolcon.colcon_core.shell[0m [1;30mINFO[0m Skip shell extension 'powershell' for command environment: Not usable outside of PowerShell
[30.384s] [34mcolcon.colcon_core.shell[0m [1;30mDEBUG[0m [32mSkip shell extension 'dsv' for command environment[0m
[30.386s] [34mcolcon.colcon_ros.task.ament_python.build[0m [1;30mINFO[0m Building ROS package in '/home/alr/Desktop/new_perception/new_eufs_ws/src/eufs_sim/eufs_rqt' with build type 'ament_python'
[30.386s] [34mcolcon.colcon_core.shell[0m [1;30mLevel 1[0m create_environment_hook('eufs_rqt', 'ament_prefix_path')
[30.387s] [34mcolcon.colcon_core.shell[0m [1;30mINFO[0m Creating environment hook '/home/alr/Desktop/new_perception/new_eufs_ws/install/eufs_rqt/share/eufs_rqt/hook/ament_prefix_path.ps1'
[30.387s] [34mcolcon.colcon_core.shell[0m [1;30mINFO[0m Creating environment descriptor '/home/alr/Desktop/new_perception/new_eufs_ws/install/eufs_rqt/share/eufs_rqt/hook/ament_prefix_path.dsv'
[30.387s] [34mcolcon.colcon_core.shell[0m [1;30mINFO[0m Creating environment hook '/home/alr/Desktop/new_perception/new_eufs_ws/install/eufs_rqt/share/eufs_rqt/hook/ament_prefix_path.sh'
[30.387s] [34mcolcon.colcon_core.shell[0m [1;30mINFO[0m Skip shell extension 'powershell' for command environment: Not usable outside of PowerShell
[30.387s] [34mcolcon.colcon_core.shell[0m [1;30mDEBUG[0m [32mSkip shell extension 'dsv' for command environment[0m
[30.389s] [34mcolcon.colcon_ros.task.ament_python.build[0m [1;30mINFO[0m Building ROS package in '/home/alr/Desktop/new_perception/new_eufs_ws/src/fsd_planner' with build type 'ament_python'
[30.389s] [34mcolcon.colcon_core.shell[0m [1;30mLevel 1[0m create_environment_hook('fsd_planner', 'ament_prefix_path')
[30.390s] [34mcolcon.colcon_core.shell[0m [1;30mINFO[0m Creating environment hook '/home/alr/Desktop/new_perception/new_eufs_ws/install/fsd_planner/share/fsd_planner/hook/ament_prefix_path.ps1'
[30.390s] [34mcolcon.colcon_core.shell[0m [1;30mINFO[0m Creating environment descriptor '/home/alr/Desktop/new_perception/new_eufs_ws/install/fsd_planner/share/fsd_planner/hook/ament_prefix_path.dsv'
[30.391s] [34mcolcon.colcon_core.shell[0m [1;30mINFO[0m Creating environment hook '/home/alr/Desktop/new_perception/new_eufs_ws/install/fsd_planner/share/fsd_planner/hook/ament_prefix_path.sh'
[30.391s] [34mcolcon.colcon_core.shell[0m [1;30mINFO[0m Skip shell extension 'powershell' for command environment: Not usable outside of PowerShell
[30.391s] [34mcolcon.colcon_core.shell[0m [1;30mDEBUG[0m [32mSkip shell extension 'dsv' for command environment[0m
[30.394s] [34mcolcon.colcon_ros.task.ament_cmake.build[0m [1;30mINFO[0m Building ROS package in '/home/alr/Desktop/new_perception/new_eufs_ws/src/my_controller_pkg' with build type 'ament_cmake'
[30.394s] [34mcolcon.colcon_cmake.task.cmake.build[0m [1;30mINFO[0m Building CMake package in '/home/alr/Desktop/new_perception/new_eufs_ws/src/my_controller_pkg'
[30.394s] [34mcolcon.colcon_core.shell[0m [1;30mINFO[0m Skip shell extension 'powershell' for command environment: Not usable outside of PowerShell
[30.394s] [34mcolcon.colcon_core.shell[0m [1;30mDEBUG[0m [32mSkip shell extension 'dsv' for command environment[0m
[30.398s] [34mcolcon.colcon_ros.task.ament_cmake.build[0m [1;30mINFO[0m Building ROS package in '/home/alr/Desktop/new_perception/new_eufs_ws/src/my_slam_pkg' with build type 'ament_cmake'
[30.398s] [34mcolcon.colcon_cmake.task.cmake.build[0m [1;30mINFO[0m Building CMake package in '/home/alr/Desktop/new_perception/new_eufs_ws/src/my_slam_pkg'
[30.398s] [34mcolcon.colcon_core.shell[0m [1;30mINFO[0m Skip shell extension 'powershell' for command environment: Not usable outside of PowerShell
[30.398s] [34mcolcon.colcon_core.shell[0m [1;30mDEBUG[0m [32mSkip shell extension 'dsv' for command environment[0m
[30.401s] [34mcolcon.colcon_ros.task.ament_cmake.build[0m [1;30mINFO[0m Building ROS package in '/home/alr/Desktop/new_perception/new_eufs_ws/src/my_state_estimator' with build type 'ament_cmake'
[30.401s] [34mcolcon.colcon_cmake.task.cmake.build[0m [1;30mINFO[0m Building CMake package in '/home/alr/Desktop/new_perception/new_eufs_ws/src/my_state_estimator'
[30.401s] [34mcolcon.colcon_core.shell[0m [1;30mINFO[0m Skip shell extension 'powershell' for command environment: Not usable outside of PowerShell
[30.401s] [34mcolcon.colcon_core.shell[0m [1;30mDEBUG[0m [32mSkip shell extension 'dsv' for command environment[0m
[30.404s] [34mcolcon.colcon_ros.task.ament_cmake.build[0m [1;30mINFO[0m Building ROS package in '/home/alr/Desktop/new_perception/new_eufs_ws/src/perception_pkg' with build type 'ament_cmake'
[30.405s] [34mcolcon.colcon_cmake.task.cmake.build[0m [1;30mINFO[0m Building CMake package in '/home/alr/Desktop/new_perception/new_eufs_ws/src/perception_pkg'
[30.405s] [34mcolcon.colcon_core.shell[0m [1;30mINFO[0m Skip shell extension 'powershell' for command environment: Not usable outside of PowerShell
[30.405s] [34mcolcon.colcon_core.shell[0m [1;30mDEBUG[0m [32mSkip shell extension 'dsv' for command environment[0m
[30.412s] [34mcolcon.colcon_core.event_handler.log_command[0m [1;30mDEBUG[0m [32mInvoking command in '/home/alr/Desktop/new_perception/new_eufs_ws/build/eufs_models': CMAKE_PREFIX_PATH=/home/alr/Desktop/new_perception/new_eufs_ws/install/eufs_msgs:/home/alr/Desktop/new_perception/new_eufs_ws/install/vision_opencv:/home/alr/Desktop/new_perception/new_eufs_ws/install/perception_pkg:/home/alr/Desktop/new_perception/new_eufs_ws/install/my_state_estimator:/home/alr/Desktop/new_perception/new_eufs_ws/install/my_slam_pkg:/home/alr/Desktop/new_perception/new_eufs_ws/install/my_controller_pkg:/home/alr/Desktop/new_perception/new_eufs_ws/install/eufs_plugins:/home/alr/Desktop/new_perception/new_eufs_ws/install/image_geometry:/home/alr/Desktop/new_perception/new_eufs_ws/install/eufs_sensors:/home/alr/Desktop/new_perception/new_eufs_ws/install/eufs_models:/home/alr/Desktop/new_perception/new_eufs_ws/install/cv_bridge:/home/alr/Desktop/new_perception/new_eufs_ws/install/cone_msgs:/home/alr/Desktop/new_perception/new_eufs_ws/install/opencv_tests:/home/alr/Desktop/new_perception/new_eufs_ws/install/fsd_planner:/home/alr/Desktop/new_perception/new_eufs_ws/install/eufs_launcher:/home/alr/Desktop/new_perception/new_eufs_ws/install/eufs_tracks:/home/alr/Desktop/new_perception/new_eufs_ws/install/eufs_rqt:/home/alr/Desktop/new_perception/new_eufs_ws/install/eufs_racecar:/opt/ros/humble LD_LIBRARY_PATH=/home/alr/Desktop/new_perception/new_eufs_ws/install/eufs_msgs/lib:/opt/opencv-4.12/lib:/home/alr/Desktop/new_perception/new_eufs_ws/install/eufs_plugins/lib:/home/alr/Desktop/new_perception/new_eufs_ws/install/image_geometry/lib:/home/alr/Desktop/new_perception/new_eufs_ws/install/eufs_models/lib:/home/alr/Desktop/new_perception/new_eufs_ws/install/cv_bridge/lib:/home/alr/Desktop/new_perception/new_eufs_ws/install/cone_msgs/lib:/usr/lib/x86_64-linux-gnu/gazebo-11/plugins:/opt/ros/humble/opt/rviz_ogre_vendor/lib:/opt/ros/humble/lib/x86_64-linux-gnu:/opt/ros/humble/lib:/usr/local/cuda-12.9/lib64 /usr/bin/cmake /home/alr/Desktop/new_perception/new_eufs_ws/src/eufs_sim/eufs_models -DAMENT_CMAKE_SYMLINK_INSTALL=1 -DCMAKE_INSTALL_PREFIX=/home/alr/Desktop/new_perception/new_eufs_ws/install/eufs_models[0m
[30.554s] [34mcolcon.colcon_core.task.python.build[0m [1;30mINFO[0m Building Python package in '/home/alr/Desktop/new_perception/new_eufs_ws/src/eufs_sim/eufs_rqt'
[30.554s] [34mcolcon.colcon_core.shell[0m [1;30mINFO[0m Skip shell extension 'powershell' for command environment: Not usable outside of PowerShell
[30.554s] [34mcolcon.colcon_core.shell[0m [1;30mDEBUG[0m [32mSkip shell extension 'dsv' for command environment[0m
[30.700s] [34mcolcon.colcon_core.task.python.build[0m [1;30mINFO[0m Building Python package in '/home/alr/Desktop/new_perception/new_eufs_ws/src/fsd_planner'
[30.701s] [34mcolcon.colcon_core.shell[0m [1;30mINFO[0m Skip shell extension 'powershell' for command environment: Not usable outside of PowerShell
[30.701s] [34mcolcon.colcon_core.shell[0m [1;30mDEBUG[0m [32mSkip shell extension 'dsv' for command environment[0m
[30.705s] [34mcolcon.colcon_core.event_handler.log_command[0m [1;30mDEBUG[0m [32mInvoking command in '/home/alr/Desktop/new_perception/new_eufs_ws/build/my_controller_pkg': CMAKE_PREFIX_PATH=/home/alr/Desktop/new_perception/new_eufs_ws/install/eufs_msgs:/home/alr/Desktop/new_perception/new_eufs_ws/install/vision_opencv:/home/alr/Desktop/new_perception/new_eufs_ws/install/perception_pkg:/home/alr/Desktop/new_perception/new_eufs_ws/install/my_state_estimator:/home/alr/Desktop/new_perception/new_eufs_ws/install/my_slam_pkg:/home/alr/Desktop/new_perception/new_eufs_ws/install/my_controller_pkg:/home/alr/Desktop/new_perception/new_eufs_ws/install/eufs_plugins:/home/alr/Desktop/new_perception/new_eufs_ws/install/image_geometry:/home/alr/Desktop/new_perception/new_eufs_ws/install/eufs_sensors:/home/alr/Desktop/new_perception/new_eufs_ws/install/eufs_models:/home/alr/Desktop/new_perception/new_eufs_ws/install/cv_bridge:/home/alr/Desktop/new_perception/new_eufs_ws/install/cone_msgs:/home/alr/Desktop/new_perception/new_eufs_ws/install/opencv_tests:/home/alr/Desktop/new_perception/new_eufs_ws/install/fsd_planner:/home/alr/Desktop/new_perception/new_eufs_ws/install/eufs_launcher:/home/alr/Desktop/new_perception/new_eufs_ws/install/eufs_tracks:/home/alr/Desktop/new_perception/new_eufs_ws/install/eufs_rqt:/home/alr/Desktop/new_perception/new_eufs_ws/install/eufs_racecar:/opt/ros/humble LD_LIBRARY_PATH=/home/alr/Desktop/new_perception/new_eufs_ws/install/eufs_msgs/lib:/opt/opencv-4.12/lib:/home/alr/Desktop/new_perception/new_eufs_ws/install/eufs_plugins/lib:/home/alr/Desktop/new_perception/new_eufs_ws/install/image_geometry/lib:/home/alr/Desktop/new_perception/new_eufs_ws/install/eufs_models/lib:/home/alr/Desktop/new_perception/new_eufs_ws/install/cv_bridge/lib:/home/alr/Desktop/new_perception/new_eufs_ws/install/cone_msgs/lib:/usr/lib/x86_64-linux-gnu/gazebo-11/plugins:/opt/ros/humble/opt/rviz_ogre_vendor/lib:/opt/ros/humble/lib/x86_64-linux-gnu:/opt/ros/humble/lib:/usr/local/cuda-12.9/lib64 /usr/bin/cmake /home/alr/Desktop/new_perception/new_eufs_ws/src/my_controller_pkg -DAMENT_CMAKE_SYMLINK_INSTALL=1 -DCMAKE_INSTALL_PREFIX=/home/alr/Desktop/new_perception/new_eufs_ws/install/my_controller_pkg[0m
[30.705s] [34mcolcon.colcon_core.event_handler.log_command[0m [1;30mDEBUG[0m [32mInvoking command in '/home/alr/Desktop/new_perception/new_eufs_ws/build/my_slam_pkg': CMAKE_PREFIX_PATH=/home/alr/Desktop/new_perception/new_eufs_ws/install/eufs_msgs:/home/alr/Desktop/new_perception/new_eufs_ws/install/vision_opencv:/home/alr/Desktop/new_perception/new_eufs_ws/install/perception_pkg:/home/alr/Desktop/new_perception/new_eufs_ws/install/my_state_estimator:/home/alr/Desktop/new_perception/new_eufs_ws/install/my_slam_pkg:/home/alr/Desktop/new_perception/new_eufs_ws/install/my_controller_pkg:/home/alr/Desktop/new_perception/new_eufs_ws/install/eufs_plugins:/home/alr/Desktop/new_perception/new_eufs_ws/install/image_geometry:/home/alr/Desktop/new_perception/new_eufs_ws/install/eufs_sensors:/home/alr/Desktop/new_perception/new_eufs_ws/install/eufs_models:/home/alr/Desktop/new_perception/new_eufs_ws/install/cv_bridge:/home/alr/Desktop/new_perception/new_eufs_ws/install/cone_msgs:/home/alr/Desktop/new_perception/new_eufs_ws/install/opencv_tests:/home/alr/Desktop/new_perception/new_eufs_ws/install/fsd_planner:/home/alr/Desktop/new_perception/new_eufs_ws/install/eufs_launcher:/home/alr/Desktop/new_perception/new_eufs_ws/install/eufs_tracks:/home/alr/Desktop/new_perception/new_eufs_ws/install/eufs_rqt:/home/alr/Desktop/new_perception/new_eufs_ws/install/eufs_racecar:/opt/ros/humble LD_LIBRARY_PATH=/home/alr/Desktop/new_perception/new_eufs_ws/install/eufs_msgs/lib:/opt/opencv-4.12/lib:/home/alr/Desktop/new_perception/new_eufs_ws/install/eufs_plugins/lib:/home/alr/Desktop/new_perception/new_eufs_ws/install/image_geometry/lib:/home/alr/Desktop/new_perception/new_eufs_ws/install/eufs_models/lib:/home/alr/Desktop/new_perception/new_eufs_ws/install/cv_bridge/lib:/home/alr/Desktop/new_perception/new_eufs_ws/install/cone_msgs/lib:/usr/lib/x86_64-linux-gnu/gazebo-11/plugins:/opt/ros/humble/opt/rviz_ogre_vendor/lib:/opt/ros/humble/lib/x86_64-linux-gnu:/opt/ros/humble/lib:/usr/local/cuda-12.9/lib64 /usr/bin/cmake /home/alr/Desktop/new_perception/new_eufs_ws/src/my_slam_pkg -DAMENT_CMAKE_SYMLINK_INSTALL=1 -DCMAKE_INSTALL_PREFIX=/home/alr/Desktop/new_perception/new_eufs_ws/install/my_slam_pkg[0m
[30.708s] [34mcolcon.colcon_core.event_handler.log_command[0m [1;30mDEBUG[0m [32mInvoking command in '/home/alr/Desktop/new_perception/new_eufs_ws/build/my_state_estimator': CMAKE_PREFIX_PATH=/home/alr/Desktop/new_perception/new_eufs_ws/install/eufs_msgs:/home/alr/Desktop/new_perception/new_eufs_ws/install/vision_opencv:/home/alr/Desktop/new_perception/new_eufs_ws/install/perception_pkg:/home/alr/Desktop/new_perception/new_eufs_ws/install/my_state_estimator:/home/alr/Desktop/new_perception/new_eufs_ws/install/my_slam_pkg:/home/alr/Desktop/new_perception/new_eufs_ws/install/my_controller_pkg:/home/alr/Desktop/new_perception/new_eufs_ws/install/eufs_plugins:/home/alr/Desktop/new_perception/new_eufs_ws/install/image_geometry:/home/alr/Desktop/new_perception/new_eufs_ws/install/eufs_sensors:/home/alr/Desktop/new_perception/new_eufs_ws/install/eufs_models:/home/alr/Desktop/new_perception/new_eufs_ws/install/cv_bridge:/home/alr/Desktop/new_perception/new_eufs_ws/install/cone_msgs:/home/alr/Desktop/new_perception/new_eufs_ws/install/opencv_tests:/home/alr/Desktop/new_perception/new_eufs_ws/install/fsd_planner:/home/alr/Desktop/new_perception/new_eufs_ws/install/eufs_launcher:/home/alr/Desktop/new_perception/new_eufs_ws/install/eufs_tracks:/home/alr/Desktop/new_perception/new_eufs_ws/install/eufs_rqt:/home/alr/Desktop/new_perception/new_eufs_ws/install/eufs_racecar:/opt/ros/humble LD_LIBRARY_PATH=/home/alr/Desktop/new_perception/new_eufs_ws/install/eufs_msgs/lib:/opt/opencv-4.12/lib:/home/alr/Desktop/new_perception/new_eufs_ws/install/eufs_plugins/lib:/home/alr/Desktop/new_perception/new_eufs_ws/install/image_geometry/lib:/home/alr/Desktop/new_perception/new_eufs_ws/install/eufs_models/lib:/home/alr/Desktop/new_perception/new_eufs_ws/install/cv_bridge/lib:/home/alr/Desktop/new_perception/new_eufs_ws/install/cone_msgs/lib:/usr/lib/x86_64-linux-gnu/gazebo-11/plugins:/opt/ros/humble/opt/rviz_ogre_vendor/lib:/opt/ros/humble/lib/x86_64-linux-gnu:/opt/ros/humble/lib:/usr/local/cuda-12.9/lib64 /usr/bin/cmake /home/alr/Desktop/new_perception/new_eufs_ws/src/my_state_estimator -DAMENT_CMAKE_SYMLINK_INSTALL=1 -DCMAKE_INSTALL_PREFIX=/home/alr/Desktop/new_perception/new_eufs_ws/install/my_state_estimator[0m
[30.712s] [34mcolcon.colcon_core.event_handler.log_command[0m [1;30mDEBUG[0m [32mInvoking command in '/home/alr/Desktop/new_perception/new_eufs_ws/build/perception_pkg': CMAKE_PREFIX_PATH=/home/alr/Desktop/new_perception/new_eufs_ws/install/eufs_msgs:/home/alr/Desktop/new_perception/new_eufs_ws/install/cv_bridge:/home/alr/Desktop/new_perception/new_eufs_ws/install/cone_msgs:/home/alr/Desktop/new_perception/new_eufs_ws/install/vision_opencv:/home/alr/Desktop/new_perception/new_eufs_ws/install/perception_pkg:/home/alr/Desktop/new_perception/new_eufs_ws/install/my_state_estimator:/home/alr/Desktop/new_perception/new_eufs_ws/install/my_slam_pkg:/home/alr/Desktop/new_perception/new_eufs_ws/install/my_controller_pkg:/home/alr/Desktop/new_perception/new_eufs_ws/install/eufs_plugins:/home/alr/Desktop/new_perception/new_eufs_ws/install/image_geometry:/home/alr/Desktop/new_perception/new_eufs_ws/install/eufs_sensors:/home/alr/Desktop/new_perception/new_eufs_ws/install/eufs_models:/home/alr/Desktop/new_perception/new_eufs_ws/install/opencv_tests:/home/alr/Desktop/new_perception/new_eufs_ws/install/fsd_planner:/home/alr/Desktop/new_perception/new_eufs_ws/install/eufs_launcher:/home/alr/Desktop/new_perception/new_eufs_ws/install/eufs_tracks:/home/alr/Desktop/new_perception/new_eufs_ws/install/eufs_rqt:/home/alr/Desktop/new_perception/new_eufs_ws/install/eufs_racecar:/opt/ros/humble LD_LIBRARY_PATH=/home/alr/Desktop/new_perception/new_eufs_ws/install/eufs_msgs/lib:/home/alr/Desktop/new_perception/new_eufs_ws/install/cv_bridge/lib:/home/alr/Desktop/new_perception/new_eufs_ws/install/cone_msgs/lib:/opt/opencv-4.12/lib:/home/alr/Desktop/new_perception/new_eufs_ws/install/eufs_plugins/lib:/home/alr/Desktop/new_perception/new_eufs_ws/install/image_geometry/lib:/home/alr/Desktop/new_perception/new_eufs_ws/install/eufs_models/lib:/usr/lib/x86_64-linux-gnu/gazebo-11/plugins:/opt/ros/humble/opt/rviz_ogre_vendor/lib:/opt/ros/humble/lib/x86_64-linux-gnu:/opt/ros/humble/lib:/usr/local/cuda-12.9/lib64 /usr/bin/cmake /home/alr/Desktop/new_perception/new_eufs_ws/src/perception_pkg -DAMENT_CMAKE_SYMLINK_INSTALL=1 -DCMAKE_INSTALL_PREFIX=/home/alr/Desktop/new_perception/new_eufs_ws/install/perception_pkg[0m
[30.975s] [34mcolcon.colcon_core.event_handler.log_command[0m [1;30mDEBUG[0m [32mInvoking command in '/home/alr/Desktop/new_perception/new_eufs_ws/build/fsd_planner': CMAKE_PREFIX_PATH=/home/alr/Desktop/new_perception/new_eufs_ws/install/eufs_msgs:/home/alr/Desktop/new_perception/new_eufs_ws/install/vision_opencv:/home/alr/Desktop/new_perception/new_eufs_ws/install/perception_pkg:/home/alr/Desktop/new_perception/new_eufs_ws/install/my_state_estimator:/home/alr/Desktop/new_perception/new_eufs_ws/install/my_slam_pkg:/home/alr/Desktop/new_perception/new_eufs_ws/install/my_controller_pkg:/home/alr/Desktop/new_perception/new_eufs_ws/install/eufs_plugins:/home/alr/Desktop/new_perception/new_eufs_ws/install/image_geometry:/home/alr/Desktop/new_perception/new_eufs_ws/install/eufs_sensors:/home/alr/Desktop/new_perception/new_eufs_ws/install/eufs_models:/home/alr/Desktop/new_perception/new_eufs_ws/install/cv_bridge:/home/alr/Desktop/new_perception/new_eufs_ws/install/cone_msgs LD_LIBRARY_PATH=/home/alr/Desktop/new_perception/new_eufs_ws/install/eufs_msgs/lib:/opt/opencv-4.12/lib:/home/alr/Desktop/new_perception/new_eufs_ws/install/eufs_plugins/lib:/home/alr/Desktop/new_perception/new_eufs_ws/install/image_geometry/lib:/home/alr/Desktop/new_perception/new_eufs_ws/install/eufs_models/lib:/home/alr/Desktop/new_perception/new_eufs_ws/install/cv_bridge/lib:/home/alr/Desktop/new_perception/new_eufs_ws/install/cone_msgs/lib:/usr/lib/x86_64-linux-gnu/gazebo-11/plugins:/opt/ros/humble/opt/rviz_ogre_vendor/lib:/opt/ros/humble/lib/x86_64-linux-gnu:/opt/ros/humble/lib:/usr/local/cuda-12.9/lib64 PYTHONPATH=/home/alr/Desktop/new_perception/new_eufs_ws/build/fsd_planner/prefix_override:/usr/lib/python3/dist-packages/colcon_core/task/python/colcon_distutils_commands:/home/alr/Desktop/new_perception/new_eufs_ws/install/fsd_planner/lib/python3.10/site-packages:${PYTHONPATH} /usr/bin/python3 -W ignore:setup.py install is deprecated -W ignore:easy_install command is deprecated setup.py develop --editable --build-directory /home/alr/Desktop/new_perception/new_eufs_ws/build/fsd_planner/build --no-deps symlink_data[0m
[30.977s] [34mcolcon.colcon_core.event_handler.log_command[0m [1;30mDEBUG[0m [32mInvoking command in '/home/alr/Desktop/new_perception/new_eufs_ws/build/eufs_rqt': CMAKE_PREFIX_PATH=/home/alr/Desktop/new_perception/new_eufs_ws/install/eufs_msgs:/home/alr/Desktop/new_perception/new_eufs_ws/install/vision_opencv:/home/alr/Desktop/new_perception/new_eufs_ws/install/perception_pkg:/home/alr/Desktop/new_perception/new_eufs_ws/install/my_state_estimator:/home/alr/Desktop/new_perception/new_eufs_ws/install/my_slam_pkg:/home/alr/Desktop/new_perception/new_eufs_ws/install/my_controller_pkg:/home/alr/Desktop/new_perception/new_eufs_ws/install/eufs_plugins:/home/alr/Desktop/new_perception/new_eufs_ws/install/image_geometry:/home/alr/Desktop/new_perception/new_eufs_ws/install/eufs_sensors:/home/alr/Desktop/new_perception/new_eufs_ws/install/eufs_models:/home/alr/Desktop/new_perception/new_eufs_ws/install/cv_bridge:/home/alr/Desktop/new_perception/new_eufs_ws/install/cone_msgs LD_LIBRARY_PATH=/home/alr/Desktop/new_perception/new_eufs_ws/install/eufs_msgs/lib:/opt/opencv-4.12/lib:/home/alr/Desktop/new_perception/new_eufs_ws/install/eufs_plugins/lib:/home/alr/Desktop/new_perception/new_eufs_ws/install/image_geometry/lib:/home/alr/Desktop/new_perception/new_eufs_ws/install/eufs_models/lib:/home/alr/Desktop/new_perception/new_eufs_ws/install/cv_bridge/lib:/home/alr/Desktop/new_perception/new_eufs_ws/install/cone_msgs/lib:/usr/lib/x86_64-linux-gnu/gazebo-11/plugins:/opt/ros/humble/opt/rviz_ogre_vendor/lib:/opt/ros/humble/lib/x86_64-linux-gnu:/opt/ros/humble/lib:/usr/local/cuda-12.9/lib64 PYTHONPATH=/home/alr/Desktop/new_perception/new_eufs_ws/build/eufs_rqt/prefix_override:/usr/lib/python3/dist-packages/colcon_core/task/python/colcon_distutils_commands:/home/alr/Desktop/new_perception/new_eufs_ws/install/eufs_rqt/lib/python3.10/site-packages:${PYTHONPATH} /usr/bin/python3 -W ignore:setup.py install is deprecated -W ignore:easy_install command is deprecated setup.py develop --editable --build-directory /home/alr/Desktop/new_perception/new_eufs_ws/build/eufs_rqt/build --no-deps symlink_data[0m
[31.320s] [34mcolcon.colcon_core.shell[0m [1;30mLevel 1[0m create_environment_hook('fsd_planner', 'pythonpath_develop')
[31.320s] [34mcolcon.colcon_core.shell[0m [1;30mINFO[0m Creating environment hook '/home/alr/Desktop/new_perception/new_eufs_ws/build/fsd_planner/share/fsd_planner/hook/pythonpath_develop.ps1'
[31.320s] [34mcolcon.colcon_core.event_handler.log_command[0m [1;30mDEBUG[0m [32mInvoked command in '/home/alr/Desktop/new_perception/new_eufs_ws/build/fsd_planner' returned '0': CMAKE_PREFIX_PATH=/home/alr/Desktop/new_perception/new_eufs_ws/install/eufs_msgs:/home/alr/Desktop/new_perception/new_eufs_ws/install/vision_opencv:/home/alr/Desktop/new_perception/new_eufs_ws/install/perception_pkg:/home/alr/Desktop/new_perception/new_eufs_ws/install/my_state_estimator:/home/alr/Desktop/new_perception/new_eufs_ws/install/my_slam_pkg:/home/alr/Desktop/new_perception/new_eufs_ws/install/my_controller_pkg:/home/alr/Desktop/new_perception/new_eufs_ws/install/eufs_plugins:/home/alr/Desktop/new_perception/new_eufs_ws/install/image_geometry:/home/alr/Desktop/new_perception/new_eufs_ws/install/eufs_sensors:/home/alr/Desktop/new_perception/new_eufs_ws/install/eufs_models:/home/alr/Desktop/new_perception/new_eufs_ws/install/cv_bridge:/home/alr/Desktop/new_perception/new_eufs_ws/install/cone_msgs LD_LIBRARY_PATH=/home/alr/Desktop/new_perception/new_eufs_ws/install/eufs_msgs/lib:/opt/opencv-4.12/lib:/home/alr/Desktop/new_perception/new_eufs_ws/install/eufs_plugins/lib:/home/alr/Desktop/new_perception/new_eufs_ws/install/image_geometry/lib:/home/alr/Desktop/new_perception/new_eufs_ws/install/eufs_models/lib:/home/alr/Desktop/new_perception/new_eufs_ws/install/cv_bridge/lib:/home/alr/Desktop/new_perception/new_eufs_ws/install/cone_msgs/lib:/usr/lib/x86_64-linux-gnu/gazebo-11/plugins:/opt/ros/humble/opt/rviz_ogre_vendor/lib:/opt/ros/humble/lib/x86_64-linux-gnu:/opt/ros/humble/lib:/usr/local/cuda-12.9/lib64 PYTHONPATH=/home/alr/Desktop/new_perception/new_eufs_ws/build/fsd_planner/prefix_override:/usr/lib/python3/dist-packages/colcon_core/task/python/colcon_distutils_commands:/home/alr/Desktop/new_perception/new_eufs_ws/install/fsd_planner/lib/python3.10/site-packages:${PYTHONPATH} /usr/bin/python3 -W ignore:setup.py install is deprecated -W ignore:easy_install command is deprecated setup.py develop --editable --build-directory /home/alr/Desktop/new_perception/new_eufs_ws/build/fsd_planner/build --no-deps symlink_data[0m
[31.321s] [34mcolcon.colcon_core.shell[0m [1;30mINFO[0m Creating environment descriptor '/home/alr/Desktop/new_perception/new_eufs_ws/build/fsd_planner/share/fsd_planner/hook/pythonpath_develop.dsv'
[31.321s] [34mcolcon.colcon_core.shell[0m [1;30mINFO[0m Creating environment hook '/home/alr/Desktop/new_perception/new_eufs_ws/build/fsd_planner/share/fsd_planner/hook/pythonpath_develop.sh'
[31.321s] [34mcolcon.colcon_core.environment[0m [1;30mLevel 1[0m checking '/home/alr/Desktop/new_perception/new_eufs_ws/install/fsd_planner' for CMake module files
[31.322s] [34mcolcon.colcon_core.environment[0m [1;30mLevel 1[0m checking '/home/alr/Desktop/new_perception/new_eufs_ws/install/fsd_planner' for CMake config files
[31.322s] [34mcolcon.colcon_core.environment[0m [1;30mLevel 1[0m checking '/home/alr/Desktop/new_perception/new_eufs_ws/install/fsd_planner/lib'
[31.322s] [34mcolcon.colcon_core.environment[0m [1;30mLevel 1[0m checking '/home/alr/Desktop/new_perception/new_eufs_ws/install/fsd_planner/bin'
[31.322s] [34mcolcon.colcon_core.environment[0m [1;30mLevel 1[0m checking '/home/alr/Desktop/new_perception/new_eufs_ws/install/fsd_planner/lib/pkgconfig/fsd_planner.pc'
[31.322s] [34mcolcon.colcon_core.environment[0m [1;30mLevel 1[0m checking '/home/alr/Desktop/new_perception/new_eufs_ws/install/fsd_planner/lib/python3.10/site-packages'
[31.322s] [34mcolcon.colcon_core.shell[0m [1;30mLevel 1[0m create_environment_hook('fsd_planner', 'pythonpath')
[31.322s] [34mcolcon.colcon_core.shell[0m [1;30mINFO[0m Creating environment hook '/home/alr/Desktop/new_perception/new_eufs_ws/install/fsd_planner/share/fsd_planner/hook/pythonpath.ps1'
[31.322s] [34mcolcon.colcon_core.shell[0m [1;30mINFO[0m Creating environment descriptor '/home/alr/Desktop/new_perception/new_eufs_ws/install/fsd_planner/share/fsd_planner/hook/pythonpath.dsv'
[31.323s] [34mcolcon.colcon_core.shell[0m [1;30mINFO[0m Creating environment hook '/home/alr/Desktop/new_perception/new_eufs_ws/install/fsd_planner/share/fsd_planner/hook/pythonpath.sh'
[31.323s] [34mcolcon.colcon_core.environment[0m [1;30mLevel 1[0m checking '/home/alr/Desktop/new_perception/new_eufs_ws/install/fsd_planner/bin'
[31.323s] [34mcolcon.colcon_core.environment[0m [1;30mLevel 1[0m create_environment_scripts_only(fsd_planner)
[31.323s] [34mcolcon.colcon_core.shell[0m [1;30mINFO[0m Creating package script '/home/alr/Desktop/new_perception/new_eufs_ws/install/fsd_planner/share/fsd_planner/package.ps1'
[31.324s] [34mcolcon.colcon_core.shell[0m [1;30mINFO[0m Creating package descriptor '/home/alr/Desktop/new_perception/new_eufs_ws/install/fsd_planner/share/fsd_planner/package.dsv'
[31.324s] [34mcolcon.colcon_core.shell[0m [1;30mINFO[0m Creating package script '/home/alr/Desktop/new_perception/new_eufs_ws/install/fsd_planner/share/fsd_planner/package.sh'
[31.324s] [34mcolcon.colcon_core.shell[0m [1;30mINFO[0m Creating package script '/home/alr/Desktop/new_perception/new_eufs_ws/install/fsd_planner/share/fsd_planner/package.bash'
[31.324s] [34mcolcon.colcon_core.shell[0m [1;30mINFO[0m Creating package script '/home/alr/Desktop/new_perception/new_eufs_ws/install/fsd_planner/share/fsd_planner/package.zsh'
[31.324s] [34mcolcon.colcon_core.environment[0m [1;30mLevel 1[0m create_file_with_runtime_dependencies(/home/alr/Desktop/new_perception/new_eufs_ws/install/fsd_planner/share/colcon-core/packages/fsd_planner)
[31.325s] [34mcolcon.colcon_core.shell[0m [1;30mLevel 1[0m create_environment_hook('eufs_rqt', 'pythonpath_develop')
[31.326s] [34mcolcon.colcon_core.shell[0m [1;30mINFO[0m Creating environment hook '/home/alr/Desktop/new_perception/new_eufs_ws/build/eufs_rqt/src/share/eufs_rqt/hook/pythonpath_develop.ps1'
[31.326s] [34mcolcon.colcon_core.event_handler.log_command[0m [1;30mDEBUG[0m [32mInvoked command in '/home/alr/Desktop/new_perception/new_eufs_ws/build/eufs_rqt' returned '0': CMAKE_PREFIX_PATH=/home/alr/Desktop/new_perception/new_eufs_ws/install/eufs_msgs:/home/alr/Desktop/new_perception/new_eufs_ws/install/vision_opencv:/home/alr/Desktop/new_perception/new_eufs_ws/install/perception_pkg:/home/alr/Desktop/new_perception/new_eufs_ws/install/my_state_estimator:/home/alr/Desktop/new_perception/new_eufs_ws/install/my_slam_pkg:/home/alr/Desktop/new_perception/new_eufs_ws/install/my_controller_pkg:/home/alr/Desktop/new_perception/new_eufs_ws/install/eufs_plugins:/home/alr/Desktop/new_perception/new_eufs_ws/install/image_geometry:/home/alr/Desktop/new_perception/new_eufs_ws/install/eufs_sensors:/home/alr/Desktop/new_perception/new_eufs_ws/install/eufs_models:/home/alr/Desktop/new_perception/new_eufs_ws/install/cv_bridge:/home/alr/Desktop/new_perception/new_eufs_ws/install/cone_msgs LD_LIBRARY_PATH=/home/alr/Desktop/new_perception/new_eufs_ws/install/eufs_msgs/lib:/opt/opencv-4.12/lib:/home/alr/Desktop/new_perception/new_eufs_ws/install/eufs_plugins/lib:/home/alr/Desktop/new_perception/new_eufs_ws/install/image_geometry/lib:/home/alr/Desktop/new_perception/new_eufs_ws/install/eufs_models/lib:/home/alr/Desktop/new_perception/new_eufs_ws/install/cv_bridge/lib:/home/alr/Desktop/new_perception/new_eufs_ws/install/cone_msgs/lib:/usr/lib/x86_64-linux-gnu/gazebo-11/plugins:/opt/ros/humble/opt/rviz_ogre_vendor/lib:/opt/ros/humble/lib/x86_64-linux-gnu:/opt/ros/humble/lib:/usr/local/cuda-12.9/lib64 PYTHONPATH=/home/alr/Desktop/new_perception/new_eufs_ws/build/eufs_rqt/prefix_override:/usr/lib/python3/dist-packages/colcon_core/task/python/colcon_distutils_commands:/home/alr/Desktop/new_perception/new_eufs_ws/install/eufs_rqt/lib/python3.10/site-packages:${PYTHONPATH} /usr/bin/python3 -W ignore:setup.py install is deprecated -W ignore:easy_install command is deprecated setup.py develop --editable --build-directory /home/alr/Desktop/new_perception/new_eufs_ws/build/eufs_rqt/build --no-deps symlink_data[0m
[31.327s] [34mcolcon.colcon_core.shell[0m [1;30mINFO[0m Creating environment descriptor '/home/alr/Desktop/new_perception/new_eufs_ws/build/eufs_rqt/src/share/eufs_rqt/hook/pythonpath_develop.dsv'
[31.327s] [34mcolcon.colcon_core.shell[0m [1;30mINFO[0m Creating environment hook '/home/alr/Desktop/new_perception/new_eufs_ws/build/eufs_rqt/src/share/eufs_rqt/hook/pythonpath_develop.sh'
[31.327s] [34mcolcon.colcon_core.environment[0m [1;30mLevel 1[0m checking '/home/alr/Desktop/new_perception/new_eufs_ws/install/eufs_rqt' for CMake module files
[31.328s] [34mcolcon.colcon_core.environment[0m [1;30mLevel 1[0m checking '/home/alr/Desktop/new_perception/new_eufs_ws/install/eufs_rqt' for CMake config files
[31.328s] [34mcolcon.colcon_core.environment[0m [1;30mLevel 1[0m checking '/home/alr/Desktop/new_perception/new_eufs_ws/install/eufs_rqt/lib'
[31.328s] [34mcolcon.colcon_core.environment[0m [1;30mLevel 1[0m checking '/home/alr/Desktop/new_perception/new_eufs_ws/install/eufs_rqt/bin'
[31.328s] [34mcolcon.colcon_core.environment[0m [1;30mLevel 1[0m checking '/home/alr/Desktop/new_perception/new_eufs_ws/install/eufs_rqt/lib/pkgconfig/eufs_rqt.pc'
[31.329s] [34mcolcon.colcon_core.environment[0m [1;30mLevel 1[0m checking '/home/alr/Desktop/new_perception/new_eufs_ws/install/eufs_rqt/lib/python3.10/site-packages'
[31.329s] [34mcolcon.colcon_core.shell[0m [1;30mLevel 1[0m create_environment_hook('eufs_rqt', 'pythonpath')
[31.329s] [34mcolcon.colcon_core.shell[0m [1;30mINFO[0m Creating environment hook '/home/alr/Desktop/new_perception/new_eufs_ws/install/eufs_rqt/share/eufs_rqt/hook/pythonpath.ps1'
[31.329s] [34mcolcon.colcon_core.shell[0m [1;30mINFO[0m Creating environment descriptor '/home/alr/Desktop/new_perception/new_eufs_ws/install/eufs_rqt/share/eufs_rqt/hook/pythonpath.dsv'
[31.330s] [34mcolcon.colcon_core.shell[0m [1;30mINFO[0m Creating environment hook '/home/alr/Desktop/new_perception/new_eufs_ws/install/eufs_rqt/share/eufs_rqt/hook/pythonpath.sh'
[31.330s] [34mcolcon.colcon_core.environment[0m [1;30mLevel 1[0m checking '/home/alr/Desktop/new_perception/new_eufs_ws/install/eufs_rqt/bin'
[31.330s] [34mcolcon.colcon_core.environment[0m [1;30mLevel 1[0m create_environment_scripts_only(eufs_rqt)
[31.331s] [34mcolcon.colcon_core.shell[0m [1;30mINFO[0m Creating package script '/home/alr/Desktop/new_perception/new_eufs_ws/install/eufs_rqt/share/eufs_rqt/package.ps1'
[31.331s] [34mcolcon.colcon_core.shell[0m [1;30mINFO[0m Creating package descriptor '/home/alr/Desktop/new_perception/new_eufs_ws/install/eufs_rqt/share/eufs_rqt/package.dsv'
[31.332s] [34mcolcon.colcon_core.shell[0m [1;30mINFO[0m Creating package script '/home/alr/Desktop/new_perception/new_eufs_ws/install/eufs_rqt/share/eufs_rqt/package.sh'
[31.332s] [34mcolcon.colcon_core.shell[0m [1;30mINFO[0m Creating package script '/home/alr/Desktop/new_perception/new_eufs_ws/install/eufs_rqt/share/eufs_rqt/package.bash'
[31.333s] [34mcolcon.colcon_core.shell[0m [1;30mINFO[0m Creating package script '/home/alr/Desktop/new_perception/new_eufs_ws/install/eufs_rqt/share/eufs_rqt/package.zsh'
[31.333s] [34mcolcon.colcon_core.environment[0m [1;30mLevel 1[0m create_file_with_runtime_dependencies(/home/alr/Desktop/new_perception/new_eufs_ws/install/eufs_rqt/share/colcon-core/packages/eufs_rqt)
[31.432s] [34mcolcon.colcon_core.event_handler.log_command[0m [1;30mDEBUG[0m [32mInvoked command in '/home/alr/Desktop/new_perception/new_eufs_ws/build/eufs_models' returned '0': CMAKE_PREFIX_PATH=/home/alr/Desktop/new_perception/new_eufs_ws/install/eufs_msgs:/home/alr/Desktop/new_perception/new_eufs_ws/install/vision_opencv:/home/alr/Desktop/new_perception/new_eufs_ws/install/perception_pkg:/home/alr/Desktop/new_perception/new_eufs_ws/install/my_state_estimator:/home/alr/Desktop/new_perception/new_eufs_ws/install/my_slam_pkg:/home/alr/Desktop/new_perception/new_eufs_ws/install/my_controller_pkg:/home/alr/Desktop/new_perception/new_eufs_ws/install/eufs_plugins:/home/alr/Desktop/new_perception/new_eufs_ws/install/image_geometry:/home/alr/Desktop/new_perception/new_eufs_ws/install/eufs_sensors:/home/alr/Desktop/new_perception/new_eufs_ws/install/eufs_models:/home/alr/Desktop/new_perception/new_eufs_ws/install/cv_bridge:/home/alr/Desktop/new_perception/new_eufs_ws/install/cone_msgs:/home/alr/Desktop/new_perception/new_eufs_ws/install/opencv_tests:/home/alr/Desktop/new_perception/new_eufs_ws/install/fsd_planner:/home/alr/Desktop/new_perception/new_eufs_ws/install/eufs_launcher:/home/alr/Desktop/new_perception/new_eufs_ws/install/eufs_tracks:/home/alr/Desktop/new_perception/new_eufs_ws/install/eufs_rqt:/home/alr/Desktop/new_perception/new_eufs_ws/install/eufs_racecar:/opt/ros/humble LD_LIBRARY_PATH=/home/alr/Desktop/new_perception/new_eufs_ws/install/eufs_msgs/lib:/opt/opencv-4.12/lib:/home/alr/Desktop/new_perception/new_eufs_ws/install/eufs_plugins/lib:/home/alr/Desktop/new_perception/new_eufs_ws/install/image_geometry/lib:/home/alr/Desktop/new_perception/new_eufs_ws/install/eufs_models/lib:/home/alr/Desktop/new_perception/new_eufs_ws/install/cv_bridge/lib:/home/alr/Desktop/new_perception/new_eufs_ws/install/cone_msgs/lib:/usr/lib/x86_64-linux-gnu/gazebo-11/plugins:/opt/ros/humble/opt/rviz_ogre_vendor/lib:/opt/ros/humble/lib/x86_64-linux-gnu:/opt/ros/humble/lib:/usr/local/cuda-12.9/lib64 /usr/bin/cmake /home/alr/Desktop/new_perception/new_eufs_ws/src/eufs_sim/eufs_models -DAMENT_CMAKE_SYMLINK_INSTALL=1 -DCMAKE_INSTALL_PREFIX=/home/alr/Desktop/new_perception/new_eufs_ws/install/eufs_models[0m
[31.433s] [34mcolcon.colcon_core.event_handler.log_command[0m [1;30mDEBUG[0m [32mInvoking command in '/home/alr/Desktop/new_perception/new_eufs_ws/build/eufs_models': CMAKE_PREFIX_PATH=/home/alr/Desktop/new_perception/new_eufs_ws/install/eufs_msgs:/home/alr/Desktop/new_perception/new_eufs_ws/install/vision_opencv:/home/alr/Desktop/new_perception/new_eufs_ws/install/perception_pkg:/home/alr/Desktop/new_perception/new_eufs_ws/install/my_state_estimator:/home/alr/Desktop/new_perception/new_eufs_ws/install/my_slam_pkg:/home/alr/Desktop/new_perception/new_eufs_ws/install/my_controller_pkg:/home/alr/Desktop/new_perception/new_eufs_ws/install/eufs_plugins:/home/alr/Desktop/new_perception/new_eufs_ws/install/image_geometry:/home/alr/Desktop/new_perception/new_eufs_ws/install/eufs_sensors:/home/alr/Desktop/new_perception/new_eufs_ws/install/eufs_models:/home/alr/Desktop/new_perception/new_eufs_ws/install/cv_bridge:/home/alr/Desktop/new_perception/new_eufs_ws/install/cone_msgs:/home/alr/Desktop/new_perception/new_eufs_ws/install/opencv_tests:/home/alr/Desktop/new_perception/new_eufs_ws/install/fsd_planner:/home/alr/Desktop/new_perception/new_eufs_ws/install/eufs_launcher:/home/alr/Desktop/new_perception/new_eufs_ws/install/eufs_tracks:/home/alr/Desktop/new_perception/new_eufs_ws/install/eufs_rqt:/home/alr/Desktop/new_perception/new_eufs_ws/install/eufs_racecar:/opt/ros/humble LD_LIBRARY_PATH=/home/alr/Desktop/new_perception/new_eufs_ws/install/eufs_msgs/lib:/opt/opencv-4.12/lib:/home/alr/Desktop/new_perception/new_eufs_ws/install/eufs_plugins/lib:/home/alr/Desktop/new_perception/new_eufs_ws/install/image_geometry/lib:/home/alr/Desktop/new_perception/new_eufs_ws/install/eufs_models/lib:/home/alr/Desktop/new_perception/new_eufs_ws/install/cv_bridge/lib:/home/alr/Desktop/new_perception/new_eufs_ws/install/cone_msgs/lib:/usr/lib/x86_64-linux-gnu/gazebo-11/plugins:/opt/ros/humble/opt/rviz_ogre_vendor/lib:/opt/ros/humble/lib/x86_64-linux-gnu:/opt/ros/humble/lib:/usr/local/cuda-12.9/lib64 /usr/bin/cmake --build /home/alr/Desktop/new_perception/new_eufs_ws/build/eufs_models -- -j20 -l20[0m
[32.008s] [34mcolcon.colcon_core.event_handler.log_command[0m [1;30mDEBUG[0m [32mInvoked command in '/home/alr/Desktop/new_perception/new_eufs_ws/build/my_state_estimator' returned '0': CMAKE_PREFIX_PATH=/home/alr/Desktop/new_perception/new_eufs_ws/install/eufs_msgs:/home/alr/Desktop/new_perception/new_eufs_ws/install/vision_opencv:/home/alr/Desktop/new_perception/new_eufs_ws/install/perception_pkg:/home/alr/Desktop/new_perception/new_eufs_ws/install/my_state_estimator:/home/alr/Desktop/new_perception/new_eufs_ws/install/my_slam_pkg:/home/alr/Desktop/new_perception/new_eufs_ws/install/my_controller_pkg:/home/alr/Desktop/new_perception/new_eufs_ws/install/eufs_plugins:/home/alr/Desktop/new_perception/new_eufs_ws/install/image_geometry:/home/alr/Desktop/new_perception/new_eufs_ws/install/eufs_sensors:/home/alr/Desktop/new_perception/new_eufs_ws/install/eufs_models:/home/alr/Desktop/new_perception/new_eufs_ws/install/cv_bridge:/home/alr/Desktop/new_perception/new_eufs_ws/install/cone_msgs:/home/alr/Desktop/new_perception/new_eufs_ws/install/opencv_tests:/home/alr/Desktop/new_perception/new_eufs_ws/install/fsd_planner:/home/alr/Desktop/new_perception/new_eufs_ws/install/eufs_launcher:/home/alr/Desktop/new_perception/new_eufs_ws/install/eufs_tracks:/home/alr/Desktop/new_perception/new_eufs_ws/install/eufs_rqt:/home/alr/Desktop/new_perception/new_eufs_ws/install/eufs_racecar:/opt/ros/humble LD_LIBRARY_PATH=/home/alr/Desktop/new_perception/new_eufs_ws/install/eufs_msgs/lib:/opt/opencv-4.12/lib:/home/alr/Desktop/new_perception/new_eufs_ws/install/eufs_plugins/lib:/home/alr/Desktop/new_perception/new_eufs_ws/install/image_geometry/lib:/home/alr/Desktop/new_perception/new_eufs_ws/install/eufs_models/lib:/home/alr/Desktop/new_perception/new_eufs_ws/install/cv_bridge/lib:/home/alr/Desktop/new_perception/new_eufs_ws/install/cone_msgs/lib:/usr/lib/x86_64-linux-gnu/gazebo-11/plugins:/opt/ros/humble/opt/rviz_ogre_vendor/lib:/opt/ros/humble/lib/x86_64-linux-gnu:/opt/ros/humble/lib:/usr/local/cuda-12.9/lib64 /usr/bin/cmake /home/alr/Desktop/new_perception/new_eufs_ws/src/my_state_estimator -DAMENT_CMAKE_SYMLINK_INSTALL=1 -DCMAKE_INSTALL_PREFIX=/home/alr/Desktop/new_perception/new_eufs_ws/install/my_state_estimator[0m
[32.009s] [34mcolcon.colcon_core.event_handler.log_command[0m [1;30mDEBUG[0m [32mInvoking command in '/home/alr/Desktop/new_perception/new_eufs_ws/build/my_state_estimator': CMAKE_PREFIX_PATH=/home/alr/Desktop/new_perception/new_eufs_ws/install/eufs_msgs:/home/alr/Desktop/new_perception/new_eufs_ws/install/vision_opencv:/home/alr/Desktop/new_perception/new_eufs_ws/install/perception_pkg:/home/alr/Desktop/new_perception/new_eufs_ws/install/my_state_estimator:/home/alr/Desktop/new_perception/new_eufs_ws/install/my_slam_pkg:/home/alr/Desktop/new_perception/new_eufs_ws/install/my_controller_pkg:/home/alr/Desktop/new_perception/new_eufs_ws/install/eufs_plugins:/home/alr/Desktop/new_perception/new_eufs_ws/install/image_geometry:/home/alr/Desktop/new_perception/new_eufs_ws/install/eufs_sensors:/home/alr/Desktop/new_perception/new_eufs_ws/install/eufs_models:/home/alr/Desktop/new_perception/new_eufs_ws/install/cv_bridge:/home/alr/Desktop/new_perception/new_eufs_ws/install/cone_msgs:/home/alr/Desktop/new_perception/new_eufs_ws/install/opencv_tests:/home/alr/Desktop/new_perception/new_eufs_ws/install/fsd_planner:/home/alr/Desktop/new_perception/new_eufs_ws/install/eufs_launcher:/home/alr/Desktop/new_perception/new_eufs_ws/install/eufs_tracks:/home/alr/Desktop/new_perception/new_eufs_ws/install/eufs_rqt:/home/alr/Desktop/new_perception/new_eufs_ws/install/eufs_racecar:/opt/ros/humble LD_LIBRARY_PATH=/home/alr/Desktop/new_perception/new_eufs_ws/install/eufs_msgs/lib:/opt/opencv-4.12/lib:/home/alr/Desktop/new_perception/new_eufs_ws/install/eufs_plugins/lib:/home/alr/Desktop/new_perception/new_eufs_ws/install/image_geometry/lib:/home/alr/Desktop/new_perception/new_eufs_ws/install/eufs_models/lib:/home/alr/Desktop/new_perception/new_eufs_ws/install/cv_bridge/lib:/home/alr/Desktop/new_perception/new_eufs_ws/install/cone_msgs/lib:/usr/lib/x86_64-linux-gnu/gazebo-11/plugins:/opt/ros/humble/opt/rviz_ogre_vendor/lib:/opt/ros/humble/lib/x86_64-linux-gnu:/opt/ros/humble/lib:/usr/local/cuda-12.9/lib64 /usr/bin/cmake --build /home/alr/Desktop/new_perception/new_eufs_ws/build/my_state_estimator -- -j20 -l20[0m
[32.015s] [34mcolcon.colcon_core.event_handler.log_command[0m [1;30mDEBUG[0m [32mInvoked command in '/home/alr/Desktop/new_perception/new_eufs_ws/build/perception_pkg' returned '0': CMAKE_PREFIX_PATH=/home/alr/Desktop/new_perception/new_eufs_ws/install/eufs_msgs:/home/alr/Desktop/new_perception/new_eufs_ws/install/cv_bridge:/home/alr/Desktop/new_perception/new_eufs_ws/install/cone_msgs:/home/alr/Desktop/new_perception/new_eufs_ws/install/vision_opencv:/home/alr/Desktop/new_perception/new_eufs_ws/install/perception_pkg:/home/alr/Desktop/new_perception/new_eufs_ws/install/my_state_estimator:/home/alr/Desktop/new_perception/new_eufs_ws/install/my_slam_pkg:/home/alr/Desktop/new_perception/new_eufs_ws/install/my_controller_pkg:/home/alr/Desktop/new_perception/new_eufs_ws/install/eufs_plugins:/home/alr/Desktop/new_perception/new_eufs_ws/install/image_geometry:/home/alr/Desktop/new_perception/new_eufs_ws/install/eufs_sensors:/home/alr/Desktop/new_perception/new_eufs_ws/install/eufs_models:/home/alr/Desktop/new_perception/new_eufs_ws/install/opencv_tests:/home/alr/Desktop/new_perception/new_eufs_ws/install/fsd_planner:/home/alr/Desktop/new_perception/new_eufs_ws/install/eufs_launcher:/home/alr/Desktop/new_perception/new_eufs_ws/install/eufs_tracks:/home/alr/Desktop/new_perception/new_eufs_ws/install/eufs_rqt:/home/alr/Desktop/new_perception/new_eufs_ws/install/eufs_racecar:/opt/ros/humble LD_LIBRARY_PATH=/home/alr/Desktop/new_perception/new_eufs_ws/install/eufs_msgs/lib:/home/alr/Desktop/new_perception/new_eufs_ws/install/cv_bridge/lib:/home/alr/Desktop/new_perception/new_eufs_ws/install/cone_msgs/lib:/opt/opencv-4.12/lib:/home/alr/Desktop/new_perception/new_eufs_ws/install/eufs_plugins/lib:/home/alr/Desktop/new_perception/new_eufs_ws/install/image_geometry/lib:/home/alr/Desktop/new_perception/new_eufs_ws/install/eufs_models/lib:/usr/lib/x86_64-linux-gnu/gazebo-11/plugins:/opt/ros/humble/opt/rviz_ogre_vendor/lib:/opt/ros/humble/lib/x86_64-linux-gnu:/opt/ros/humble/lib:/usr/local/cuda-12.9/lib64 /usr/bin/cmake /home/alr/Desktop/new_perception/new_eufs_ws/src/perception_pkg -DAMENT_CMAKE_SYMLINK_INSTALL=1 -DCMAKE_INSTALL_PREFIX=/home/alr/Desktop/new_perception/new_eufs_ws/install/perception_pkg[0m
[32.016s] [34mcolcon.colcon_core.event_handler.log_command[0m [1;30mDEBUG[0m [32mInvoking command in '/home/alr/Desktop/new_perception/new_eufs_ws/build/perception_pkg': CMAKE_PREFIX_PATH=/home/alr/Desktop/new_perception/new_eufs_ws/install/eufs_msgs:/home/alr/Desktop/new_perception/new_eufs_ws/install/cv_bridge:/home/alr/Desktop/new_perception/new_eufs_ws/install/cone_msgs:/home/alr/Desktop/new_perception/new_eufs_ws/install/vision_opencv:/home/alr/Desktop/new_perception/new_eufs_ws/install/perception_pkg:/home/alr/Desktop/new_perception/new_eufs_ws/install/my_state_estimator:/home/alr/Desktop/new_perception/new_eufs_ws/install/my_slam_pkg:/home/alr/Desktop/new_perception/new_eufs_ws/install/my_controller_pkg:/home/alr/Desktop/new_perception/new_eufs_ws/install/eufs_plugins:/home/alr/Desktop/new_perception/new_eufs_ws/install/image_geometry:/home/alr/Desktop/new_perception/new_eufs_ws/install/eufs_sensors:/home/alr/Desktop/new_perception/new_eufs_ws/install/eufs_models:/home/alr/Desktop/new_perception/new_eufs_ws/install/opencv_tests:/home/alr/Desktop/new_perception/new_eufs_ws/install/fsd_planner:/home/alr/Desktop/new_perception/new_eufs_ws/install/eufs_launcher:/home/alr/Desktop/new_perception/new_eufs_ws/install/eufs_tracks:/home/alr/Desktop/new_perception/new_eufs_ws/install/eufs_rqt:/home/alr/Desktop/new_perception/new_eufs_ws/install/eufs_racecar:/opt/ros/humble LD_LIBRARY_PATH=/home/alr/Desktop/new_perception/new_eufs_ws/install/eufs_msgs/lib:/home/alr/Desktop/new_perception/new_eufs_ws/install/cv_bridge/lib:/home/alr/Desktop/new_perception/new_eufs_ws/install/cone_msgs/lib:/opt/opencv-4.12/lib:/home/alr/Desktop/new_perception/new_eufs_ws/install/eufs_plugins/lib:/home/alr/Desktop/new_perception/new_eufs_ws/install/image_geometry/lib:/home/alr/Desktop/new_perception/new_eufs_ws/install/eufs_models/lib:/usr/lib/x86_64-linux-gnu/gazebo-11/plugins:/opt/ros/humble/opt/rviz_ogre_vendor/lib:/opt/ros/humble/lib/x86_64-linux-gnu:/opt/ros/humble/lib:/usr/local/cuda-12.9/lib64 /usr/bin/cmake --build /home/alr/Desktop/new_perception/new_eufs_ws/build/perception_pkg -- -j20 -l20[0m
[32.084s] [34mcolcon.colcon_core.event_handler.log_command[0m [1;30mDEBUG[0m [32mInvoked command in '/home/alr/Desktop/new_perception/new_eufs_ws/build/my_slam_pkg' returned '0': CMAKE_PREFIX_PATH=/home/alr/Desktop/new_perception/new_eufs_ws/install/eufs_msgs:/home/alr/Desktop/new_perception/new_eufs_ws/install/vision_opencv:/home/alr/Desktop/new_perception/new_eufs_ws/install/perception_pkg:/home/alr/Desktop/new_perception/new_eufs_ws/install/my_state_estimator:/home/alr/Desktop/new_perception/new_eufs_ws/install/my_slam_pkg:/home/alr/Desktop/new_perception/new_eufs_ws/install/my_controller_pkg:/home/alr/Desktop/new_perception/new_eufs_ws/install/eufs_plugins:/home/alr/Desktop/new_perception/new_eufs_ws/install/image_geometry:/home/alr/Desktop/new_perception/new_eufs_ws/install/eufs_sensors:/home/alr/Desktop/new_perception/new_eufs_ws/install/eufs_models:/home/alr/Desktop/new_perception/new_eufs_ws/install/cv_bridge:/home/alr/Desktop/new_perception/new_eufs_ws/install/cone_msgs:/home/alr/Desktop/new_perception/new_eufs_ws/install/opencv_tests:/home/alr/Desktop/new_perception/new_eufs_ws/install/fsd_planner:/home/alr/Desktop/new_perception/new_eufs_ws/install/eufs_launcher:/home/alr/Desktop/new_perception/new_eufs_ws/install/eufs_tracks:/home/alr/Desktop/new_perception/new_eufs_ws/install/eufs_rqt:/home/alr/Desktop/new_perception/new_eufs_ws/install/eufs_racecar:/opt/ros/humble LD_LIBRARY_PATH=/home/alr/Desktop/new_perception/new_eufs_ws/install/eufs_msgs/lib:/opt/opencv-4.12/lib:/home/alr/Desktop/new_perception/new_eufs_ws/install/eufs_plugins/lib:/home/alr/Desktop/new_perception/new_eufs_ws/install/image_geometry/lib:/home/alr/Desktop/new_perception/new_eufs_ws/install/eufs_models/lib:/home/alr/Desktop/new_perception/new_eufs_ws/install/cv_bridge/lib:/home/alr/Desktop/new_perception/new_eufs_ws/install/cone_msgs/lib:/usr/lib/x86_64-linux-gnu/gazebo-11/plugins:/opt/ros/humble/opt/rviz_ogre_vendor/lib:/opt/ros/humble/lib/x86_64-linux-gnu:/opt/ros/humble/lib:/usr/local/cuda-12.9/lib64 /usr/bin/cmake /home/alr/Desktop/new_perception/new_eufs_ws/src/my_slam_pkg -DAMENT_CMAKE_SYMLINK_INSTALL=1 -DCMAKE_INSTALL_PREFIX=/home/alr/Desktop/new_perception/new_eufs_ws/install/my_slam_pkg[0m
[32.085s] [34mcolcon.colcon_core.event_handler.log_command[0m [1;30mDEBUG[0m [32mInvoking command in '/home/alr/Desktop/new_perception/new_eufs_ws/build/my_slam_pkg': CMAKE_PREFIX_PATH=/home/alr/Desktop/new_perception/new_eufs_ws/install/eufs_msgs:/home/alr/Desktop/new_perception/new_eufs_ws/install/vision_opencv:/home/alr/Desktop/new_perception/new_eufs_ws/install/perception_pkg:/home/alr/Desktop/new_perception/new_eufs_ws/install/my_state_estimator:/home/alr/Desktop/new_perception/new_eufs_ws/install/my_slam_pkg:/home/alr/Desktop/new_perception/new_eufs_ws/install/my_controller_pkg:/home/alr/Desktop/new_perception/new_eufs_ws/install/eufs_plugins:/home/alr/Desktop/new_perception/new_eufs_ws/install/image_geometry:/home/alr/Desktop/new_perception/new_eufs_ws/install/eufs_sensors:/home/alr/Desktop/new_perception/new_eufs_ws/install/eufs_models:/home/alr/Desktop/new_perception/new_eufs_ws/install/cv_bridge:/home/alr/Desktop/new_perception/new_eufs_ws/install/cone_msgs:/home/alr/Desktop/new_perception/new_eufs_ws/install/opencv_tests:/home/alr/Desktop/new_perception/new_eufs_ws/install/fsd_planner:/home/alr/Desktop/new_perception/new_eufs_ws/install/eufs_launcher:/home/alr/Desktop/new_perception/new_eufs_ws/install/eufs_tracks:/home/alr/Desktop/new_perception/new_eufs_ws/install/eufs_rqt:/home/alr/Desktop/new_perception/new_eufs_ws/install/eufs_racecar:/opt/ros/humble LD_LIBRARY_PATH=/home/alr/Desktop/new_perception/new_eufs_ws/install/eufs_msgs/lib:/opt/opencv-4.12/lib:/home/alr/Desktop/new_perception/new_eufs_ws/install/eufs_plugins/lib:/home/alr/Desktop/new_perception/new_eufs_ws/install/image_geometry/lib:/home/alr/Desktop/new_perception/new_eufs_ws/install/eufs_models/lib:/home/alr/Desktop/new_perception/new_eufs_ws/install/cv_bridge/lib:/home/alr/Desktop/new_perception/new_eufs_ws/install/cone_msgs/lib:/usr/lib/x86_64-linux-gnu/gazebo-11/plugins:/opt/ros/humble/opt/rviz_ogre_vendor/lib:/opt/ros/humble/lib/x86_64-linux-gnu:/opt/ros/humble/lib:/usr/local/cuda-12.9/lib64 /usr/bin/cmake --build /home/alr/Desktop/new_perception/new_eufs_ws/build/my_slam_pkg -- -j20 -l20[0m
[32.193s] [34mcolcon.colcon_core.event_handler.log_command[0m [1;30mDEBUG[0m [32mInvoked command in '/home/alr/Desktop/new_perception/new_eufs_ws/build/my_controller_pkg' returned '0': CMAKE_PREFIX_PATH=/home/alr/Desktop/new_perception/new_eufs_ws/install/eufs_msgs:/home/alr/Desktop/new_perception/new_eufs_ws/install/vision_opencv:/home/alr/Desktop/new_perception/new_eufs_ws/install/perception_pkg:/home/alr/Desktop/new_perception/new_eufs_ws/install/my_state_estimator:/home/alr/Desktop/new_perception/new_eufs_ws/install/my_slam_pkg:/home/alr/Desktop/new_perception/new_eufs_ws/install/my_controller_pkg:/home/alr/Desktop/new_perception/new_eufs_ws/install/eufs_plugins:/home/alr/Desktop/new_perception/new_eufs_ws/install/image_geometry:/home/alr/Desktop/new_perception/new_eufs_ws/install/eufs_sensors:/home/alr/Desktop/new_perception/new_eufs_ws/install/eufs_models:/home/alr/Desktop/new_perception/new_eufs_ws/install/cv_bridge:/home/alr/Desktop/new_perception/new_eufs_ws/install/cone_msgs:/home/alr/Desktop/new_perception/new_eufs_ws/install/opencv_tests:/home/alr/Desktop/new_perception/new_eufs_ws/install/fsd_planner:/home/alr/Desktop/new_perception/new_eufs_ws/install/eufs_launcher:/home/alr/Desktop/new_perception/new_eufs_ws/install/eufs_tracks:/home/alr/Desktop/new_perception/new_eufs_ws/install/eufs_rqt:/home/alr/Desktop/new_perception/new_eufs_ws/install/eufs_racecar:/opt/ros/humble LD_LIBRARY_PATH=/home/alr/Desktop/new_perception/new_eufs_ws/install/eufs_msgs/lib:/opt/opencv-4.12/lib:/home/alr/Desktop/new_perception/new_eufs_ws/install/eufs_plugins/lib:/home/alr/Desktop/new_perception/new_eufs_ws/install/image_geometry/lib:/home/alr/Desktop/new_perception/new_eufs_ws/install/eufs_models/lib:/home/alr/Desktop/new_perception/new_eufs_ws/install/cv_bridge/lib:/home/alr/Desktop/new_perception/new_eufs_ws/install/cone_msgs/lib:/usr/lib/x86_64-linux-gnu/gazebo-11/plugins:/opt/ros/humble/opt/rviz_ogre_vendor/lib:/opt/ros/humble/lib/x86_64-linux-gnu:/opt/ros/humble/lib:/usr/local/cuda-12.9/lib64 /usr/bin/cmake /home/alr/Desktop/new_perception/new_eufs_ws/src/my_controller_pkg -DAMENT_CMAKE_SYMLINK_INSTALL=1 -DCMAKE_INSTALL_PREFIX=/home/alr/Desktop/new_perception/new_eufs_ws/install/my_controller_pkg[0m
[32.194s] [34mcolcon.colcon_core.event_handler.log_command[0m [1;30mDEBUG[0m [32mInvoking command in '/home/alr/Desktop/new_perception/new_eufs_ws/build/my_controller_pkg': CMAKE_PREFIX_PATH=/home/alr/Desktop/new_perception/new_eufs_ws/install/eufs_msgs:/home/alr/Desktop/new_perception/new_eufs_ws/install/vision_opencv:/home/alr/Desktop/new_perception/new_eufs_ws/install/perception_pkg:/home/alr/Desktop/new_perception/new_eufs_ws/install/my_state_estimator:/home/alr/Desktop/new_perception/new_eufs_ws/install/my_slam_pkg:/home/alr/Desktop/new_perception/new_eufs_ws/install/my_controller_pkg:/home/alr/Desktop/new_perception/new_eufs_ws/install/eufs_plugins:/home/alr/Desktop/new_perception/new_eufs_ws/install/image_geometry:/home/alr/Desktop/new_perception/new_eufs_ws/install/eufs_sensors:/home/alr/Desktop/new_perception/new_eufs_ws/install/eufs_models:/home/alr/Desktop/new_perception/new_eufs_ws/install/cv_bridge:/home/alr/Desktop/new_perception/new_eufs_ws/install/cone_msgs:/home/alr/Desktop/new_perception/new_eufs_ws/install/opencv_tests:/home/alr/Desktop/new_perception/new_eufs_ws/install/fsd_planner:/home/alr/Desktop/new_perception/new_eufs_ws/install/eufs_launcher:/home/alr/Desktop/new_perception/new_eufs_ws/install/eufs_tracks:/home/alr/Desktop/new_perception/new_eufs_ws/install/eufs_rqt:/home/alr/Desktop/new_perception/new_eufs_ws/install/eufs_racecar:/opt/ros/humble LD_LIBRARY_PATH=/home/alr/Desktop/new_perception/new_eufs_ws/install/eufs_msgs/lib:/opt/opencv-4.12/lib:/home/alr/Desktop/new_perception/new_eufs_ws/install/eufs_plugins/lib:/home/alr/Desktop/new_perception/new_eufs_ws/install/image_geometry/lib:/home/alr/Desktop/new_perception/new_eufs_ws/install/eufs_models/lib:/home/alr/Desktop/new_perception/new_eufs_ws/install/cv_bridge/lib:/home/alr/Desktop/new_perception/new_eufs_ws/install/cone_msgs/lib:/usr/lib/x86_64-linux-gnu/gazebo-11/plugins:/opt/ros/humble/opt/rviz_ogre_vendor/lib:/opt/ros/humble/lib/x86_64-linux-gnu:/opt/ros/humble/lib:/usr/local/cuda-12.9/lib64 /usr/bin/cmake --build /home/alr/Desktop/new_perception/new_eufs_ws/build/my_controller_pkg -- -j20 -l20[0m
[32.261s] [34mcolcon.colcon_core.event_handler.log_command[0m [1;30mDEBUG[0m [32mInvoked command in '/home/alr/Desktop/new_perception/new_eufs_ws/build/eufs_models' returned '0': CMAKE_PREFIX_PATH=/home/alr/Desktop/new_perception/new_eufs_ws/install/eufs_msgs:/home/alr/Desktop/new_perception/new_eufs_ws/install/vision_opencv:/home/alr/Desktop/new_perception/new_eufs_ws/install/perception_pkg:/home/alr/Desktop/new_perception/new_eufs_ws/install/my_state_estimator:/home/alr/Desktop/new_perception/new_eufs_ws/install/my_slam_pkg:/home/alr/Desktop/new_perception/new_eufs_ws/install/my_controller_pkg:/home/alr/Desktop/new_perception/new_eufs_ws/install/eufs_plugins:/home/alr/Desktop/new_perception/new_eufs_ws/install/image_geometry:/home/alr/Desktop/new_perception/new_eufs_ws/install/eufs_sensors:/home/alr/Desktop/new_perception/new_eufs_ws/install/eufs_models:/home/alr/Desktop/new_perception/new_eufs_ws/install/cv_bridge:/home/alr/Desktop/new_perception/new_eufs_ws/install/cone_msgs:/home/alr/Desktop/new_perception/new_eufs_ws/install/opencv_tests:/home/alr/Desktop/new_perception/new_eufs_ws/install/fsd_planner:/home/alr/Desktop/new_perception/new_eufs_ws/install/eufs_launcher:/home/alr/Desktop/new_perception/new_eufs_ws/install/eufs_tracks:/home/alr/Desktop/new_perception/new_eufs_ws/install/eufs_rqt:/home/alr/Desktop/new_perception/new_eufs_ws/install/eufs_racecar:/opt/ros/humble LD_LIBRARY_PATH=/home/alr/Desktop/new_perception/new_eufs_ws/install/eufs_msgs/lib:/opt/opencv-4.12/lib:/home/alr/Desktop/new_perception/new_eufs_ws/install/eufs_plugins/lib:/home/alr/Desktop/new_perception/new_eufs_ws/install/image_geometry/lib:/home/alr/Desktop/new_perception/new_eufs_ws/install/eufs_models/lib:/home/alr/Desktop/new_perception/new_eufs_ws/install/cv_bridge/lib:/home/alr/Desktop/new_perception/new_eufs_ws/install/cone_msgs/lib:/usr/lib/x86_64-linux-gnu/gazebo-11/plugins:/opt/ros/humble/opt/rviz_ogre_vendor/lib:/opt/ros/humble/lib/x86_64-linux-gnu:/opt/ros/humble/lib:/usr/local/cuda-12.9/lib64 /usr/bin/cmake --build /home/alr/Desktop/new_perception/new_eufs_ws/build/eufs_models -- -j20 -l20[0m
[32.262s] [34mcolcon.colcon_core.event_handler.log_command[0m [1;30mDEBUG[0m [32mInvoking command in '/home/alr/Desktop/new_perception/new_eufs_ws/build/eufs_models': CMAKE_PREFIX_PATH=/home/alr/Desktop/new_perception/new_eufs_ws/install/eufs_msgs:/home/alr/Desktop/new_perception/new_eufs_ws/install/vision_opencv:/home/alr/Desktop/new_perception/new_eufs_ws/install/perception_pkg:/home/alr/Desktop/new_perception/new_eufs_ws/install/my_state_estimator:/home/alr/Desktop/new_perception/new_eufs_ws/install/my_slam_pkg:/home/alr/Desktop/new_perception/new_eufs_ws/install/my_controller_pkg:/home/alr/Desktop/new_perception/new_eufs_ws/install/eufs_plugins:/home/alr/Desktop/new_perception/new_eufs_ws/install/image_geometry:/home/alr/Desktop/new_perception/new_eufs_ws/install/eufs_sensors:/home/alr/Desktop/new_perception/new_eufs_ws/install/eufs_models:/home/alr/Desktop/new_perception/new_eufs_ws/install/cv_bridge:/home/alr/Desktop/new_perception/new_eufs_ws/install/cone_msgs:/home/alr/Desktop/new_perception/new_eufs_ws/install/opencv_tests:/home/alr/Desktop/new_perception/new_eufs_ws/install/fsd_planner:/home/alr/Desktop/new_perception/new_eufs_ws/install/eufs_launcher:/home/alr/Desktop/new_perception/new_eufs_ws/install/eufs_tracks:/home/alr/Desktop/new_perception/new_eufs_ws/install/eufs_rqt:/home/alr/Desktop/new_perception/new_eufs_ws/install/eufs_racecar:/opt/ros/humble LD_LIBRARY_PATH=/home/alr/Desktop/new_perception/new_eufs_ws/install/eufs_msgs/lib:/opt/opencv-4.12/lib:/home/alr/Desktop/new_perception/new_eufs_ws/install/eufs_plugins/lib:/home/alr/Desktop/new_perception/new_eufs_ws/install/image_geometry/lib:/home/alr/Desktop/new_perception/new_eufs_ws/install/eufs_models/lib:/home/alr/Desktop/new_perception/new_eufs_ws/install/cv_bridge/lib:/home/alr/Desktop/new_perception/new_eufs_ws/install/cone_msgs/lib:/usr/lib/x86_64-linux-gnu/gazebo-11/plugins:/opt/ros/humble/opt/rviz_ogre_vendor/lib:/opt/ros/humble/lib/x86_64-linux-gnu:/opt/ros/humble/lib:/usr/local/cuda-12.9/lib64 /usr/bin/cmake --install /home/alr/Desktop/new_perception/new_eufs_ws/build/eufs_models[0m
[32.511s] [34mcolcon.colcon_core.environment[0m [1;30mLevel 1[0m create_environment_scripts_only(eufs_models)
[32.512s] [34mcolcon.colcon_core.environment[0m [1;30mLevel 1[0m checking '/home/alr/Desktop/new_perception/new_eufs_ws/install/eufs_models' for CMake module files
[32.512s] [34mcolcon.colcon_core.event_handler.log_command[0m [1;30mDEBUG[0m [32mInvoked command in '/home/alr/Desktop/new_perception/new_eufs_ws/build/eufs_models' returned '0': CMAKE_PREFIX_PATH=/home/alr/Desktop/new_perception/new_eufs_ws/install/eufs_msgs:/home/alr/Desktop/new_perception/new_eufs_ws/install/vision_opencv:/home/alr/Desktop/new_perception/new_eufs_ws/install/perception_pkg:/home/alr/Desktop/new_perception/new_eufs_ws/install/my_state_estimator:/home/alr/Desktop/new_perception/new_eufs_ws/install/my_slam_pkg:/home/alr/Desktop/new_perception/new_eufs_ws/install/my_controller_pkg:/home/alr/Desktop/new_perception/new_eufs_ws/install/eufs_plugins:/home/alr/Desktop/new_perception/new_eufs_ws/install/image_geometry:/home/alr/Desktop/new_perception/new_eufs_ws/install/eufs_sensors:/home/alr/Desktop/new_perception/new_eufs_ws/install/eufs_models:/home/alr/Desktop/new_perception/new_eufs_ws/install/cv_bridge:/home/alr/Desktop/new_perception/new_eufs_ws/install/cone_msgs:/home/alr/Desktop/new_perception/new_eufs_ws/install/opencv_tests:/home/alr/Desktop/new_perception/new_eufs_ws/install/fsd_planner:/home/alr/Desktop/new_perception/new_eufs_ws/install/eufs_launcher:/home/alr/Desktop/new_perception/new_eufs_ws/install/eufs_tracks:/home/alr/Desktop/new_perception/new_eufs_ws/install/eufs_rqt:/home/alr/Desktop/new_perception/new_eufs_ws/install/eufs_racecar:/opt/ros/humble LD_LIBRARY_PATH=/home/alr/Desktop/new_perception/new_eufs_ws/install/eufs_msgs/lib:/opt/opencv-4.12/lib:/home/alr/Desktop/new_perception/new_eufs_ws/install/eufs_plugins/lib:/home/alr/Desktop/new_perception/new_eufs_ws/install/image_geometry/lib:/home/alr/Desktop/new_perception/new_eufs_ws/install/eufs_models/lib:/home/alr/Desktop/new_perception/new_eufs_ws/install/cv_bridge/lib:/home/alr/Desktop/new_perception/new_eufs_ws/install/cone_msgs/lib:/usr/lib/x86_64-linux-gnu/gazebo-11/plugins:/opt/ros/humble/opt/rviz_ogre_vendor/lib:/opt/ros/humble/lib/x86_64-linux-gnu:/opt/ros/humble/lib:/usr/local/cuda-12.9/lib64 /usr/bin/cmake --install /home/alr/Desktop/new_perception/new_eufs_ws/build/eufs_models[0m
[32.513s] [34mcolcon.colcon_core.environment[0m [1;30mLevel 1[0m checking '/home/alr/Desktop/new_perception/new_eufs_ws/install/eufs_models' for CMake config files
[32.513s] [34mcolcon.colcon_core.shell[0m [1;30mLevel 1[0m create_environment_hook('eufs_models', 'cmake_prefix_path')
[32.514s] [34mcolcon.colcon_core.shell[0m [1;30mINFO[0m Creating environment hook '/home/alr/Desktop/new_perception/new_eufs_ws/install/eufs_models/share/eufs_models/hook/cmake_prefix_path.ps1'
[32.514s] [34mcolcon.colcon_core.shell[0m [1;30mINFO[0m Creating environment descriptor '/home/alr/Desktop/new_perception/new_eufs_ws/install/eufs_models/share/eufs_models/hook/cmake_prefix_path.dsv'
[32.515s] [34mcolcon.colcon_core.shell[0m [1;30mINFO[0m Creating environment hook '/home/alr/Desktop/new_perception/new_eufs_ws/install/eufs_models/share/eufs_models/hook/cmake_prefix_path.sh'
[32.515s] [34mcolcon.colcon_core.environment[0m [1;30mLevel 1[0m checking '/home/alr/Desktop/new_perception/new_eufs_ws/install/eufs_models/lib'
[32.515s] [34mcolcon.colcon_core.environment[0m [1;30mLevel 1[0m checking '/home/alr/Desktop/new_perception/new_eufs_ws/install/eufs_models/bin'
[32.515s] [34mcolcon.colcon_core.environment[0m [1;30mLevel 1[0m checking '/home/alr/Desktop/new_perception/new_eufs_ws/install/eufs_models/lib/pkgconfig/eufs_models.pc'
[32.516s] [34mcolcon.colcon_core.environment[0m [1;30mLevel 1[0m checking '/home/alr/Desktop/new_perception/new_eufs_ws/install/eufs_models/lib/python3.10/site-packages'
[32.516s] [34mcolcon.colcon_core.environment[0m [1;30mLevel 1[0m checking '/home/alr/Desktop/new_perception/new_eufs_ws/install/eufs_models/bin'
[32.517s] [34mcolcon.colcon_core.shell[0m [1;30mINFO[0m Creating package script '/home/alr/Desktop/new_perception/new_eufs_ws/install/eufs_models/share/eufs_models/package.ps1'
[32.517s] [34mcolcon.colcon_core.shell[0m [1;30mINFO[0m Creating package descriptor '/home/alr/Desktop/new_perception/new_eufs_ws/install/eufs_models/share/eufs_models/package.dsv'
[32.518s] [34mcolcon.colcon_core.shell[0m [1;30mINFO[0m Creating package script '/home/alr/Desktop/new_perception/new_eufs_ws/install/eufs_models/share/eufs_models/package.sh'
[32.518s] [34mcolcon.colcon_core.shell[0m [1;30mINFO[0m Creating package script '/home/alr/Desktop/new_perception/new_eufs_ws/install/eufs_models/share/eufs_models/package.bash'
[32.519s] [34mcolcon.colcon_core.shell[0m [1;30mINFO[0m Creating package script '/home/alr/Desktop/new_perception/new_eufs_ws/install/eufs_models/share/eufs_models/package.zsh'
[32.519s] [34mcolcon.colcon_core.environment[0m [1;30mLevel 1[0m create_file_with_runtime_dependencies(/home/alr/Desktop/new_perception/new_eufs_ws/install/eufs_models/share/colcon-core/packages/eufs_models)
[32.520s] [34mcolcon.colcon_core.environment[0m [1;30mLevel 1[0m create_environment_scripts_only(eufs_models)
[32.520s] [34mcolcon.colcon_core.environment[0m [1;30mLevel 1[0m checking '/home/alr/Desktop/new_perception/new_eufs_ws/install/eufs_models' for CMake module files
[32.521s] [34mcolcon.colcon_core.environment[0m [1;30mLevel 1[0m checking '/home/alr/Desktop/new_perception/new_eufs_ws/install/eufs_models' for CMake config files
[32.521s] [34mcolcon.colcon_core.shell[0m [1;30mLevel 1[0m create_environment_hook('eufs_models', 'cmake_prefix_path')
[32.522s] [34mcolcon.colcon_core.shell[0m [1;30mINFO[0m Creating environment hook '/home/alr/Desktop/new_perception/new_eufs_ws/install/eufs_models/share/eufs_models/hook/cmake_prefix_path.ps1'
[32.522s] [34mcolcon.colcon_core.shell[0m [1;30mINFO[0m Creating environment descriptor '/home/alr/Desktop/new_perception/new_eufs_ws/install/eufs_models/share/eufs_models/hook/cmake_prefix_path.dsv'
[32.523s] [34mcolcon.colcon_core.shell[0m [1;30mINFO[0m Creating environment hook '/home/alr/Desktop/new_perception/new_eufs_ws/install/eufs_models/share/eufs_models/hook/cmake_prefix_path.sh'
[32.523s] [34mcolcon.colcon_core.environment[0m [1;30mLevel 1[0m checking '/home/alr/Desktop/new_perception/new_eufs_ws/install/eufs_models/lib'
[32.523s] [34mcolcon.colcon_core.environment[0m [1;30mLevel 1[0m checking '/home/alr/Desktop/new_perception/new_eufs_ws/install/eufs_models/bin'
[32.524s] [34mcolcon.colcon_core.environment[0m [1;30mLevel 1[0m checking '/home/alr/Desktop/new_perception/new_eufs_ws/install/eufs_models/lib/pkgconfig/eufs_models.pc'
[32.524s] [34mcolcon.colcon_core.environment[0m [1;30mLevel 1[0m checking '/home/alr/Desktop/new_perception/new_eufs_ws/install/eufs_models/lib/python3.10/site-packages'
[32.524s] [34mcolcon.colcon_core.environment[0m [1;30mLevel 1[0m checking '/home/alr/Desktop/new_perception/new_eufs_ws/install/eufs_models/bin'
[32.525s] [34mcolcon.colcon_core.shell[0m [1;30mINFO[0m Creating package script '/home/alr/Desktop/new_perception/new_eufs_ws/install/eufs_models/share/eufs_models/package.ps1'
[32.526s] [34mcolcon.colcon_core.shell[0m [1;30mINFO[0m Creating package descriptor '/home/alr/Desktop/new_perception/new_eufs_ws/install/eufs_models/share/eufs_models/package.dsv'
[32.526s] [34mcolcon.colcon_core.shell[0m [1;30mINFO[0m Creating package script '/home/alr/Desktop/new_perception/new_eufs_ws/install/eufs_models/share/eufs_models/package.sh'
[32.527s] [34mcolcon.colcon_core.shell[0m [1;30mINFO[0m Creating package script '/home/alr/Desktop/new_perception/new_eufs_ws/install/eufs_models/share/eufs_models/package.bash'
[32.527s] [34mcolcon.colcon_core.shell[0m [1;30mINFO[0m Creating package script '/home/alr/Desktop/new_perception/new_eufs_ws/install/eufs_models/share/eufs_models/package.zsh'
[32.528s] [34mcolcon.colcon_core.environment[0m [1;30mLevel 1[0m create_file_with_runtime_dependencies(/home/alr/Desktop/new_perception/new_eufs_ws/install/eufs_models/share/colcon-core/packages/eufs_models)
[32.528s] [34mcolcon.colcon_ros.task.ament_cmake.build[0m [1;30mINFO[0m Building ROS package in '/home/alr/Desktop/new_perception/new_eufs_ws/src/eufs_sim/eufs_plugins' with build type 'ament_cmake'
[32.528s] [34mcolcon.colcon_cmake.task.cmake.build[0m [1;30mINFO[0m Building CMake package in '/home/alr/Desktop/new_perception/new_eufs_ws/src/eufs_sim/eufs_plugins'
[32.529s] [34mcolcon.colcon_core.shell[0m [1;30mINFO[0m Skip shell extension 'powershell' for command environment: Not usable outside of PowerShell
[32.529s] [34mcolcon.colcon_core.shell[0m [1;30mDEBUG[0m [32mSkip shell extension 'dsv' for command environment[0m
[32.548s] [34mcolcon.colcon_core.event_handler.log_command[0m [1;30mDEBUG[0m [32mInvoking command in '/home/alr/Desktop/new_perception/new_eufs_ws/build/eufs_plugins': CMAKE_PREFIX_PATH=/home/alr/Desktop/new_perception/new_eufs_ws/install/eufs_models:/home/alr/Desktop/new_perception/new_eufs_ws/install/image_geometry:/home/alr/Desktop/new_perception/new_eufs_ws/install/eufs_msgs:/home/alr/Desktop/new_perception/new_eufs_ws/install/vision_opencv:/home/alr/Desktop/new_perception/new_eufs_ws/install/perception_pkg:/home/alr/Desktop/new_perception/new_eufs_ws/install/my_state_estimator:/home/alr/Desktop/new_perception/new_eufs_ws/install/my_slam_pkg:/home/alr/Desktop/new_perception/new_eufs_ws/install/my_controller_pkg:/home/alr/Desktop/new_perception/new_eufs_ws/install/eufs_plugins:/home/alr/Desktop/new_perception/new_eufs_ws/install/eufs_sensors:/home/alr/Desktop/new_perception/new_eufs_ws/install/cv_bridge:/home/alr/Desktop/new_perception/new_eufs_ws/install/cone_msgs:/home/alr/Desktop/new_perception/new_eufs_ws/install/opencv_tests:/home/alr/Desktop/new_perception/new_eufs_ws/install/fsd_planner:/home/alr/Desktop/new_perception/new_eufs_ws/install/eufs_launcher:/home/alr/Desktop/new_perception/new_eufs_ws/install/eufs_tracks:/home/alr/Desktop/new_perception/new_eufs_ws/install/eufs_rqt:/home/alr/Desktop/new_perception/new_eufs_ws/install/eufs_racecar:/opt/ros/humble LD_LIBRARY_PATH=/home/alr/Desktop/new_perception/new_eufs_ws/install/image_geometry/lib:/home/alr/Desktop/new_perception/new_eufs_ws/install/eufs_msgs/lib:/opt/opencv-4.12/lib:/home/alr/Desktop/new_perception/new_eufs_ws/install/eufs_plugins/lib:/home/alr/Desktop/new_perception/new_eufs_ws/install/eufs_models/lib:/home/alr/Desktop/new_perception/new_eufs_ws/install/cv_bridge/lib:/home/alr/Desktop/new_perception/new_eufs_ws/install/cone_msgs/lib:/usr/lib/x86_64-linux-gnu/gazebo-11/plugins:/opt/ros/humble/opt/rviz_ogre_vendor/lib:/opt/ros/humble/lib/x86_64-linux-gnu:/opt/ros/humble/lib:/usr/local/cuda-12.9/lib64 /usr/bin/cmake /home/alr/Desktop/new_perception/new_eufs_ws/src/eufs_sim/eufs_plugins -DAMENT_CMAKE_SYMLINK_INSTALL=1 -DCMAKE_INSTALL_PREFIX=/home/alr/Desktop/new_perception/new_eufs_ws/install/eufs_plugins[0m
[35.690s] [34mcolcon.colcon_core.event_handler.log_command[0m [1;30mDEBUG[0m [32mInvoked command in '/home/alr/Desktop/new_perception/new_eufs_ws/build/eufs_plugins' returned '0': CMAKE_PREFIX_PATH=/home/alr/Desktop/new_perception/new_eufs_ws/install/eufs_models:/home/alr/Desktop/new_perception/new_eufs_ws/install/image_geometry:/home/alr/Desktop/new_perception/new_eufs_ws/install/eufs_msgs:/home/alr/Desktop/new_perception/new_eufs_ws/install/vision_opencv:/home/alr/Desktop/new_perception/new_eufs_ws/install/perception_pkg:/home/alr/Desktop/new_perception/new_eufs_ws/install/my_state_estimator:/home/alr/Desktop/new_perception/new_eufs_ws/install/my_slam_pkg:/home/alr/Desktop/new_perception/new_eufs_ws/install/my_controller_pkg:/home/alr/Desktop/new_perception/new_eufs_ws/install/eufs_plugins:/home/alr/Desktop/new_perception/new_eufs_ws/install/eufs_sensors:/home/alr/Desktop/new_perception/new_eufs_ws/install/cv_bridge:/home/alr/Desktop/new_perception/new_eufs_ws/install/cone_msgs:/home/alr/Desktop/new_perception/new_eufs_ws/install/opencv_tests:/home/alr/Desktop/new_perception/new_eufs_ws/install/fsd_planner:/home/alr/Desktop/new_perception/new_eufs_ws/install/eufs_launcher:/home/alr/Desktop/new_perception/new_eufs_ws/install/eufs_tracks:/home/alr/Desktop/new_perception/new_eufs_ws/install/eufs_rqt:/home/alr/Desktop/new_perception/new_eufs_ws/install/eufs_racecar:/opt/ros/humble LD_LIBRARY_PATH=/home/alr/Desktop/new_perception/new_eufs_ws/install/image_geometry/lib:/home/alr/Desktop/new_perception/new_eufs_ws/install/eufs_msgs/lib:/opt/opencv-4.12/lib:/home/alr/Desktop/new_perception/new_eufs_ws/install/eufs_plugins/lib:/home/alr/Desktop/new_perception/new_eufs_ws/install/eufs_models/lib:/home/alr/Desktop/new_perception/new_eufs_ws/install/cv_bridge/lib:/home/alr/Desktop/new_perception/new_eufs_ws/install/cone_msgs/lib:/usr/lib/x86_64-linux-gnu/gazebo-11/plugins:/opt/ros/humble/opt/rviz_ogre_vendor/lib:/opt/ros/humble/lib/x86_64-linux-gnu:/opt/ros/humble/lib:/usr/local/cuda-12.9/lib64 /usr/bin/cmake /home/alr/Desktop/new_perception/new_eufs_ws/src/eufs_sim/eufs_plugins -DAMENT_CMAKE_SYMLINK_INSTALL=1 -DCMAKE_INSTALL_PREFIX=/home/alr/Desktop/new_perception/new_eufs_ws/install/eufs_plugins[0m
[35.691s] [34mcolcon.colcon_core.event_handler.log_command[0m [1;30mDEBUG[0m [32mInvoking command in '/home/alr/Desktop/new_perception/new_eufs_ws/build/eufs_plugins': CMAKE_PREFIX_PATH=/home/alr/Desktop/new_perception/new_eufs_ws/install/eufs_models:/home/alr/Desktop/new_perception/new_eufs_ws/install/image_geometry:/home/alr/Desktop/new_perception/new_eufs_ws/install/eufs_msgs:/home/alr/Desktop/new_perception/new_eufs_ws/install/vision_opencv:/home/alr/Desktop/new_perception/new_eufs_ws/install/perception_pkg:/home/alr/Desktop/new_perception/new_eufs_ws/install/my_state_estimator:/home/alr/Desktop/new_perception/new_eufs_ws/install/my_slam_pkg:/home/alr/Desktop/new_perception/new_eufs_ws/install/my_controller_pkg:/home/alr/Desktop/new_perception/new_eufs_ws/install/eufs_plugins:/home/alr/Desktop/new_perception/new_eufs_ws/install/eufs_sensors:/home/alr/Desktop/new_perception/new_eufs_ws/install/cv_bridge:/home/alr/Desktop/new_perception/new_eufs_ws/install/cone_msgs:/home/alr/Desktop/new_perception/new_eufs_ws/install/opencv_tests:/home/alr/Desktop/new_perception/new_eufs_ws/install/fsd_planner:/home/alr/Desktop/new_perception/new_eufs_ws/install/eufs_launcher:/home/alr/Desktop/new_perception/new_eufs_ws/install/eufs_tracks:/home/alr/Desktop/new_perception/new_eufs_ws/install/eufs_rqt:/home/alr/Desktop/new_perception/new_eufs_ws/install/eufs_racecar:/opt/ros/humble LD_LIBRARY_PATH=/home/alr/Desktop/new_perception/new_eufs_ws/install/image_geometry/lib:/home/alr/Desktop/new_perception/new_eufs_ws/install/eufs_msgs/lib:/opt/opencv-4.12/lib:/home/alr/Desktop/new_perception/new_eufs_ws/install/eufs_plugins/lib:/home/alr/Desktop/new_perception/new_eufs_ws/install/eufs_models/lib:/home/alr/Desktop/new_perception/new_eufs_ws/install/cv_bridge/lib:/home/alr/Desktop/new_perception/new_eufs_ws/install/cone_msgs/lib:/usr/lib/x86_64-linux-gnu/gazebo-11/plugins:/opt/ros/humble/opt/rviz_ogre_vendor/lib:/opt/ros/humble/lib/x86_64-linux-gnu:/opt/ros/humble/lib:/usr/local/cuda-12.9/lib64 /usr/bin/cmake --build /home/alr/Desktop/new_perception/new_eufs_ws/build/eufs_plugins -- -j20 -l20[0m
[40.017s] [34mcolcon.colcon_core.event_handler.log_command[0m [1;30mDEBUG[0m [32mInvoked command in '/home/alr/Desktop/new_perception/new_eufs_ws/build/perception_pkg' returned '0': CMAKE_PREFIX_PATH=/home/alr/Desktop/new_perception/new_eufs_ws/install/eufs_msgs:/home/alr/Desktop/new_perception/new_eufs_ws/install/cv_bridge:/home/alr/Desktop/new_perception/new_eufs_ws/install/cone_msgs:/home/alr/Desktop/new_perception/new_eufs_ws/install/vision_opencv:/home/alr/Desktop/new_perception/new_eufs_ws/install/perception_pkg:/home/alr/Desktop/new_perception/new_eufs_ws/install/my_state_estimator:/home/alr/Desktop/new_perception/new_eufs_ws/install/my_slam_pkg:/home/alr/Desktop/new_perception/new_eufs_ws/install/my_controller_pkg:/home/alr/Desktop/new_perception/new_eufs_ws/install/eufs_plugins:/home/alr/Desktop/new_perception/new_eufs_ws/install/image_geometry:/home/alr/Desktop/new_perception/new_eufs_ws/install/eufs_sensors:/home/alr/Desktop/new_perception/new_eufs_ws/install/eufs_models:/home/alr/Desktop/new_perception/new_eufs_ws/install/opencv_tests:/home/alr/Desktop/new_perception/new_eufs_ws/install/fsd_planner:/home/alr/Desktop/new_perception/new_eufs_ws/install/eufs_launcher:/home/alr/Desktop/new_perception/new_eufs_ws/install/eufs_tracks:/home/alr/Desktop/new_perception/new_eufs_ws/install/eufs_rqt:/home/alr/Desktop/new_perception/new_eufs_ws/install/eufs_racecar:/opt/ros/humble LD_LIBRARY_PATH=/home/alr/Desktop/new_perception/new_eufs_ws/install/eufs_msgs/lib:/home/alr/Desktop/new_perception/new_eufs_ws/install/cv_bridge/lib:/home/alr/Desktop/new_perception/new_eufs_ws/install/cone_msgs/lib:/opt/opencv-4.12/lib:/home/alr/Desktop/new_perception/new_eufs_ws/install/eufs_plugins/lib:/home/alr/Desktop/new_perception/new_eufs_ws/install/image_geometry/lib:/home/alr/Desktop/new_perception/new_eufs_ws/install/eufs_models/lib:/usr/lib/x86_64-linux-gnu/gazebo-11/plugins:/opt/ros/humble/opt/rviz_ogre_vendor/lib:/opt/ros/humble/lib/x86_64-linux-gnu:/opt/ros/humble/lib:/usr/local/cuda-12.9/lib64 /usr/bin/cmake --build /home/alr/Desktop/new_perception/new_eufs_ws/build/perception_pkg -- -j20 -l20[0m
[40.019s] [34mcolcon.colcon_core.event_handler.log_command[0m [1;30mDEBUG[0m [32mInvoking command in '/home/alr/Desktop/new_perception/new_eufs_ws/build/perception_pkg': CMAKE_PREFIX_PATH=/home/alr/Desktop/new_perception/new_eufs_ws/install/eufs_msgs:/home/alr/Desktop/new_perception/new_eufs_ws/install/cv_bridge:/home/alr/Desktop/new_perception/new_eufs_ws/install/cone_msgs:/home/alr/Desktop/new_perception/new_eufs_ws/install/vision_opencv:/home/alr/Desktop/new_perception/new_eufs_ws/install/perception_pkg:/home/alr/Desktop/new_perception/new_eufs_ws/install/my_state_estimator:/home/alr/Desktop/new_perception/new_eufs_ws/install/my_slam_pkg:/home/alr/Desktop/new_perception/new_eufs_ws/install/my_controller_pkg:/home/alr/Desktop/new_perception/new_eufs_ws/install/eufs_plugins:/home/alr/Desktop/new_perception/new_eufs_ws/install/image_geometry:/home/alr/Desktop/new_perception/new_eufs_ws/install/eufs_sensors:/home/alr/Desktop/new_perception/new_eufs_ws/install/eufs_models:/home/alr/Desktop/new_perception/new_eufs_ws/install/opencv_tests:/home/alr/Desktop/new_perception/new_eufs_ws/install/fsd_planner:/home/alr/Desktop/new_perception/new_eufs_ws/install/eufs_launcher:/home/alr/Desktop/new_perception/new_eufs_ws/install/eufs_tracks:/home/alr/Desktop/new_perception/new_eufs_ws/install/eufs_rqt:/home/alr/Desktop/new_perception/new_eufs_ws/install/eufs_racecar:/opt/ros/humble LD_LIBRARY_PATH=/home/alr/Desktop/new_perception/new_eufs_ws/install/eufs_msgs/lib:/home/alr/Desktop/new_perception/new_eufs_ws/install/cv_bridge/lib:/home/alr/Desktop/new_perception/new_eufs_ws/install/cone_msgs/lib:/opt/opencv-4.12/lib:/home/alr/Desktop/new_perception/new_eufs_ws/install/eufs_plugins/lib:/home/alr/Desktop/new_perception/new_eufs_ws/install/image_geometry/lib:/home/alr/Desktop/new_perception/new_eufs_ws/install/eufs_models/lib:/usr/lib/x86_64-linux-gnu/gazebo-11/plugins:/opt/ros/humble/opt/rviz_ogre_vendor/lib:/opt/ros/humble/lib/x86_64-linux-gnu:/opt/ros/humble/lib:/usr/local/cuda-12.9/lib64 /usr/bin/cmake --install /home/alr/Desktop/new_perception/new_eufs_ws/build/perception_pkg[0m
[40.172s] [34mcolcon.colcon_core.environment[0m [1;30mLevel 1[0m create_environment_scripts_only(perception_pkg)
[40.173s] [34mcolcon.colcon_core.environment[0m [1;30mLevel 1[0m checking '/home/alr/Desktop/new_perception/new_eufs_ws/install/perception_pkg' for CMake module files
[40.173s] [34mcolcon.colcon_core.event_handler.log_command[0m [1;30mDEBUG[0m [32mInvoked command in '/home/alr/Desktop/new_perception/new_eufs_ws/build/perception_pkg' returned '0': CMAKE_PREFIX_PATH=/home/alr/Desktop/new_perception/new_eufs_ws/install/eufs_msgs:/home/alr/Desktop/new_perception/new_eufs_ws/install/cv_bridge:/home/alr/Desktop/new_perception/new_eufs_ws/install/cone_msgs:/home/alr/Desktop/new_perception/new_eufs_ws/install/vision_opencv:/home/alr/Desktop/new_perception/new_eufs_ws/install/perception_pkg:/home/alr/Desktop/new_perception/new_eufs_ws/install/my_state_estimator:/home/alr/Desktop/new_perception/new_eufs_ws/install/my_slam_pkg:/home/alr/Desktop/new_perception/new_eufs_ws/install/my_controller_pkg:/home/alr/Desktop/new_perception/new_eufs_ws/install/eufs_plugins:/home/alr/Desktop/new_perception/new_eufs_ws/install/image_geometry:/home/alr/Desktop/new_perception/new_eufs_ws/install/eufs_sensors:/home/alr/Desktop/new_perception/new_eufs_ws/install/eufs_models:/home/alr/Desktop/new_perception/new_eufs_ws/install/opencv_tests:/home/alr/Desktop/new_perception/new_eufs_ws/install/fsd_planner:/home/alr/Desktop/new_perception/new_eufs_ws/install/eufs_launcher:/home/alr/Desktop/new_perception/new_eufs_ws/install/eufs_tracks:/home/alr/Desktop/new_perception/new_eufs_ws/install/eufs_rqt:/home/alr/Desktop/new_perception/new_eufs_ws/install/eufs_racecar:/opt/ros/humble LD_LIBRARY_PATH=/home/alr/Desktop/new_perception/new_eufs_ws/install/eufs_msgs/lib:/home/alr/Desktop/new_perception/new_eufs_ws/install/cv_bridge/lib:/home/alr/Desktop/new_perception/new_eufs_ws/install/cone_msgs/lib:/opt/opencv-4.12/lib:/home/alr/Desktop/new_perception/new_eufs_ws/install/eufs_plugins/lib:/home/alr/Desktop/new_perception/new_eufs_ws/install/image_geometry/lib:/home/alr/Desktop/new_perception/new_eufs_ws/install/eufs_models/lib:/usr/lib/x86_64-linux-gnu/gazebo-11/plugins:/opt/ros/humble/opt/rviz_ogre_vendor/lib:/opt/ros/humble/lib/x86_64-linux-gnu:/opt/ros/humble/lib:/usr/local/cuda-12.9/lib64 /usr/bin/cmake --install /home/alr/Desktop/new_perception/new_eufs_ws/build/perception_pkg[0m
[40.174s] [34mcolcon.colcon_core.environment[0m [1;30mLevel 1[0m checking '/home/alr/Desktop/new_perception/new_eufs_ws/install/perception_pkg' for CMake config files
[40.174s] [34mcolcon.colcon_core.shell[0m [1;30mLevel 1[0m create_environment_hook('perception_pkg', 'cmake_prefix_path')
[40.174s] [34mcolcon.colcon_core.shell[0m [1;30mINFO[0m Creating environment hook '/home/alr/Desktop/new_perception/new_eufs_ws/install/perception_pkg/share/perception_pkg/hook/cmake_prefix_path.ps1'
[40.175s] [34mcolcon.colcon_core.shell[0m [1;30mINFO[0m Creating environment descriptor '/home/alr/Desktop/new_perception/new_eufs_ws/install/perception_pkg/share/perception_pkg/hook/cmake_prefix_path.dsv'
[40.175s] [34mcolcon.colcon_core.shell[0m [1;30mINFO[0m Creating environment hook '/home/alr/Desktop/new_perception/new_eufs_ws/install/perception_pkg/share/perception_pkg/hook/cmake_prefix_path.sh'
[40.176s] [34mcolcon.colcon_core.environment[0m [1;30mLevel 1[0m checking '/home/alr/Desktop/new_perception/new_eufs_ws/install/perception_pkg/lib'
[40.176s] [34mcolcon.colcon_core.environment[0m [1;30mLevel 1[0m checking '/home/alr/Desktop/new_perception/new_eufs_ws/install/perception_pkg/bin'
[40.176s] [34mcolcon.colcon_core.environment[0m [1;30mLevel 1[0m checking '/home/alr/Desktop/new_perception/new_eufs_ws/install/perception_pkg/lib/pkgconfig/perception_pkg.pc'
[40.176s] [34mcolcon.colcon_core.environment[0m [1;30mLevel 1[0m checking '/home/alr/Desktop/new_perception/new_eufs_ws/install/perception_pkg/lib/python3.10/site-packages'
[40.177s] [34mcolcon.colcon_core.environment[0m [1;30mLevel 1[0m checking '/home/alr/Desktop/new_perception/new_eufs_ws/install/perception_pkg/bin'
[40.177s] [34mcolcon.colcon_core.shell[0m [1;30mINFO[0m Creating package script '/home/alr/Desktop/new_perception/new_eufs_ws/install/perception_pkg/share/perception_pkg/package.ps1'
[40.178s] [34mcolcon.colcon_core.shell[0m [1;30mINFO[0m Creating package descriptor '/home/alr/Desktop/new_perception/new_eufs_ws/install/perception_pkg/share/perception_pkg/package.dsv'
[40.178s] [34mcolcon.colcon_core.shell[0m [1;30mINFO[0m Creating package script '/home/alr/Desktop/new_perception/new_eufs_ws/install/perception_pkg/share/perception_pkg/package.sh'
[40.178s] [34mcolcon.colcon_core.shell[0m [1;30mINFO[0m Creating package script '/home/alr/Desktop/new_perception/new_eufs_ws/install/perception_pkg/share/perception_pkg/package.bash'
[40.179s] [34mcolcon.colcon_core.shell[0m [1;30mINFO[0m Creating package script '/home/alr/Desktop/new_perception/new_eufs_ws/install/perception_pkg/share/perception_pkg/package.zsh'
[40.179s] [34mcolcon.colcon_core.environment[0m [1;30mLevel 1[0m create_file_with_runtime_dependencies(/home/alr/Desktop/new_perception/new_eufs_ws/install/perception_pkg/share/colcon-core/packages/perception_pkg)
[40.180s] [34mcolcon.colcon_core.environment[0m [1;30mLevel 1[0m create_environment_scripts_only(perception_pkg)
[40.180s] [34mcolcon.colcon_core.environment[0m [1;30mLevel 1[0m checking '/home/alr/Desktop/new_perception/new_eufs_ws/install/perception_pkg' for CMake module files
[40.181s] [34mcolcon.colcon_core.environment[0m [1;30mLevel 1[0m checking '/home/alr/Desktop/new_perception/new_eufs_ws/install/perception_pkg' for CMake config files
[40.182s] [34mcolcon.colcon_core.shell[0m [1;30mLevel 1[0m create_environment_hook('perception_pkg', 'cmake_prefix_path')
[40.182s] [34mcolcon.colcon_core.shell[0m [1;30mINFO[0m Creating environment hook '/home/alr/Desktop/new_perception/new_eufs_ws/install/perception_pkg/share/perception_pkg/hook/cmake_prefix_path.ps1'
[40.182s] [34mcolcon.colcon_core.shell[0m [1;30mINFO[0m Creating environment descriptor '/home/alr/Desktop/new_perception/new_eufs_ws/install/perception_pkg/share/perception_pkg/hook/cmake_prefix_path.dsv'
[40.183s] [34mcolcon.colcon_core.shell[0m [1;30mINFO[0m Creating environment hook '/home/alr/Desktop/new_perception/new_eufs_ws/install/perception_pkg/share/perception_pkg/hook/cmake_prefix_path.sh'
[40.183s] [34mcolcon.colcon_core.environment[0m [1;30mLevel 1[0m checking '/home/alr/Desktop/new_perception/new_eufs_ws/install/perception_pkg/lib'
[40.184s] [34mcolcon.colcon_core.environment[0m [1;30mLevel 1[0m checking '/home/alr/Desktop/new_perception/new_eufs_ws/install/perception_pkg/bin'
[40.184s] [34mcolcon.colcon_core.environment[0m [1;30mLevel 1[0m checking '/home/alr/Desktop/new_perception/new_eufs_ws/install/perception_pkg/lib/pkgconfig/perception_pkg.pc'
[40.184s] [34mcolcon.colcon_core.environment[0m [1;30mLevel 1[0m checking '/home/alr/Desktop/new_perception/new_eufs_ws/install/perception_pkg/lib/python3.10/site-packages'
[40.184s] [34mcolcon.colcon_core.environment[0m [1;30mLevel 1[0m checking '/home/alr/Desktop/new_perception/new_eufs_ws/install/perception_pkg/bin'
[40.185s] [34mcolcon.colcon_core.shell[0m [1;30mINFO[0m Creating package script '/home/alr/Desktop/new_perception/new_eufs_ws/install/perception_pkg/share/perception_pkg/package.ps1'
[40.185s] [34mcolcon.colcon_core.shell[0m [1;30mINFO[0m Creating package descriptor '/home/alr/Desktop/new_perception/new_eufs_ws/install/perception_pkg/share/perception_pkg/package.dsv'
[40.186s] [34mcolcon.colcon_core.shell[0m [1;30mINFO[0m Creating package script '/home/alr/Desktop/new_perception/new_eufs_ws/install/perception_pkg/share/perception_pkg/package.sh'
[40.186s] [34mcolcon.colcon_core.shell[0m [1;30mINFO[0m Creating package script '/home/alr/Desktop/new_perception/new_eufs_ws/install/perception_pkg/share/perception_pkg/package.bash'
[40.187s] [34mcolcon.colcon_core.shell[0m [1;30mINFO[0m Creating package script '/home/alr/Desktop/new_perception/new_eufs_ws/install/perception_pkg/share/perception_pkg/package.zsh'
[40.187s] [34mcolcon.colcon_core.environment[0m [1;30mLevel 1[0m create_file_with_runtime_dependencies(/home/alr/Desktop/new_perception/new_eufs_ws/install/perception_pkg/share/colcon-core/packages/perception_pkg)
[44.026s] [34mcolcon.colcon_core.event_handler.log_command[0m [1;30mDEBUG[0m [32mInvoked command in '/home/alr/Desktop/new_perception/new_eufs_ws/build/my_controller_pkg' returned '0': CMAKE_PREFIX_PATH=/home/alr/Desktop/new_perception/new_eufs_ws/install/eufs_msgs:/home/alr/Desktop/new_perception/new_eufs_ws/install/vision_opencv:/home/alr/Desktop/new_perception/new_eufs_ws/install/perception_pkg:/home/alr/Desktop/new_perception/new_eufs_ws/install/my_state_estimator:/home/alr/Desktop/new_perception/new_eufs_ws/install/my_slam_pkg:/home/alr/Desktop/new_perception/new_eufs_ws/install/my_controller_pkg:/home/alr/Desktop/new_perception/new_eufs_ws/install/eufs_plugins:/home/alr/Desktop/new_perception/new_eufs_ws/install/image_geometry:/home/alr/Desktop/new_perception/new_eufs_ws/install/eufs_sensors:/home/alr/Desktop/new_perception/new_eufs_ws/install/eufs_models:/home/alr/Desktop/new_perception/new_eufs_ws/install/cv_bridge:/home/alr/Desktop/new_perception/new_eufs_ws/install/cone_msgs:/home/alr/Desktop/new_perception/new_eufs_ws/install/opencv_tests:/home/alr/Desktop/new_perception/new_eufs_ws/install/fsd_planner:/home/alr/Desktop/new_perception/new_eufs_ws/install/eufs_launcher:/home/alr/Desktop/new_perception/new_eufs_ws/install/eufs_tracks:/home/alr/Desktop/new_perception/new_eufs_ws/install/eufs_rqt:/home/alr/Desktop/new_perception/new_eufs_ws/install/eufs_racecar:/opt/ros/humble LD_LIBRARY_PATH=/home/alr/Desktop/new_perception/new_eufs_ws/install/eufs_msgs/lib:/opt/opencv-4.12/lib:/home/alr/Desktop/new_perception/new_eufs_ws/install/eufs_plugins/lib:/home/alr/Desktop/new_perception/new_eufs_ws/install/image_geometry/lib:/home/alr/Desktop/new_perception/new_eufs_ws/install/eufs_models/lib:/home/alr/Desktop/new_perception/new_eufs_ws/install/cv_bridge/lib:/home/alr/Desktop/new_perception/new_eufs_ws/install/cone_msgs/lib:/usr/lib/x86_64-linux-gnu/gazebo-11/plugins:/opt/ros/humble/opt/rviz_ogre_vendor/lib:/opt/ros/humble/lib/x86_64-linux-gnu:/opt/ros/humble/lib:/usr/local/cuda-12.9/lib64 /usr/bin/cmake --build /home/alr/Desktop/new_perception/new_eufs_ws/build/my_controller_pkg -- -j20 -l20[0m
[44.027s] [34mcolcon.colcon_core.event_handler.log_command[0m [1;30mDEBUG[0m [32mInvoking command in '/home/alr/Desktop/new_perception/new_eufs_ws/build/my_controller_pkg': CMAKE_PREFIX_PATH=/home/alr/Desktop/new_perception/new_eufs_ws/install/eufs_msgs:/home/alr/Desktop/new_perception/new_eufs_ws/install/vision_opencv:/home/alr/Desktop/new_perception/new_eufs_ws/install/perception_pkg:/home/alr/Desktop/new_perception/new_eufs_ws/install/my_state_estimator:/home/alr/Desktop/new_perception/new_eufs_ws/install/my_slam_pkg:/home/alr/Desktop/new_perception/new_eufs_ws/install/my_controller_pkg:/home/alr/Desktop/new_perception/new_eufs_ws/install/eufs_plugins:/home/alr/Desktop/new_perception/new_eufs_ws/install/image_geometry:/home/alr/Desktop/new_perception/new_eufs_ws/install/eufs_sensors:/home/alr/Desktop/new_perception/new_eufs_ws/install/eufs_models:/home/alr/Desktop/new_perception/new_eufs_ws/install/cv_bridge:/home/alr/Desktop/new_perception/new_eufs_ws/install/cone_msgs:/home/alr/Desktop/new_perception/new_eufs_ws/install/opencv_tests:/home/alr/Desktop/new_perception/new_eufs_ws/install/fsd_planner:/home/alr/Desktop/new_perception/new_eufs_ws/install/eufs_launcher:/home/alr/Desktop/new_perception/new_eufs_ws/install/eufs_tracks:/home/alr/Desktop/new_perception/new_eufs_ws/install/eufs_rqt:/home/alr/Desktop/new_perception/new_eufs_ws/install/eufs_racecar:/opt/ros/humble LD_LIBRARY_PATH=/home/alr/Desktop/new_perception/new_eufs_ws/install/eufs_msgs/lib:/opt/opencv-4.12/lib:/home/alr/Desktop/new_perception/new_eufs_ws/install/eufs_plugins/lib:/home/alr/Desktop/new_perception/new_eufs_ws/install/image_geometry/lib:/home/alr/Desktop/new_perception/new_eufs_ws/install/eufs_models/lib:/home/alr/Desktop/new_perception/new_eufs_ws/install/cv_bridge/lib:/home/alr/Desktop/new_perception/new_eufs_ws/install/cone_msgs/lib:/usr/lib/x86_64-linux-gnu/gazebo-11/plugins:/opt/ros/humble/opt/rviz_ogre_vendor/lib:/opt/ros/humble/lib/x86_64-linux-gnu:/opt/ros/humble/lib:/usr/local/cuda-12.9/lib64 /usr/bin/cmake --install /home/alr/Desktop/new_perception/new_eufs_ws/build/my_controller_pkg[0m
[44.191s] [34mcolcon.colcon_core.environment[0m [1;30mLevel 1[0m create_environment_scripts_only(my_controller_pkg)
[44.192s] [34mcolcon.colcon_core.environment[0m [1;30mLevel 1[0m checking '/home/alr/Desktop/new_perception/new_eufs_ws/install/my_controller_pkg' for CMake module files
[44.192s] [34mcolcon.colcon_core.event_handler.log_command[0m [1;30mDEBUG[0m [32mInvoked command in '/home/alr/Desktop/new_perception/new_eufs_ws/build/my_controller_pkg' returned '0': CMAKE_PREFIX_PATH=/home/alr/Desktop/new_perception/new_eufs_ws/install/eufs_msgs:/home/alr/Desktop/new_perception/new_eufs_ws/install/vision_opencv:/home/alr/Desktop/new_perception/new_eufs_ws/install/perception_pkg:/home/alr/Desktop/new_perception/new_eufs_ws/install/my_state_estimator:/home/alr/Desktop/new_perception/new_eufs_ws/install/my_slam_pkg:/home/alr/Desktop/new_perception/new_eufs_ws/install/my_controller_pkg:/home/alr/Desktop/new_perception/new_eufs_ws/install/eufs_plugins:/home/alr/Desktop/new_perception/new_eufs_ws/install/image_geometry:/home/alr/Desktop/new_perception/new_eufs_ws/install/eufs_sensors:/home/alr/Desktop/new_perception/new_eufs_ws/install/eufs_models:/home/alr/Desktop/new_perception/new_eufs_ws/install/cv_bridge:/home/alr/Desktop/new_perception/new_eufs_ws/install/cone_msgs:/home/alr/Desktop/new_perception/new_eufs_ws/install/opencv_tests:/home/alr/Desktop/new_perception/new_eufs_ws/install/fsd_planner:/home/alr/Desktop/new_perception/new_eufs_ws/install/eufs_launcher:/home/alr/Desktop/new_perception/new_eufs_ws/install/eufs_tracks:/home/alr/Desktop/new_perception/new_eufs_ws/install/eufs_rqt:/home/alr/Desktop/new_perception/new_eufs_ws/install/eufs_racecar:/opt/ros/humble LD_LIBRARY_PATH=/home/alr/Desktop/new_perception/new_eufs_ws/install/eufs_msgs/lib:/opt/opencv-4.12/lib:/home/alr/Desktop/new_perception/new_eufs_ws/install/eufs_plugins/lib:/home/alr/Desktop/new_perception/new_eufs_ws/install/image_geometry/lib:/home/alr/Desktop/new_perception/new_eufs_ws/install/eufs_models/lib:/home/alr/Desktop/new_perception/new_eufs_ws/install/cv_bridge/lib:/home/alr/Desktop/new_perception/new_eufs_ws/install/cone_msgs/lib:/usr/lib/x86_64-linux-gnu/gazebo-11/plugins:/opt/ros/humble/opt/rviz_ogre_vendor/lib:/opt/ros/humble/lib/x86_64-linux-gnu:/opt/ros/humble/lib:/usr/local/cuda-12.9/lib64 /usr/bin/cmake --install /home/alr/Desktop/new_perception/new_eufs_ws/build/my_controller_pkg[0m
[44.192s] [34mcolcon.colcon_core.environment[0m [1;30mLevel 1[0m checking '/home/alr/Desktop/new_perception/new_eufs_ws/install/my_controller_pkg' for CMake config files
[44.192s] [34mcolcon.colcon_core.shell[0m [1;30mLevel 1[0m create_environment_hook('my_controller_pkg', 'cmake_prefix_path')
[44.192s] [34mcolcon.colcon_core.shell[0m [1;30mINFO[0m Creating environment hook '/home/alr/Desktop/new_perception/new_eufs_ws/install/my_controller_pkg/share/my_controller_pkg/hook/cmake_prefix_path.ps1'
[44.193s] [34mcolcon.colcon_core.shell[0m [1;30mINFO[0m Creating environment descriptor '/home/alr/Desktop/new_perception/new_eufs_ws/install/my_controller_pkg/share/my_controller_pkg/hook/cmake_prefix_path.dsv'
[44.193s] [34mcolcon.colcon_core.shell[0m [1;30mINFO[0m Creating environment hook '/home/alr/Desktop/new_perception/new_eufs_ws/install/my_controller_pkg/share/my_controller_pkg/hook/cmake_prefix_path.sh'
[44.193s] [34mcolcon.colcon_core.environment[0m [1;30mLevel 1[0m checking '/home/alr/Desktop/new_perception/new_eufs_ws/install/my_controller_pkg/lib'
[44.193s] [34mcolcon.colcon_core.environment[0m [1;30mLevel 1[0m checking '/home/alr/Desktop/new_perception/new_eufs_ws/install/my_controller_pkg/bin'
[44.193s] [34mcolcon.colcon_core.environment[0m [1;30mLevel 1[0m checking '/home/alr/Desktop/new_perception/new_eufs_ws/install/my_controller_pkg/lib/pkgconfig/my_controller_pkg.pc'
[44.194s] [34mcolcon.colcon_core.environment[0m [1;30mLevel 1[0m checking '/home/alr/Desktop/new_perception/new_eufs_ws/install/my_controller_pkg/lib/python3.10/site-packages'
[44.194s] [34mcolcon.colcon_core.environment[0m [1;30mLevel 1[0m checking '/home/alr/Desktop/new_perception/new_eufs_ws/install/my_controller_pkg/bin'
[44.194s] [34mcolcon.colcon_core.shell[0m [1;30mINFO[0m Creating package script '/home/alr/Desktop/new_perception/new_eufs_ws/install/my_controller_pkg/share/my_controller_pkg/package.ps1'
[44.194s] [34mcolcon.colcon_core.shell[0m [1;30mINFO[0m Creating package descriptor '/home/alr/Desktop/new_perception/new_eufs_ws/install/my_controller_pkg/share/my_controller_pkg/package.dsv'
[44.195s] [34mcolcon.colcon_core.shell[0m [1;30mINFO[0m Creating package script '/home/alr/Desktop/new_perception/new_eufs_ws/install/my_controller_pkg/share/my_controller_pkg/package.sh'
[44.195s] [34mcolcon.colcon_core.shell[0m [1;30mINFO[0m Creating package script '/home/alr/Desktop/new_perception/new_eufs_ws/install/my_controller_pkg/share/my_controller_pkg/package.bash'
[44.195s] [34mcolcon.colcon_core.shell[0m [1;30mINFO[0m Creating package script '/home/alr/Desktop/new_perception/new_eufs_ws/install/my_controller_pkg/share/my_controller_pkg/package.zsh'
[44.195s] [34mcolcon.colcon_core.environment[0m [1;30mLevel 1[0m create_file_with_runtime_dependencies(/home/alr/Desktop/new_perception/new_eufs_ws/install/my_controller_pkg/share/colcon-core/packages/my_controller_pkg)
[44.195s] [34mcolcon.colcon_core.environment[0m [1;30mLevel 1[0m create_environment_scripts_only(my_controller_pkg)
[44.196s] [34mcolcon.colcon_core.environment[0m [1;30mLevel 1[0m checking '/home/alr/Desktop/new_perception/new_eufs_ws/install/my_controller_pkg' for CMake module files
[44.196s] [34mcolcon.colcon_core.environment[0m [1;30mLevel 1[0m checking '/home/alr/Desktop/new_perception/new_eufs_ws/install/my_controller_pkg' for CMake config files
[44.196s] [34mcolcon.colcon_core.shell[0m [1;30mLevel 1[0m create_environment_hook('my_controller_pkg', 'cmake_prefix_path')
[44.196s] [34mcolcon.colcon_core.shell[0m [1;30mINFO[0m Creating environment hook '/home/alr/Desktop/new_perception/new_eufs_ws/install/my_controller_pkg/share/my_controller_pkg/hook/cmake_prefix_path.ps1'
[44.196s] [34mcolcon.colcon_core.shell[0m [1;30mINFO[0m Creating environment descriptor '/home/alr/Desktop/new_perception/new_eufs_ws/install/my_controller_pkg/share/my_controller_pkg/hook/cmake_prefix_path.dsv'
[44.197s] [34mcolcon.colcon_core.shell[0m [1;30mINFO[0m Creating environment hook '/home/alr/Desktop/new_perception/new_eufs_ws/install/my_controller_pkg/share/my_controller_pkg/hook/cmake_prefix_path.sh'
[44.197s] [34mcolcon.colcon_core.environment[0m [1;30mLevel 1[0m checking '/home/alr/Desktop/new_perception/new_eufs_ws/install/my_controller_pkg/lib'
[44.197s] [34mcolcon.colcon_core.environment[0m [1;30mLevel 1[0m checking '/home/alr/Desktop/new_perception/new_eufs_ws/install/my_controller_pkg/bin'
[44.197s] [34mcolcon.colcon_core.environment[0m [1;30mLevel 1[0m checking '/home/alr/Desktop/new_perception/new_eufs_ws/install/my_controller_pkg/lib/pkgconfig/my_controller_pkg.pc'
[44.197s] [34mcolcon.colcon_core.environment[0m [1;30mLevel 1[0m checking '/home/alr/Desktop/new_perception/new_eufs_ws/install/my_controller_pkg/lib/python3.10/site-packages'
[44.197s] [34mcolcon.colcon_core.environment[0m [1;30mLevel 1[0m checking '/home/alr/Desktop/new_perception/new_eufs_ws/install/my_controller_pkg/bin'
[44.197s] [34mcolcon.colcon_core.shell[0m [1;30mINFO[0m Creating package script '/home/alr/Desktop/new_perception/new_eufs_ws/install/my_controller_pkg/share/my_controller_pkg/package.ps1'
[44.198s] [34mcolcon.colcon_core.shell[0m [1;30mINFO[0m Creating package descriptor '/home/alr/Desktop/new_perception/new_eufs_ws/install/my_controller_pkg/share/my_controller_pkg/package.dsv'
[44.198s] [34mcolcon.colcon_core.shell[0m [1;30mINFO[0m Creating package script '/home/alr/Desktop/new_perception/new_eufs_ws/install/my_controller_pkg/share/my_controller_pkg/package.sh'
[44.198s] [34mcolcon.colcon_core.shell[0m [1;30mINFO[0m Creating package script '/home/alr/Desktop/new_perception/new_eufs_ws/install/my_controller_pkg/share/my_controller_pkg/package.bash'
[44.199s] [34mcolcon.colcon_core.shell[0m [1;30mINFO[0m Creating package script '/home/alr/Desktop/new_perception/new_eufs_ws/install/my_controller_pkg/share/my_controller_pkg/package.zsh'
[44.199s] [34mcolcon.colcon_core.environment[0m [1;30mLevel 1[0m create_file_with_runtime_dependencies(/home/alr/Desktop/new_perception/new_eufs_ws/install/my_controller_pkg/share/colcon-core/packages/my_controller_pkg)
[44.486s] [34mcolcon.colcon_core.event_handler.log_command[0m [1;30mDEBUG[0m [32mInvoked command in '/home/alr/Desktop/new_perception/new_eufs_ws/build/my_state_estimator' returned '0': CMAKE_PREFIX_PATH=/home/alr/Desktop/new_perception/new_eufs_ws/install/eufs_msgs:/home/alr/Desktop/new_perception/new_eufs_ws/install/vision_opencv:/home/alr/Desktop/new_perception/new_eufs_ws/install/perception_pkg:/home/alr/Desktop/new_perception/new_eufs_ws/install/my_state_estimator:/home/alr/Desktop/new_perception/new_eufs_ws/install/my_slam_pkg:/home/alr/Desktop/new_perception/new_eufs_ws/install/my_controller_pkg:/home/alr/Desktop/new_perception/new_eufs_ws/install/eufs_plugins:/home/alr/Desktop/new_perception/new_eufs_ws/install/image_geometry:/home/alr/Desktop/new_perception/new_eufs_ws/install/eufs_sensors:/home/alr/Desktop/new_perception/new_eufs_ws/install/eufs_models:/home/alr/Desktop/new_perception/new_eufs_ws/install/cv_bridge:/home/alr/Desktop/new_perception/new_eufs_ws/install/cone_msgs:/home/alr/Desktop/new_perception/new_eufs_ws/install/opencv_tests:/home/alr/Desktop/new_perception/new_eufs_ws/install/fsd_planner:/home/alr/Desktop/new_perception/new_eufs_ws/install/eufs_launcher:/home/alr/Desktop/new_perception/new_eufs_ws/install/eufs_tracks:/home/alr/Desktop/new_perception/new_eufs_ws/install/eufs_rqt:/home/alr/Desktop/new_perception/new_eufs_ws/install/eufs_racecar:/opt/ros/humble LD_LIBRARY_PATH=/home/alr/Desktop/new_perception/new_eufs_ws/install/eufs_msgs/lib:/opt/opencv-4.12/lib:/home/alr/Desktop/new_perception/new_eufs_ws/install/eufs_plugins/lib:/home/alr/Desktop/new_perception/new_eufs_ws/install/image_geometry/lib:/home/alr/Desktop/new_perception/new_eufs_ws/install/eufs_models/lib:/home/alr/Desktop/new_perception/new_eufs_ws/install/cv_bridge/lib:/home/alr/Desktop/new_perception/new_eufs_ws/install/cone_msgs/lib:/usr/lib/x86_64-linux-gnu/gazebo-11/plugins:/opt/ros/humble/opt/rviz_ogre_vendor/lib:/opt/ros/humble/lib/x86_64-linux-gnu:/opt/ros/humble/lib:/usr/local/cuda-12.9/lib64 /usr/bin/cmake --build /home/alr/Desktop/new_perception/new_eufs_ws/build/my_state_estimator -- -j20 -l20[0m
[44.487s] [34mcolcon.colcon_core.event_handler.log_command[0m [1;30mDEBUG[0m [32mInvoking command in '/home/alr/Desktop/new_perception/new_eufs_ws/build/my_state_estimator': CMAKE_PREFIX_PATH=/home/alr/Desktop/new_perception/new_eufs_ws/install/eufs_msgs:/home/alr/Desktop/new_perception/new_eufs_ws/install/vision_opencv:/home/alr/Desktop/new_perception/new_eufs_ws/install/perception_pkg:/home/alr/Desktop/new_perception/new_eufs_ws/install/my_state_estimator:/home/alr/Desktop/new_perception/new_eufs_ws/install/my_slam_pkg:/home/alr/Desktop/new_perception/new_eufs_ws/install/my_controller_pkg:/home/alr/Desktop/new_perception/new_eufs_ws/install/eufs_plugins:/home/alr/Desktop/new_perception/new_eufs_ws/install/image_geometry:/home/alr/Desktop/new_perception/new_eufs_ws/install/eufs_sensors:/home/alr/Desktop/new_perception/new_eufs_ws/install/eufs_models:/home/alr/Desktop/new_perception/new_eufs_ws/install/cv_bridge:/home/alr/Desktop/new_perception/new_eufs_ws/install/cone_msgs:/home/alr/Desktop/new_perception/new_eufs_ws/install/opencv_tests:/home/alr/Desktop/new_perception/new_eufs_ws/install/fsd_planner:/home/alr/Desktop/new_perception/new_eufs_ws/install/eufs_launcher:/home/alr/Desktop/new_perception/new_eufs_ws/install/eufs_tracks:/home/alr/Desktop/new_perception/new_eufs_ws/install/eufs_rqt:/home/alr/Desktop/new_perception/new_eufs_ws/install/eufs_racecar:/opt/ros/humble LD_LIBRARY_PATH=/home/alr/Desktop/new_perception/new_eufs_ws/install/eufs_msgs/lib:/opt/opencv-4.12/lib:/home/alr/Desktop/new_perception/new_eufs_ws/install/eufs_plugins/lib:/home/alr/Desktop/new_perception/new_eufs_ws/install/image_geometry/lib:/home/alr/Desktop/new_perception/new_eufs_ws/install/eufs_models/lib:/home/alr/Desktop/new_perception/new_eufs_ws/install/cv_bridge/lib:/home/alr/Desktop/new_perception/new_eufs_ws/install/cone_msgs/lib:/usr/lib/x86_64-linux-gnu/gazebo-11/plugins:/opt/ros/humble/opt/rviz_ogre_vendor/lib:/opt/ros/humble/lib/x86_64-linux-gnu:/opt/ros/humble/lib:/usr/local/cuda-12.9/lib64 /usr/bin/cmake --install /home/alr/Desktop/new_perception/new_eufs_ws/build/my_state_estimator[0m
[44.628s] [34mcolcon.colcon_core.environment[0m [1;30mLevel 1[0m create_environment_scripts_only(my_state_estimator)
[44.629s] [34mcolcon.colcon_core.environment[0m [1;30mLevel 1[0m checking '/home/alr/Desktop/new_perception/new_eufs_ws/install/my_state_estimator' for CMake module files
[44.629s] [34mcolcon.colcon_core.event_handler.log_command[0m [1;30mDEBUG[0m [32mInvoked command in '/home/alr/Desktop/new_perception/new_eufs_ws/build/my_state_estimator' returned '0': CMAKE_PREFIX_PATH=/home/alr/Desktop/new_perception/new_eufs_ws/install/eufs_msgs:/home/alr/Desktop/new_perception/new_eufs_ws/install/vision_opencv:/home/alr/Desktop/new_perception/new_eufs_ws/install/perception_pkg:/home/alr/Desktop/new_perception/new_eufs_ws/install/my_state_estimator:/home/alr/Desktop/new_perception/new_eufs_ws/install/my_slam_pkg:/home/alr/Desktop/new_perception/new_eufs_ws/install/my_controller_pkg:/home/alr/Desktop/new_perception/new_eufs_ws/install/eufs_plugins:/home/alr/Desktop/new_perception/new_eufs_ws/install/image_geometry:/home/alr/Desktop/new_perception/new_eufs_ws/install/eufs_sensors:/home/alr/Desktop/new_perception/new_eufs_ws/install/eufs_models:/home/alr/Desktop/new_perception/new_eufs_ws/install/cv_bridge:/home/alr/Desktop/new_perception/new_eufs_ws/install/cone_msgs:/home/alr/Desktop/new_perception/new_eufs_ws/install/opencv_tests:/home/alr/Desktop/new_perception/new_eufs_ws/install/fsd_planner:/home/alr/Desktop/new_perception/new_eufs_ws/install/eufs_launcher:/home/alr/Desktop/new_perception/new_eufs_ws/install/eufs_tracks:/home/alr/Desktop/new_perception/new_eufs_ws/install/eufs_rqt:/home/alr/Desktop/new_perception/new_eufs_ws/install/eufs_racecar:/opt/ros/humble LD_LIBRARY_PATH=/home/alr/Desktop/new_perception/new_eufs_ws/install/eufs_msgs/lib:/opt/opencv-4.12/lib:/home/alr/Desktop/new_perception/new_eufs_ws/install/eufs_plugins/lib:/home/alr/Desktop/new_perception/new_eufs_ws/install/image_geometry/lib:/home/alr/Desktop/new_perception/new_eufs_ws/install/eufs_models/lib:/home/alr/Desktop/new_perception/new_eufs_ws/install/cv_bridge/lib:/home/alr/Desktop/new_perception/new_eufs_ws/install/cone_msgs/lib:/usr/lib/x86_64-linux-gnu/gazebo-11/plugins:/opt/ros/humble/opt/rviz_ogre_vendor/lib:/opt/ros/humble/lib/x86_64-linux-gnu:/opt/ros/humble/lib:/usr/local/cuda-12.9/lib64 /usr/bin/cmake --install /home/alr/Desktop/new_perception/new_eufs_ws/build/my_state_estimator[0m
[44.630s] [34mcolcon.colcon_core.environment[0m [1;30mLevel 1[0m checking '/home/alr/Desktop/new_perception/new_eufs_ws/install/my_state_estimator' for CMake config files
[44.630s] [34mcolcon.colcon_core.shell[0m [1;30mLevel 1[0m create_environment_hook('my_state_estimator', 'cmake_prefix_path')
[44.630s] [34mcolcon.colcon_core.shell[0m [1;30mINFO[0m Creating environment hook '/home/alr/Desktop/new_perception/new_eufs_ws/install/my_state_estimator/share/my_state_estimator/hook/cmake_prefix_path.ps1'
[44.630s] [34mcolcon.colcon_core.shell[0m [1;30mINFO[0m Creating environment descriptor '/home/alr/Desktop/new_perception/new_eufs_ws/install/my_state_estimator/share/my_state_estimator/hook/cmake_prefix_path.dsv'
[44.631s] [34mcolcon.colcon_core.shell[0m [1;30mINFO[0m Creating environment hook '/home/alr/Desktop/new_perception/new_eufs_ws/install/my_state_estimator/share/my_state_estimator/hook/cmake_prefix_path.sh'
[44.631s] [34mcolcon.colcon_core.environment[0m [1;30mLevel 1[0m checking '/home/alr/Desktop/new_perception/new_eufs_ws/install/my_state_estimator/lib'
[44.631s] [34mcolcon.colcon_core.environment[0m [1;30mLevel 1[0m checking '/home/alr/Desktop/new_perception/new_eufs_ws/install/my_state_estimator/bin'
[44.631s] [34mcolcon.colcon_core.environment[0m [1;30mLevel 1[0m checking '/home/alr/Desktop/new_perception/new_eufs_ws/install/my_state_estimator/lib/pkgconfig/my_state_estimator.pc'
[44.632s] [34mcolcon.colcon_core.environment[0m [1;30mLevel 1[0m checking '/home/alr/Desktop/new_perception/new_eufs_ws/install/my_state_estimator/lib/python3.10/site-packages'
[44.632s] [34mcolcon.colcon_core.environment[0m [1;30mLevel 1[0m checking '/home/alr/Desktop/new_perception/new_eufs_ws/install/my_state_estimator/bin'
[44.632s] [34mcolcon.colcon_core.shell[0m [1;30mINFO[0m Creating package script '/home/alr/Desktop/new_perception/new_eufs_ws/install/my_state_estimator/share/my_state_estimator/package.ps1'
[44.633s] [34mcolcon.colcon_core.shell[0m [1;30mINFO[0m Creating package descriptor '/home/alr/Desktop/new_perception/new_eufs_ws/install/my_state_estimator/share/my_state_estimator/package.dsv'
[44.633s] [34mcolcon.colcon_core.shell[0m [1;30mINFO[0m Creating package script '/home/alr/Desktop/new_perception/new_eufs_ws/install/my_state_estimator/share/my_state_estimator/package.sh'
[44.633s] [34mcolcon.colcon_core.shell[0m [1;30mINFO[0m Creating package script '/home/alr/Desktop/new_perception/new_eufs_ws/install/my_state_estimator/share/my_state_estimator/package.bash'
[44.634s] [34mcolcon.colcon_core.shell[0m [1;30mINFO[0m Creating package script '/home/alr/Desktop/new_perception/new_eufs_ws/install/my_state_estimator/share/my_state_estimator/package.zsh'
[44.634s] [34mcolcon.colcon_core.environment[0m [1;30mLevel 1[0m create_file_with_runtime_dependencies(/home/alr/Desktop/new_perception/new_eufs_ws/install/my_state_estimator/share/colcon-core/packages/my_state_estimator)
[44.635s] [34mcolcon.colcon_core.environment[0m [1;30mLevel 1[0m create_environment_scripts_only(my_state_estimator)
[44.635s] [34mcolcon.colcon_core.environment[0m [1;30mLevel 1[0m checking '/home/alr/Desktop/new_perception/new_eufs_ws/install/my_state_estimator' for CMake module files
[44.635s] [34mcolcon.colcon_core.environment[0m [1;30mLevel 1[0m checking '/home/alr/Desktop/new_perception/new_eufs_ws/install/my_state_estimator' for CMake config files
[44.636s] [34mcolcon.colcon_core.shell[0m [1;30mLevel 1[0m create_environment_hook('my_state_estimator', 'cmake_prefix_path')
[44.636s] [34mcolcon.colcon_core.shell[0m [1;30mINFO[0m Creating environment hook '/home/alr/Desktop/new_perception/new_eufs_ws/install/my_state_estimator/share/my_state_estimator/hook/cmake_prefix_path.ps1'
[44.636s] [34mcolcon.colcon_core.shell[0m [1;30mINFO[0m Creating environment descriptor '/home/alr/Desktop/new_perception/new_eufs_ws/install/my_state_estimator/share/my_state_estimator/hook/cmake_prefix_path.dsv'
[44.636s] [34mcolcon.colcon_core.shell[0m [1;30mINFO[0m Creating environment hook '/home/alr/Desktop/new_perception/new_eufs_ws/install/my_state_estimator/share/my_state_estimator/hook/cmake_prefix_path.sh'
[44.637s] [34mcolcon.colcon_core.environment[0m [1;30mLevel 1[0m checking '/home/alr/Desktop/new_perception/new_eufs_ws/install/my_state_estimator/lib'
[44.637s] [34mcolcon.colcon_core.environment[0m [1;30mLevel 1[0m checking '/home/alr/Desktop/new_perception/new_eufs_ws/install/my_state_estimator/bin'
[44.637s] [34mcolcon.colcon_core.environment[0m [1;30mLevel 1[0m checking '/home/alr/Desktop/new_perception/new_eufs_ws/install/my_state_estimator/lib/pkgconfig/my_state_estimator.pc'
[44.637s] [34mcolcon.colcon_core.environment[0m [1;30mLevel 1[0m checking '/home/alr/Desktop/new_perception/new_eufs_ws/install/my_state_estimator/lib/python3.10/site-packages'
[44.638s] [34mcolcon.colcon_core.environment[0m [1;30mLevel 1[0m checking '/home/alr/Desktop/new_perception/new_eufs_ws/install/my_state_estimator/bin'
[44.638s] [34mcolcon.colcon_core.shell[0m [1;30mINFO[0m Creating package script '/home/alr/Desktop/new_perception/new_eufs_ws/install/my_state_estimator/share/my_state_estimator/package.ps1'
[44.638s] [34mcolcon.colcon_core.shell[0m [1;30mINFO[0m Creating package descriptor '/home/alr/Desktop/new_perception/new_eufs_ws/install/my_state_estimator/share/my_state_estimator/package.dsv'
[44.639s] [34mcolcon.colcon_core.shell[0m [1;30mINFO[0m Creating package script '/home/alr/Desktop/new_perception/new_eufs_ws/install/my_state_estimator/share/my_state_estimator/package.sh'
[44.639s] [34mcolcon.colcon_core.shell[0m [1;30mINFO[0m Creating package script '/home/alr/Desktop/new_perception/new_eufs_ws/install/my_state_estimator/share/my_state_estimator/package.bash'
[44.640s] [34mcolcon.colcon_core.shell[0m [1;30mINFO[0m Creating package script '/home/alr/Desktop/new_perception/new_eufs_ws/install/my_state_estimator/share/my_state_estimator/package.zsh'
[44.640s] [34mcolcon.colcon_core.environment[0m [1;30mLevel 1[0m create_file_with_runtime_dependencies(/home/alr/Desktop/new_perception/new_eufs_ws/install/my_state_estimator/share/colcon-core/packages/my_state_estimator)
[46.835s] [34mcolcon.colcon_core.event_handler.log_command[0m [1;30mDEBUG[0m [32mInvoked command in '/home/alr/Desktop/new_perception/new_eufs_ws/build/my_slam_pkg' returned '0': CMAKE_PREFIX_PATH=/home/alr/Desktop/new_perception/new_eufs_ws/install/eufs_msgs:/home/alr/Desktop/new_perception/new_eufs_ws/install/vision_opencv:/home/alr/Desktop/new_perception/new_eufs_ws/install/perception_pkg:/home/alr/Desktop/new_perception/new_eufs_ws/install/my_state_estimator:/home/alr/Desktop/new_perception/new_eufs_ws/install/my_slam_pkg:/home/alr/Desktop/new_perception/new_eufs_ws/install/my_controller_pkg:/home/alr/Desktop/new_perception/new_eufs_ws/install/eufs_plugins:/home/alr/Desktop/new_perception/new_eufs_ws/install/image_geometry:/home/alr/Desktop/new_perception/new_eufs_ws/install/eufs_sensors:/home/alr/Desktop/new_perception/new_eufs_ws/install/eufs_models:/home/alr/Desktop/new_perception/new_eufs_ws/install/cv_bridge:/home/alr/Desktop/new_perception/new_eufs_ws/install/cone_msgs:/home/alr/Desktop/new_perception/new_eufs_ws/install/opencv_tests:/home/alr/Desktop/new_perception/new_eufs_ws/install/fsd_planner:/home/alr/Desktop/new_perception/new_eufs_ws/install/eufs_launcher:/home/alr/Desktop/new_perception/new_eufs_ws/install/eufs_tracks:/home/alr/Desktop/new_perception/new_eufs_ws/install/eufs_rqt:/home/alr/Desktop/new_perception/new_eufs_ws/install/eufs_racecar:/opt/ros/humble LD_LIBRARY_PATH=/home/alr/Desktop/new_perception/new_eufs_ws/install/eufs_msgs/lib:/opt/opencv-4.12/lib:/home/alr/Desktop/new_perception/new_eufs_ws/install/eufs_plugins/lib:/home/alr/Desktop/new_perception/new_eufs_ws/install/image_geometry/lib:/home/alr/Desktop/new_perception/new_eufs_ws/install/eufs_models/lib:/home/alr/Desktop/new_perception/new_eufs_ws/install/cv_bridge/lib:/home/alr/Desktop/new_perception/new_eufs_ws/install/cone_msgs/lib:/usr/lib/x86_64-linux-gnu/gazebo-11/plugins:/opt/ros/humble/opt/rviz_ogre_vendor/lib:/opt/ros/humble/lib/x86_64-linux-gnu:/opt/ros/humble/lib:/usr/local/cuda-12.9/lib64 /usr/bin/cmake --build /home/alr/Desktop/new_perception/new_eufs_ws/build/my_slam_pkg -- -j20 -l20[0m
[46.837s] [34mcolcon.colcon_core.event_handler.log_command[0m [1;30mDEBUG[0m [32mInvoking command in '/home/alr/Desktop/new_perception/new_eufs_ws/build/my_slam_pkg': CMAKE_PREFIX_PATH=/home/alr/Desktop/new_perception/new_eufs_ws/install/eufs_msgs:/home/alr/Desktop/new_perception/new_eufs_ws/install/vision_opencv:/home/alr/Desktop/new_perception/new_eufs_ws/install/perception_pkg:/home/alr/Desktop/new_perception/new_eufs_ws/install/my_state_estimator:/home/alr/Desktop/new_perception/new_eufs_ws/install/my_slam_pkg:/home/alr/Desktop/new_perception/new_eufs_ws/install/my_controller_pkg:/home/alr/Desktop/new_perception/new_eufs_ws/install/eufs_plugins:/home/alr/Desktop/new_perception/new_eufs_ws/install/image_geometry:/home/alr/Desktop/new_perception/new_eufs_ws/install/eufs_sensors:/home/alr/Desktop/new_perception/new_eufs_ws/install/eufs_models:/home/alr/Desktop/new_perception/new_eufs_ws/install/cv_bridge:/home/alr/Desktop/new_perception/new_eufs_ws/install/cone_msgs:/home/alr/Desktop/new_perception/new_eufs_ws/install/opencv_tests:/home/alr/Desktop/new_perception/new_eufs_ws/install/fsd_planner:/home/alr/Desktop/new_perception/new_eufs_ws/install/eufs_launcher:/home/alr/Desktop/new_perception/new_eufs_ws/install/eufs_tracks:/home/alr/Desktop/new_perception/new_eufs_ws/install/eufs_rqt:/home/alr/Desktop/new_perception/new_eufs_ws/install/eufs_racecar:/opt/ros/humble LD_LIBRARY_PATH=/home/alr/Desktop/new_perception/new_eufs_ws/install/eufs_msgs/lib:/opt/opencv-4.12/lib:/home/alr/Desktop/new_perception/new_eufs_ws/install/eufs_plugins/lib:/home/alr/Desktop/new_perception/new_eufs_ws/install/image_geometry/lib:/home/alr/Desktop/new_perception/new_eufs_ws/install/eufs_models/lib:/home/alr/Desktop/new_perception/new_eufs_ws/install/cv_bridge/lib:/home/alr/Desktop/new_perception/new_eufs_ws/install/cone_msgs/lib:/usr/lib/x86_64-linux-gnu/gazebo-11/plugins:/opt/ros/humble/opt/rviz_ogre_vendor/lib:/opt/ros/humble/lib/x86_64-linux-gnu:/opt/ros/humble/lib:/usr/local/cuda-12.9/lib64 /usr/bin/cmake --install /home/alr/Desktop/new_perception/new_eufs_ws/build/my_slam_pkg[0m
[46.973s] [34mcolcon.colcon_core.environment[0m [1;30mLevel 1[0m create_environment_scripts_only(my_slam_pkg)
[46.973s] [34mcolcon.colcon_core.environment[0m [1;30mLevel 1[0m checking '/home/alr/Desktop/new_perception/new_eufs_ws/install/my_slam_pkg' for CMake module files
[46.974s] [34mcolcon.colcon_core.event_handler.log_command[0m [1;30mDEBUG[0m [32mInvoked command in '/home/alr/Desktop/new_perception/new_eufs_ws/build/my_slam_pkg' returned '0': CMAKE_PREFIX_PATH=/home/alr/Desktop/new_perception/new_eufs_ws/install/eufs_msgs:/home/alr/Desktop/new_perception/new_eufs_ws/install/vision_opencv:/home/alr/Desktop/new_perception/new_eufs_ws/install/perception_pkg:/home/alr/Desktop/new_perception/new_eufs_ws/install/my_state_estimator:/home/alr/Desktop/new_perception/new_eufs_ws/install/my_slam_pkg:/home/alr/Desktop/new_perception/new_eufs_ws/install/my_controller_pkg:/home/alr/Desktop/new_perception/new_eufs_ws/install/eufs_plugins:/home/alr/Desktop/new_perception/new_eufs_ws/install/image_geometry:/home/alr/Desktop/new_perception/new_eufs_ws/install/eufs_sensors:/home/alr/Desktop/new_perception/new_eufs_ws/install/eufs_models:/home/alr/Desktop/new_perception/new_eufs_ws/install/cv_bridge:/home/alr/Desktop/new_perception/new_eufs_ws/install/cone_msgs:/home/alr/Desktop/new_perception/new_eufs_ws/install/opencv_tests:/home/alr/Desktop/new_perception/new_eufs_ws/install/fsd_planner:/home/alr/Desktop/new_perception/new_eufs_ws/install/eufs_launcher:/home/alr/Desktop/new_perception/new_eufs_ws/install/eufs_tracks:/home/alr/Desktop/new_perception/new_eufs_ws/install/eufs_rqt:/home/alr/Desktop/new_perception/new_eufs_ws/install/eufs_racecar:/opt/ros/humble LD_LIBRARY_PATH=/home/alr/Desktop/new_perception/new_eufs_ws/install/eufs_msgs/lib:/opt/opencv-4.12/lib:/home/alr/Desktop/new_perception/new_eufs_ws/install/eufs_plugins/lib:/home/alr/Desktop/new_perception/new_eufs_ws/install/image_geometry/lib:/home/alr/Desktop/new_perception/new_eufs_ws/install/eufs_models/lib:/home/alr/Desktop/new_perception/new_eufs_ws/install/cv_bridge/lib:/home/alr/Desktop/new_perception/new_eufs_ws/install/cone_msgs/lib:/usr/lib/x86_64-linux-gnu/gazebo-11/plugins:/opt/ros/humble/opt/rviz_ogre_vendor/lib:/opt/ros/humble/lib/x86_64-linux-gnu:/opt/ros/humble/lib:/usr/local/cuda-12.9/lib64 /usr/bin/cmake --install /home/alr/Desktop/new_perception/new_eufs_ws/build/my_slam_pkg[0m
[46.974s] [34mcolcon.colcon_core.environment[0m [1;30mLevel 1[0m checking '/home/alr/Desktop/new_perception/new_eufs_ws/install/my_slam_pkg' for CMake config files
[46.974s] [34mcolcon.colcon_core.shell[0m [1;30mLevel 1[0m create_environment_hook('my_slam_pkg', 'cmake_prefix_path')
[46.975s] [34mcolcon.colcon_core.shell[0m [1;30mINFO[0m Creating environment hook '/home/alr/Desktop/new_perception/new_eufs_ws/install/my_slam_pkg/share/my_slam_pkg/hook/cmake_prefix_path.ps1'
[46.975s] [34mcolcon.colcon_core.shell[0m [1;30mINFO[0m Creating environment descriptor '/home/alr/Desktop/new_perception/new_eufs_ws/install/my_slam_pkg/share/my_slam_pkg/hook/cmake_prefix_path.dsv'
[46.975s] [34mcolcon.colcon_core.shell[0m [1;30mINFO[0m Creating environment hook '/home/alr/Desktop/new_perception/new_eufs_ws/install/my_slam_pkg/share/my_slam_pkg/hook/cmake_prefix_path.sh'
[46.976s] [34mcolcon.colcon_core.environment[0m [1;30mLevel 1[0m checking '/home/alr/Desktop/new_perception/new_eufs_ws/install/my_slam_pkg/lib'
[46.976s] [34mcolcon.colcon_core.environment[0m [1;30mLevel 1[0m checking '/home/alr/Desktop/new_perception/new_eufs_ws/install/my_slam_pkg/bin'
[46.976s] [34mcolcon.colcon_core.environment[0m [1;30mLevel 1[0m checking '/home/alr/Desktop/new_perception/new_eufs_ws/install/my_slam_pkg/lib/pkgconfig/my_slam_pkg.pc'
[46.976s] [34mcolcon.colcon_core.environment[0m [1;30mLevel 1[0m checking '/home/alr/Desktop/new_perception/new_eufs_ws/install/my_slam_pkg/lib/python3.10/site-packages'
[46.976s] [34mcolcon.colcon_core.environment[0m [1;30mLevel 1[0m checking '/home/alr/Desktop/new_perception/new_eufs_ws/install/my_slam_pkg/bin'
[46.977s] [34mcolcon.colcon_core.shell[0m [1;30mINFO[0m Creating package script '/home/alr/Desktop/new_perception/new_eufs_ws/install/my_slam_pkg/share/my_slam_pkg/package.ps1'
[46.977s] [34mcolcon.colcon_core.shell[0m [1;30mINFO[0m Creating package descriptor '/home/alr/Desktop/new_perception/new_eufs_ws/install/my_slam_pkg/share/my_slam_pkg/package.dsv'
[46.978s] [34mcolcon.colcon_core.shell[0m [1;30mINFO[0m Creating package script '/home/alr/Desktop/new_perception/new_eufs_ws/install/my_slam_pkg/share/my_slam_pkg/package.sh'
[46.978s] [34mcolcon.colcon_core.shell[0m [1;30mINFO[0m Creating package script '/home/alr/Desktop/new_perception/new_eufs_ws/install/my_slam_pkg/share/my_slam_pkg/package.bash'
[46.978s] [34mcolcon.colcon_core.shell[0m [1;30mINFO[0m Creating package script '/home/alr/Desktop/new_perception/new_eufs_ws/install/my_slam_pkg/share/my_slam_pkg/package.zsh'
[46.979s] [34mcolcon.colcon_core.environment[0m [1;30mLevel 1[0m create_file_with_runtime_dependencies(/home/alr/Desktop/new_perception/new_eufs_ws/install/my_slam_pkg/share/colcon-core/packages/my_slam_pkg)
[46.979s] [34mcolcon.colcon_core.environment[0m [1;30mLevel 1[0m create_environment_scripts_only(my_slam_pkg)
[46.979s] [34mcolcon.colcon_core.environment[0m [1;30mLevel 1[0m checking '/home/alr/Desktop/new_perception/new_eufs_ws/install/my_slam_pkg' for CMake module files
[46.980s] [34mcolcon.colcon_core.environment[0m [1;30mLevel 1[0m checking '/home/alr/Desktop/new_perception/new_eufs_ws/install/my_slam_pkg' for CMake config files
[46.980s] [34mcolcon.colcon_core.shell[0m [1;30mLevel 1[0m create_environment_hook('my_slam_pkg', 'cmake_prefix_path')
[46.980s] [34mcolcon.colcon_core.shell[0m [1;30mINFO[0m Creating environment hook '/home/alr/Desktop/new_perception/new_eufs_ws/install/my_slam_pkg/share/my_slam_pkg/hook/cmake_prefix_path.ps1'
[46.980s] [34mcolcon.colcon_core.shell[0m [1;30mINFO[0m Creating environment descriptor '/home/alr/Desktop/new_perception/new_eufs_ws/install/my_slam_pkg/share/my_slam_pkg/hook/cmake_prefix_path.dsv'
[46.981s] [34mcolcon.colcon_core.shell[0m [1;30mINFO[0m Creating environment hook '/home/alr/Desktop/new_perception/new_eufs_ws/install/my_slam_pkg/share/my_slam_pkg/hook/cmake_prefix_path.sh'
[46.981s] [34mcolcon.colcon_core.environment[0m [1;30mLevel 1[0m checking '/home/alr/Desktop/new_perception/new_eufs_ws/install/my_slam_pkg/lib'
[46.981s] [34mcolcon.colcon_core.environment[0m [1;30mLevel 1[0m checking '/home/alr/Desktop/new_perception/new_eufs_ws/install/my_slam_pkg/bin'
[46.981s] [34mcolcon.colcon_core.environment[0m [1;30mLevel 1[0m checking '/home/alr/Desktop/new_perception/new_eufs_ws/install/my_slam_pkg/lib/pkgconfig/my_slam_pkg.pc'
[46.981s] [34mcolcon.colcon_core.environment[0m [1;30mLevel 1[0m checking '/home/alr/Desktop/new_perception/new_eufs_ws/install/my_slam_pkg/lib/python3.10/site-packages'
[46.982s] [34mcolcon.colcon_core.environment[0m [1;30mLevel 1[0m checking '/home/alr/Desktop/new_perception/new_eufs_ws/install/my_slam_pkg/bin'
[46.982s] [34mcolcon.colcon_core.shell[0m [1;30mINFO[0m Creating package script '/home/alr/Desktop/new_perception/new_eufs_ws/install/my_slam_pkg/share/my_slam_pkg/package.ps1'
[46.982s] [34mcolcon.colcon_core.shell[0m [1;30mINFO[0m Creating package descriptor '/home/alr/Desktop/new_perception/new_eufs_ws/install/my_slam_pkg/share/my_slam_pkg/package.dsv'
[46.982s] [34mcolcon.colcon_core.shell[0m [1;30mINFO[0m Creating package script '/home/alr/Desktop/new_perception/new_eufs_ws/install/my_slam_pkg/share/my_slam_pkg/package.sh'
[46.982s] [34mcolcon.colcon_core.shell[0m [1;30mINFO[0m Creating package script '/home/alr/Desktop/new_perception/new_eufs_ws/install/my_slam_pkg/share/my_slam_pkg/package.bash'
[46.983s] [34mcolcon.colcon_core.shell[0m [1;30mINFO[0m Creating package script '/home/alr/Desktop/new_perception/new_eufs_ws/install/my_slam_pkg/share/my_slam_pkg/package.zsh'
[46.983s] [34mcolcon.colcon_core.environment[0m [1;30mLevel 1[0m create_file_with_runtime_dependencies(/home/alr/Desktop/new_perception/new_eufs_ws/install/my_slam_pkg/share/colcon-core/packages/my_slam_pkg)
[53.580s] [34mcolcon.colcon_core.event_handler.log_command[0m [1;30mDEBUG[0m [32mInvoked command in '/home/alr/Desktop/new_perception/new_eufs_ws/build/eufs_plugins' returned '0': CMAKE_PREFIX_PATH=/home/alr/Desktop/new_perception/new_eufs_ws/install/eufs_models:/home/alr/Desktop/new_perception/new_eufs_ws/install/image_geometry:/home/alr/Desktop/new_perception/new_eufs_ws/install/eufs_msgs:/home/alr/Desktop/new_perception/new_eufs_ws/install/vision_opencv:/home/alr/Desktop/new_perception/new_eufs_ws/install/perception_pkg:/home/alr/Desktop/new_perception/new_eufs_ws/install/my_state_estimator:/home/alr/Desktop/new_perception/new_eufs_ws/install/my_slam_pkg:/home/alr/Desktop/new_perception/new_eufs_ws/install/my_controller_pkg:/home/alr/Desktop/new_perception/new_eufs_ws/install/eufs_plugins:/home/alr/Desktop/new_perception/new_eufs_ws/install/eufs_sensors:/home/alr/Desktop/new_perception/new_eufs_ws/install/cv_bridge:/home/alr/Desktop/new_perception/new_eufs_ws/install/cone_msgs:/home/alr/Desktop/new_perception/new_eufs_ws/install/opencv_tests:/home/alr/Desktop/new_perception/new_eufs_ws/install/fsd_planner:/home/alr/Desktop/new_perception/new_eufs_ws/install/eufs_launcher:/home/alr/Desktop/new_perception/new_eufs_ws/install/eufs_tracks:/home/alr/Desktop/new_perception/new_eufs_ws/install/eufs_rqt:/home/alr/Desktop/new_perception/new_eufs_ws/install/eufs_racecar:/opt/ros/humble LD_LIBRARY_PATH=/home/alr/Desktop/new_perception/new_eufs_ws/install/image_geometry/lib:/home/alr/Desktop/new_perception/new_eufs_ws/install/eufs_msgs/lib:/opt/opencv-4.12/lib:/home/alr/Desktop/new_perception/new_eufs_ws/install/eufs_plugins/lib:/home/alr/Desktop/new_perception/new_eufs_ws/install/eufs_models/lib:/home/alr/Desktop/new_perception/new_eufs_ws/install/cv_bridge/lib:/home/alr/Desktop/new_perception/new_eufs_ws/install/cone_msgs/lib:/usr/lib/x86_64-linux-gnu/gazebo-11/plugins:/opt/ros/humble/opt/rviz_ogre_vendor/lib:/opt/ros/humble/lib/x86_64-linux-gnu:/opt/ros/humble/lib:/usr/local/cuda-12.9/lib64 /usr/bin/cmake --build /home/alr/Desktop/new_perception/new_eufs_ws/build/eufs_plugins -- -j20 -l20[0m
[53.581s] [34mcolcon.colcon_core.event_handler.log_command[0m [1;30mDEBUG[0m [32mInvoking command in '/home/alr/Desktop/new_perception/new_eufs_ws/build/eufs_plugins': CMAKE_PREFIX_PATH=/home/alr/Desktop/new_perception/new_eufs_ws/install/eufs_models:/home/alr/Desktop/new_perception/new_eufs_ws/install/image_geometry:/home/alr/Desktop/new_perception/new_eufs_ws/install/eufs_msgs:/home/alr/Desktop/new_perception/new_eufs_ws/install/vision_opencv:/home/alr/Desktop/new_perception/new_eufs_ws/install/perception_pkg:/home/alr/Desktop/new_perception/new_eufs_ws/install/my_state_estimator:/home/alr/Desktop/new_perception/new_eufs_ws/install/my_slam_pkg:/home/alr/Desktop/new_perception/new_eufs_ws/install/my_controller_pkg:/home/alr/Desktop/new_perception/new_eufs_ws/install/eufs_plugins:/home/alr/Desktop/new_perception/new_eufs_ws/install/eufs_sensors:/home/alr/Desktop/new_perception/new_eufs_ws/install/cv_bridge:/home/alr/Desktop/new_perception/new_eufs_ws/install/cone_msgs:/home/alr/Desktop/new_perception/new_eufs_ws/install/opencv_tests:/home/alr/Desktop/new_perception/new_eufs_ws/install/fsd_planner:/home/alr/Desktop/new_perception/new_eufs_ws/install/eufs_launcher:/home/alr/Desktop/new_perception/new_eufs_ws/install/eufs_tracks:/home/alr/Desktop/new_perception/new_eufs_ws/install/eufs_rqt:/home/alr/Desktop/new_perception/new_eufs_ws/install/eufs_racecar:/opt/ros/humble LD_LIBRARY_PATH=/home/alr/Desktop/new_perception/new_eufs_ws/install/image_geometry/lib:/home/alr/Desktop/new_perception/new_eufs_ws/install/eufs_msgs/lib:/opt/opencv-4.12/lib:/home/alr/Desktop/new_perception/new_eufs_ws/install/eufs_plugins/lib:/home/alr/Desktop/new_perception/new_eufs_ws/install/eufs_models/lib:/home/alr/Desktop/new_perception/new_eufs_ws/install/cv_bridge/lib:/home/alr/Desktop/new_perception/new_eufs_ws/install/cone_msgs/lib:/usr/lib/x86_64-linux-gnu/gazebo-11/plugins:/opt/ros/humble/opt/rviz_ogre_vendor/lib:/opt/ros/humble/lib/x86_64-linux-gnu:/opt/ros/humble/lib:/usr/local/cuda-12.9/lib64 /usr/bin/cmake --install /home/alr/Desktop/new_perception/new_eufs_ws/build/eufs_plugins[0m
[53.838s] [34mcolcon.colcon_core.environment[0m [1;30mLevel 1[0m create_environment_scripts_only(eufs_plugins)
[53.838s] [34mcolcon.colcon_core.environment[0m [1;30mLevel 1[0m checking '/home/alr/Desktop/new_perception/new_eufs_ws/install/eufs_plugins' for CMake module files
[53.838s] [34mcolcon.colcon_core.event_handler.log_command[0m [1;30mDEBUG[0m [32mInvoked command in '/home/alr/Desktop/new_perception/new_eufs_ws/build/eufs_plugins' returned '0': CMAKE_PREFIX_PATH=/home/alr/Desktop/new_perception/new_eufs_ws/install/eufs_models:/home/alr/Desktop/new_perception/new_eufs_ws/install/image_geometry:/home/alr/Desktop/new_perception/new_eufs_ws/install/eufs_msgs:/home/alr/Desktop/new_perception/new_eufs_ws/install/vision_opencv:/home/alr/Desktop/new_perception/new_eufs_ws/install/perception_pkg:/home/alr/Desktop/new_perception/new_eufs_ws/install/my_state_estimator:/home/alr/Desktop/new_perception/new_eufs_ws/install/my_slam_pkg:/home/alr/Desktop/new_perception/new_eufs_ws/install/my_controller_pkg:/home/alr/Desktop/new_perception/new_eufs_ws/install/eufs_plugins:/home/alr/Desktop/new_perception/new_eufs_ws/install/eufs_sensors:/home/alr/Desktop/new_perception/new_eufs_ws/install/cv_bridge:/home/alr/Desktop/new_perception/new_eufs_ws/install/cone_msgs:/home/alr/Desktop/new_perception/new_eufs_ws/install/opencv_tests:/home/alr/Desktop/new_perception/new_eufs_ws/install/fsd_planner:/home/alr/Desktop/new_perception/new_eufs_ws/install/eufs_launcher:/home/alr/Desktop/new_perception/new_eufs_ws/install/eufs_tracks:/home/alr/Desktop/new_perception/new_eufs_ws/install/eufs_rqt:/home/alr/Desktop/new_perception/new_eufs_ws/install/eufs_racecar:/opt/ros/humble LD_LIBRARY_PATH=/home/alr/Desktop/new_perception/new_eufs_ws/install/image_geometry/lib:/home/alr/Desktop/new_perception/new_eufs_ws/install/eufs_msgs/lib:/opt/opencv-4.12/lib:/home/alr/Desktop/new_perception/new_eufs_ws/install/eufs_plugins/lib:/home/alr/Desktop/new_perception/new_eufs_ws/install/eufs_models/lib:/home/alr/Desktop/new_perception/new_eufs_ws/install/cv_bridge/lib:/home/alr/Desktop/new_perception/new_eufs_ws/install/cone_msgs/lib:/usr/lib/x86_64-linux-gnu/gazebo-11/plugins:/opt/ros/humble/opt/rviz_ogre_vendor/lib:/opt/ros/humble/lib/x86_64-linux-gnu:/opt/ros/humble/lib:/usr/local/cuda-12.9/lib64 /usr/bin/cmake --install /home/alr/Desktop/new_perception/new_eufs_ws/build/eufs_plugins[0m
[53.839s] [34mcolcon.colcon_core.environment[0m [1;30mLevel 1[0m checking '/home/alr/Desktop/new_perception/new_eufs_ws/install/eufs_plugins' for CMake config files
[53.839s] [34mcolcon.colcon_core.shell[0m [1;30mLevel 1[0m create_environment_hook('eufs_plugins', 'cmake_prefix_path')
[53.839s] [34mcolcon.colcon_core.shell[0m [1;30mINFO[0m Creating environment hook '/home/alr/Desktop/new_perception/new_eufs_ws/install/eufs_plugins/share/eufs_plugins/hook/cmake_prefix_path.ps1'
[53.840s] [34mcolcon.colcon_core.shell[0m [1;30mINFO[0m Creating environment descriptor '/home/alr/Desktop/new_perception/new_eufs_ws/install/eufs_plugins/share/eufs_plugins/hook/cmake_prefix_path.dsv'
[53.840s] [34mcolcon.colcon_core.shell[0m [1;30mINFO[0m Creating environment hook '/home/alr/Desktop/new_perception/new_eufs_ws/install/eufs_plugins/share/eufs_plugins/hook/cmake_prefix_path.sh'
[53.841s] [34mcolcon.colcon_core.environment[0m [1;30mLevel 1[0m checking '/home/alr/Desktop/new_perception/new_eufs_ws/install/eufs_plugins/lib'
[53.841s] [34mcolcon.colcon_core.shell[0m [1;30mLevel 1[0m create_environment_hook('eufs_plugins', 'ld_library_path_lib')
[53.841s] [34mcolcon.colcon_core.shell[0m [1;30mINFO[0m Creating environment hook '/home/alr/Desktop/new_perception/new_eufs_ws/install/eufs_plugins/share/eufs_plugins/hook/ld_library_path_lib.ps1'
[53.841s] [34mcolcon.colcon_core.shell[0m [1;30mINFO[0m Creating environment descriptor '/home/alr/Desktop/new_perception/new_eufs_ws/install/eufs_plugins/share/eufs_plugins/hook/ld_library_path_lib.dsv'
[53.841s] [34mcolcon.colcon_core.shell[0m [1;30mINFO[0m Creating environment hook '/home/alr/Desktop/new_perception/new_eufs_ws/install/eufs_plugins/share/eufs_plugins/hook/ld_library_path_lib.sh'
[53.841s] [34mcolcon.colcon_core.environment[0m [1;30mLevel 1[0m checking '/home/alr/Desktop/new_perception/new_eufs_ws/install/eufs_plugins/bin'
[53.841s] [34mcolcon.colcon_core.environment[0m [1;30mLevel 1[0m checking '/home/alr/Desktop/new_perception/new_eufs_ws/install/eufs_plugins/lib/pkgconfig/eufs_plugins.pc'
[53.841s] [34mcolcon.colcon_core.environment[0m [1;30mLevel 1[0m checking '/home/alr/Desktop/new_perception/new_eufs_ws/install/eufs_plugins/lib/python3.10/site-packages'
[53.842s] [34mcolcon.colcon_core.environment[0m [1;30mLevel 1[0m checking '/home/alr/Desktop/new_perception/new_eufs_ws/install/eufs_plugins/bin'
[53.842s] [34mcolcon.colcon_core.shell[0m [1;30mINFO[0m Creating package script '/home/alr/Desktop/new_perception/new_eufs_ws/install/eufs_plugins/share/eufs_plugins/package.ps1'
[53.842s] [34mcolcon.colcon_core.shell[0m [1;30mINFO[0m Creating package descriptor '/home/alr/Desktop/new_perception/new_eufs_ws/install/eufs_plugins/share/eufs_plugins/package.dsv'
[53.842s] [34mcolcon.colcon_core.shell[0m [1;30mINFO[0m Creating package script '/home/alr/Desktop/new_perception/new_eufs_ws/install/eufs_plugins/share/eufs_plugins/package.sh'
[53.842s] [34mcolcon.colcon_core.shell[0m [1;30mINFO[0m Creating package script '/home/alr/Desktop/new_perception/new_eufs_ws/install/eufs_plugins/share/eufs_plugins/package.bash'
[53.843s] [34mcolcon.colcon_core.shell[0m [1;30mINFO[0m Creating package script '/home/alr/Desktop/new_perception/new_eufs_ws/install/eufs_plugins/share/eufs_plugins/package.zsh'
[53.843s] [34mcolcon.colcon_core.environment[0m [1;30mLevel 1[0m create_file_with_runtime_dependencies(/home/alr/Desktop/new_perception/new_eufs_ws/install/eufs_plugins/share/colcon-core/packages/eufs_plugins)
[53.843s] [34mcolcon.colcon_core.environment[0m [1;30mLevel 1[0m create_environment_scripts_only(eufs_plugins)
[53.843s] [34mcolcon.colcon_core.environment[0m [1;30mLevel 1[0m checking '/home/alr/Desktop/new_perception/new_eufs_ws/install/eufs_plugins' for CMake module files
[53.843s] [34mcolcon.colcon_core.environment[0m [1;30mLevel 1[0m checking '/home/alr/Desktop/new_perception/new_eufs_ws/install/eufs_plugins' for CMake config files
[53.843s] [34mcolcon.colcon_core.shell[0m [1;30mLevel 1[0m create_environment_hook('eufs_plugins', 'cmake_prefix_path')
[53.844s] [34mcolcon.colcon_core.shell[0m [1;30mINFO[0m Creating environment hook '/home/alr/Desktop/new_perception/new_eufs_ws/install/eufs_plugins/share/eufs_plugins/hook/cmake_prefix_path.ps1'
[53.844s] [34mcolcon.colcon_core.shell[0m [1;30mINFO[0m Creating environment descriptor '/home/alr/Desktop/new_perception/new_eufs_ws/install/eufs_plugins/share/eufs_plugins/hook/cmake_prefix_path.dsv'
[53.844s] [34mcolcon.colcon_core.shell[0m [1;30mINFO[0m Creating environment hook '/home/alr/Desktop/new_perception/new_eufs_ws/install/eufs_plugins/share/eufs_plugins/hook/cmake_prefix_path.sh'
[53.844s] [34mcolcon.colcon_core.environment[0m [1;30mLevel 1[0m checking '/home/alr/Desktop/new_perception/new_eufs_ws/install/eufs_plugins/lib'
[53.844s] [34mcolcon.colcon_core.shell[0m [1;30mLevel 1[0m create_environment_hook('eufs_plugins', 'ld_library_path_lib')
[53.844s] [34mcolcon.colcon_core.shell[0m [1;30mINFO[0m Creating environment hook '/home/alr/Desktop/new_perception/new_eufs_ws/install/eufs_plugins/share/eufs_plugins/hook/ld_library_path_lib.ps1'
[53.844s] [34mcolcon.colcon_core.shell[0m [1;30mINFO[0m Creating environment descriptor '/home/alr/Desktop/new_perception/new_eufs_ws/install/eufs_plugins/share/eufs_plugins/hook/ld_library_path_lib.dsv'
[53.845s] [34mcolcon.colcon_core.shell[0m [1;30mINFO[0m Creating environment hook '/home/alr/Desktop/new_perception/new_eufs_ws/install/eufs_plugins/share/eufs_plugins/hook/ld_library_path_lib.sh'
[53.845s] [34mcolcon.colcon_core.environment[0m [1;30mLevel 1[0m checking '/home/alr/Desktop/new_perception/new_eufs_ws/install/eufs_plugins/bin'
[53.845s] [34mcolcon.colcon_core.environment[0m [1;30mLevel 1[0m checking '/home/alr/Desktop/new_perception/new_eufs_ws/install/eufs_plugins/lib/pkgconfig/eufs_plugins.pc'
[53.845s] [34mcolcon.colcon_core.environment[0m [1;30mLevel 1[0m checking '/home/alr/Desktop/new_perception/new_eufs_ws/install/eufs_plugins/lib/python3.10/site-packages'
[53.845s] [34mcolcon.colcon_core.environment[0m [1;30mLevel 1[0m checking '/home/alr/Desktop/new_perception/new_eufs_ws/install/eufs_plugins/bin'
[53.845s] [34mcolcon.colcon_core.shell[0m [1;30mINFO[0m Creating package script '/home/alr/Desktop/new_perception/new_eufs_ws/install/eufs_plugins/share/eufs_plugins/package.ps1'
[53.846s] [34mcolcon.colcon_core.shell[0m [1;30mINFO[0m Creating package descriptor '/home/alr/Desktop/new_perception/new_eufs_ws/install/eufs_plugins/share/eufs_plugins/package.dsv'
[53.846s] [34mcolcon.colcon_core.shell[0m [1;30mINFO[0m Creating package script '/home/alr/Desktop/new_perception/new_eufs_ws/install/eufs_plugins/share/eufs_plugins/package.sh'
[53.846s] [34mcolcon.colcon_core.shell[0m [1;30mINFO[0m Creating package script '/home/alr/Desktop/new_perception/new_eufs_ws/install/eufs_plugins/share/eufs_plugins/package.bash'
[53.846s] [34mcolcon.colcon_core.shell[0m [1;30mINFO[0m Creating package script '/home/alr/Desktop/new_perception/new_eufs_ws/install/eufs_plugins/share/eufs_plugins/package.zsh'
[53.846s] [34mcolcon.colcon_core.environment[0m [1;30mLevel 1[0m create_file_with_runtime_dependencies(/home/alr/Desktop/new_perception/new_eufs_ws/install/eufs_plugins/share/colcon-core/packages/eufs_plugins)
[53.846s] [34mcolcon.colcon_parallel_executor.executor.parallel[0m [1;30mDEBUG[0m [32mclosing loop[0m
[53.847s] [34mcolcon.colcon_parallel_executor.executor.parallel[0m [1;30mDEBUG[0m [32mloop closed[0m
[53.847s] [34mcolcon.colcon_parallel_executor.executor.parallel[0m [1;30mDEBUG[0m [32mrun_until_complete finished with '0'[0m
[53.847s] [34mcolcon.colcon_core.event_reactor[0m [1;30mDEBUG[0m [32mjoining thread[0m
[53.851s] [34mcolcon.colcon_core.plugin_system[0m [1;30mINFO[0m Skipping extension 'colcon_notification.desktop_notification.terminal_notifier': Not used on non-Darwin systems
[53.851s] [34mcolcon.colcon_core.plugin_system[0m [1;30mINFO[0m Skipping extension 'colcon_notification.desktop_notification.win32': Not used on non-Windows systems
[53.851s] [34mcolcon.colcon_notification.desktop_notification[0m [1;30mINFO[0m Sending desktop notification using 'notify2'
[53.862s] [34mcolcon.colcon_core.event_reactor[0m [1;30mDEBUG[0m [32mjoined thread[0m
[53.862s] [34mcolcon.colcon_core.shell[0m [1;30mINFO[0m Creating prefix script '/home/alr/Desktop/new_perception/new_eufs_ws/install/local_setup.ps1'
[53.863s] [34mcolcon.colcon_core.shell[0m [1;30mINFO[0m Creating prefix util module '/home/alr/Desktop/new_perception/new_eufs_ws/install/_local_setup_util_ps1.py'
[53.863s] [34mcolcon.colcon_core.shell[0m [1;30mINFO[0m Creating prefix chain script '/home/alr/Desktop/new_perception/new_eufs_ws/install/setup.ps1'
[53.864s] [34mcolcon.colcon_core.shell[0m [1;30mINFO[0m Creating prefix script '/home/alr/Desktop/new_perception/new_eufs_ws/install/local_setup.sh'
[53.864s] [34mcolcon.colcon_core.shell[0m [1;30mINFO[0m Creating prefix util module '/home/alr/Desktop/new_perception/new_eufs_ws/install/_local_setup_util_sh.py'
[53.864s] [34mcolcon.colcon_core.shell[0m [1;30mINFO[0m Creating prefix chain script '/home/alr/Desktop/new_perception/new_eufs_ws/install/setup.sh'
[53.865s] [34mcolcon.colcon_core.shell[0m [1;30mINFO[0m Creating prefix script '/home/alr/Desktop/new_perception/new_eufs_ws/install/local_setup.bash'
[53.865s] [34mcolcon.colcon_core.shell[0m [1;30mINFO[0m Creating prefix chain script '/home/alr/Desktop/new_perception/new_eufs_ws/install/setup.bash'
[53.866s] [34mcolcon.colcon_core.shell[0m [1;30mINFO[0m Creating prefix script '/home/alr/Desktop/new_perception/new_eufs_ws/install/local_setup.zsh'
[53.866s] [34mcolcon.colcon_core.shell[0m [1;30mINFO[0m Creating prefix chain script '/home/alr/Desktop/new_perception/new_eufs_ws/install/setup.zsh'
